frame,visible,iou,blobs,gt_cx,gt_cy,gt_r,det,det_cx,det_cy,est_cx,est_cy,det_err,est_err,hit,state,cmd,gt_cmd,dx,gt_dx,yaw_ok,heave_ok,surge_ok,scenario
0,True,0.8580750407830342,0,409.7219860679131,230.39999999999998,14.0,True,409.3933197000681,229.99318336741646,409.3933197000681,229.99318336741646,0.5229926901009473,0.5229926901009473,True,TRACKING,RIGHT + FORWARD,RIGHT + FORWARD,0.2793541240627128,0.2803812064622285,True,True,True,clear
1,True,0.866231647634584,0,415.4659554431149,235.88722116606954,14.003728380927626,True,415.215249662618,235.4207152496626,412.30428468134306,232.70694930853955,0.5296047190284753,4.484449920964698,True,TRACKING,RIGHT + FORWARD,RIGHT + FORWARD,0.28845088962919707,0.2983311107597341,True,True,True,clear
2,True,0.8694942903752039,0,421.13915865897377,241.36382932953273,14.014911888319407,True,420.75042045072314,240.8964009418096,416.5273525660331,236.80167512517457,0.6079528700510997,6.487064545942781,True,TRACKING,RIGHT + FORWARD,RIGHT + FORWARD,0.30164797676885335,0.31605987080929304,True,True,True,clear
3,True,0.8727569331158238,0,426.737390333572,246.81923201471687,14.033545616719383,True,426.42847571189276,246.44958123953097,421.4779141389629,241.62562818235278,0.4817363792394986,7.391590533113097,True,TRACKING,RIGHT + FORWARD,RIGHT + FORWARD,0.31711848168425905,0.3335543447924126,True,True,True,clear
4,True,0.8727569331158238,0,432.2565006592334,252.24287776011445,14.059621392758427,True,431.78915662650604,251.789156626506,426.63353538273446,246.7073924044294,0.6513626578249481,7.890458581332018,True,TRACKING,RIGHT + FORWARD,RIGHT + FORWARD,0.3332297980710452,0.3508015645601043,True,True,True,clear
5,True,0.8794788273615635,0,437.69239847865555,257.6242765262885,14.093127778739355,True,437.3210978835979,257.2258597883598,431.9773166331662,251.9666260963946,0.5446099787480299,8.041838650925577,True,TRACKING,RIGHT + FORWARD,RIGHT + FORWARD,0.3499291144786444,0.3677887452457986,True,True,True,clear
6,True,0.8907014681892332,0,443.04105431756693,262.9530199849791,14.134050077653876,True,442.61198428290766,262.4548133595285,437.2946504580369,257.21071972796153,0.6575035637054808,8.123741106077018,True,TRACKING,RIGHT + FORWARD,RIGHT + FORWARD,0.3665457826813654,0.38450329474239664,True,True,True,clear
7,True,0.8955954323001631,0,448.29850337166016,268.2188016501702,14.182370339629198,True,447.98238747553813,267.7495107632094,442.6385189667875,262.48011524558547,0.5658296531337557,8.060269543480983,True,TRACKING,RIGHT + FORWARD,RIGHT + DOWN + FORWARD,0.38324537177121093,0.400932823036438,True,False,True,clear
8,True,0.9086460032626428,0,453.4608484455864,273.4114368121798,14.238067369801415,True,453.1040462427746,272.95728965960177,447.8712826047811,267.7187024525936,0.5775443256807872,7.97812451504178,True,TRACKING,RIGHT + DOWN + FORWARD,RIGHT + DOWN + FORWARD,0.39959775813994086,0.41706515139245753,True,True,True,clear
9,True,0.8726114649681529,0,458.52426284183474,278.5208822362191,14.301116737612292,True,458.16428344455034,278.02414998411183,453.01778302466573,272.8714262183527,0.613455863736596,7.889085705878492,True,TRACKING,RIGHT + DOWN + FORWARD,RIGHT + DOWN + FORWARD,0.4156805719520804,0.4328883213807336,True,True,True,clear
10,True,0.9032258064516129,0,463.4849931973521,283.53725558732106,14.371490787525303,True,463.10795454545456,283.0672348484849,458.0628687850601,277.96933053341877,0.6025592418682266,7.771822344099564,True,TRACKING,RIGHT + DOWN + FORWARD,RIGHT + DOWN + FORWARD,0.43144646495331285,0.44839060374172524,True,True,True,clear
11,True,0.9429037520391517,0,468.3393622658033,288.4508545440668,14.449158651156274,True,467.9511893728761,287.9817732468335,463.0070290789681,282.9755518901261,0.6088640720370309,7.642821230911627,True,TRACKING,RIGHT + DOWN + FORWARD,RIGHT + DOWN + FORWARD,0.44689696587177535,0.4635605070806353,True,True,True,clear
12,True,0.9461663947797716,0,473.08377164340726,293.25217556414293,14.534086260813272,True,472.79359211337027,292.794516327788,467.9003105961692,287.88503410895703,0.5419004855814891,7.4615330749256294,True,TRACKING,RIGHT + DOWN + FORWARD,RIGHT + DOWN + FORWARD,0.4621884706130288,0.4783867863856477,True,True,True,clear
13,True,0.9142857142857143,0,477.7147044363307,297.93193226543406,14.62623636443981,True,477.2726179741508,297.39885782987676,472.58646428516,292.6419459694169,0.6925379367857373,7.3676863437668585,True,TRACKING,RIGHT + DOWN + FORWARD,RIGHT + DOWN + FORWARD,0.47683270089112495,0.4928584513635334,True,True,True,clear
14,True,0.9624796084828712,0,482.2287278676595,302.481073387099,14.725568541954857,True,481.88445251058675,301.9869933454325,477.23545839787334,297.3144696574247,0.6021964870876653,7.185160686956326,True,TRACKING,RIGHT + DOWN + FORWARD,RIGHT + DOWN + FORWARD,0.4913608074933542,0.5069647745864359,True,True,True,clear
15,True,0.9212598425196851,0,486.62249582201724,306.8908002958915,14.83203922298239,True,486.28223201174734,306.43201174743024,481.7588452048103,301.87324070242744,0.5711973326080749,6.987918259411778,True,TRACKING,RIGHT + DOWN + FORWARD,RIGHT + DOWN + FORWARD,0.5054963912650322,0.5206952994438039,True,True,True,clear
16,True,0.9401574803149606,0,490.89275132594446,311.15258400386665,14.945601705962822,True,490.4444444444444,310.667530224525,486.10164482462733,306.27038546347626,0.6604969559762585,6.840362862798533,True,TRACKING,RIGHT + DOWN + FORWARD,RIGHT + DOWN + FORWARD,0.5190676400769604,0.5340398478935764,True,True,True,clear
17,True,0.8843441466854725,0,495.0363289621986,315.25818166455787,15.066206178637843,True,494.5374787052811,314.6967632027257,490.3195617649542,310.483574333101,0.7510274749385728,6.711539909931438,True,TRACKING,RIGHT + DOWN + FORWARD,RIGHT + DOWN + FORWARD,0.5322486305154819,0.5469885280068706,True,True,True,clear
18,True,0.8956276445698167,0,499.05015721618696,319.19965251571875,15.193799739899726,True,498.55228483319314,318.64564059433695,494.4359232990737,314.56460746371897,0.7448530853672407,6.54024443548604,True,TRACKING,RIGHT + DOWN + FORWARD,RIGHT + DOWN + FORWARD,0.5451122603096052,0.5595317413005843,True,True,True,clear
19,True,0.9055007052186178,0,502.93126075279145,322.9693732377946,15.328326422995492,True,502.4250484898863,322.4017733444167,498.43048589448,318.48319040406784,0.7605396071725408,6.354747102980047,True,TRACKING,RIGHT + DOWN + FORWARD,RIGHT + DOWN + FORWARD,0.55759526842025,0.5716601898524732,True,True,True,clear
20,True,0.8914835164835165,0,506.6767626218993,326.5600526984185,15.469727220075786,True,506.2208931419458,326.06539074960125,502.3256895182129,322.2742905768346,0.6726867223014898,6.107339364766477,True,TRACKING,RIGHT + DOWN + FORWARD,RIGHT + DOWN + FORWARD,0.5697677797444154,0.5833648831934353,True,True,True,clear
21,True,0.9481065918653576,0,510.28388639100257,329.96474605441364,15.617940108077669,True,509.85695640824844,329.453667449752,506.0913229632307,325.86397901329326,0.665935845496641,5.864629435985644,True,TRACKING,RIGHT + DOWN + FORWARD,RIGHT + DOWN + FORWARD,0.581535384260096,0.594637144971883,True,True,True,clear
22,True,0.93646408839779,0,513.7499582032876,333.17686818402774,15.77290007592998,True,513.3922171018945,332.6705069124424,509.7417700325626,329.26724296286784,0.6199842199503647,5.599173312362243,True,TRACKING,RIGHT + DOWN + FORWARD,RIGHT + DOWN + FORWARD,0.5929430313517582,0.6054686193852739,True,True,True,clear
23,True,0.9559228650137741,0,517.0724087596885,336.1902064234184,15.93453915306935,True,516.6182634730538,335.6706586826347,513.1800167528082,332.46895082275125,0.6900563718464565,5.385021706615681,True,TRACKING,RIGHT + DOWN + FORWARD,RIGHT + DOWN + FORWARD,0.6036875523525257,0.6158512773740267,True,True,True,clear
24,True,0.9084065244667503,0,520.248775223434,338.99893258275677,16.10278643925432,True,519.7802251590798,338.5396475770925,516.480120955944,335.5042991999219,0.6561111790194695,5.139573666005222,True,TRACKING,RIGHT + DOWN + FORWARD,RIGHT + DOWN + FORWARD,0.6140003779873251,0.6257774225732312,True,True,True,clear
25,True,0.9190535491905355,0,523.2767030456769,341.5976142187083,16.27756813566454,True,522.856768974542,341.08612895550795,519.668444965243,338.29521407771495,0.6617868226030755,4.8913569759576285,True,TRACKING,RIGHT + DOWN + FORWARD,RIGHT + DOWN + FORWARD,0.6239638905163843,0.6352396970177402,True,True,True,clear
26,True,0.9448621553884712,0,526.153947710854,343.9812251414874,16.458807577271386,True,525.767229254571,343.41373652133143,522.717837109907,340.8544752995232,0.6867273829085705,4.645796017494074,True,TRACKING,RIGHT + DOWN + FORWARD,RIGHT + DOWN + FORWARD,0.6334932409684594,0.6442310865964188,True,True,True,clear
27,True,0.940959409594096,0,528.8783764004808,346.1451551361657,16.646425266465744,True,528.356641774157,345.560986648563,525.5372394420319,343.2077309740431,0.7832367727662333,4.448781505461298,True,TRACKING,RIGHT + DOWN + FORWARD,RIGHT + DOWN + FORWARD,0.6423038732563497,0.6527449262515024,True,True,True,clear
28,True,0.9604938271604938,0,531.4479695741472,348.0852188794295,16.84033890792831,True,530.9457104557641,347.5127345844504,528.241474948898,345.36023277924676,0.761578945347527,4.20798728942247,True,TRACKING,RIGHT + DOWN + FORWARD,RIGHT + DOWN + FORWARD,0.6507546092153064,0.6607749049192101,True,True,True,clear
29,True,0.8990011098779135,0,533.860822466546,349.79766403454204,17.04046344472703,True,533.4203182908219,349.2873337693481,530.8308966198599,347.3237832742974,0.6741519920635588,3.9115900414441303,True,TRACKING,RIGHT + DOWN + FORWARD,RIGHT + DOWN + FORWARD,0.6588465519370622,0.6683150702079562,True,True,True,clear
30,True,0.93007769145394,0,536.1151464994192,351.27917850885314,17.246711095625894,True,535.6565592756369,350.6887765845441,533.2437279477484,349.00627992942077,0.7475805468604446,3.662118574167802,True,TRACKING,RIGHT + DOWN + FORWARD,RIGHT + DOWN + FORWARD,0.6663866498367138,0.675359832810685,True,True,True,clear
31,True,0.9161220043572985,0,538.2092706073807,352.5268968598189,17.458991393588665,True,537.7666872047648,351.92010679811045,535.5052075762567,350.46319336376564,0.7510487649009568,3.4015921266245885,True,TRACKING,RIGHT + DOWN + FORWARD,RIGHT + DOWN + FORWARD,0.6734537736758022,0.6819039706480648,True,True,True,clear
32,True,0.9223300970873787,0,540.1416424766278,353.53840583714197,17.677211225460724,True,539.7172565486902,352.9488102379524,537.6112320624734,351.706001800859,0.7264477864342062,3.124208926471982,True,TRACKING,RIGHT + DOWN + FORWARD,RIGHT + DOWN + FORWARD,0.6800351001952294,0.6879426327394619,True,True,True,clear
33,True,0.9491891891891892,0,541.9108296956272,354.31174905031276,17.901274872811584,True,541.4097913009557,353.72244977569727,539.5105116817145,352.7142257882781,0.7735070187123697,2.8833326448149013,True,TRACKING,RIGHT + DOWN + FORWARD,RIGHT + DOWN + FORWARD,0.6859703490053579,0.6934713427988349,True,True,True,clear
34,True,0.90748031496063,0,543.5155208169205,354.84543075252463,18.13108405392014,True,543.0945075757576,354.3272727272727,541.3025096287361,353.5207492577754,0.6676375426587735,2.579185836957166,True,TRACKING,RIGHT + DOWN + FORWARD,RIGHT + DOWN + FORWARD,0.6915703425898002,0.6984860025528764,True,True,True,clear
35,True,0.931615460852329,0,544.9545263292617,355.1384187336433,18.366537966884298,True,544.483164983165,354.50112233445566,542.8928373059505,354.0109357961155,0.7926715707098524,2.3498466765426125,True,TRACKING,RIGHT + DOWN + FORWARD,RIGHT + DOWN + FORWARD,0.6965401165810953,0.7029828947789429,True,True,True,clear
36,True,0.9663032705649157,0,546.2267795393684,355.19014631663623,18.607533333836002,True,545.7903371191635,354.673697494141,544.341587212557,354.3423166451282,0.6761666750225499,2.0670668254698583,True,TRACKING,RIGHT + DOWN + FORWARD,RIGHT + DOWN + FORWARD,0.7010674600392406,0.7069586860605263,True,True,True,clear
37,True,0.9591041869522883,0,547.3313373626303,355.0005134536001,18.853964446242344,True,546.7882764654418,354.44916885389324,545.5649318389994,354.39574274951076,0.7738837158650607,1.867066168735937,True,TRACKING,RIGHT + DOWN + FORWARD,RIGHT + DOWN + FORWARD,0.7048904119968732,0.7104104292582196,True,True,True,clear
38,True,0.9133510167992926,0,548.2673810221906,354.5698869192663,19.10572321127279,True,547.7264566395663,353.9806910569106,546.6456942392829,354.1882169032107,0.7998443298133779,1.6659952049791955,True,TRACKING,RIGHT + DOWN + FORWARD,RIGHT + DOWN + FORWARD,0.708267794497759,0.7133355656943458,True,True,True,clear
39,True,0.9354553492484527,0,549.0342166558819,353.8990996016108,19.362699199212294,True,548.5791997354496,353.32556216931215,547.6124469873662,353.7568895362614,0.7321103633520306,1.4288641268497013,True,TRACKING,RIGHT + DOWN + FORWARD,RIGHT + DOWN + FORWARD,0.7112888968355193,0.715731927049631,True,True,True,clear
40,True,0.9263431542461005,0,549.6312758305658,352.98944889094037,19.62477969189941,True,549.0891342614817,352.332853256521,548.350790624424,353.04487139639116,0.8514900516550291,1.2816840551627056,True,TRACKING,RIGHT + DOWN + FORWARD,RIGHT + DOWN + FORWARD,0.713596220701325,0.717597736970518,True,True,True,clear
41,True,0.94229112833764,0,550.0581159634966,351.8426941705694,19.891849732168208,True,549.5429681429681,351.2467754467754,548.9468793836961,352.14582342158326,0.7877159401481518,1.1518394328667558,True,TRACKING,RIGHT + DOWN + FORWARD,RIGHT + DOWN + FORWARD,0.7154589980740503,0.7189316123859267,True,True,True,clear
42,True,0.9180588703261734,0,550.3144206503947,350.46105341394355,20.163792174272277,True,549.7736850083371,349.78778232529936,549.3602821960167,350.96680287344134,0.8635328560023462,1.0798901360347837,True,TRACKING,RIGHT + DOWN + FORWARD,RIGHT + DOWN + FORWARD,0.7167508818625521,0.7197325645324835,True,True,True,clear
43,True,0.943695479777954,0,550.399999899988,348.8471988947888,20.440487735268725,True,549.8844463971881,348.21631517281776,549.6223642966024,349.59155902312955,0.8147451656176041,1.0764706834448645,True,TRACKING,RIGHT + DOWN + FORWARD,RIGHT + DOWN + FORWARD,0.7175698884268826,0.7199999996874624,True,True,True,clear
44,True,0.9549407114624506,0,550.3147902748469,347.00425201858525,20.721815047339625,True,549.7661927330173,346.3224184977739,549.6942785148099,347.95698876045174,0.8751321117428328,1.1369881897568956,True,TRACKING,RIGHT + DOWN + FORWARD,RIGHT + DOWN + FORWARD,0.7177946203587808,0.7197337196088966,True,True,True,clear
45,True,0.9184268026219956,0,550.0588549384092,344.93577728536087,21.007650711027956,True,549.499100594991,344.3484156634841,549.5966895549004,346.15270221196795,0.8113683502758263,1.3017308165329324,True,TRACKING,RIGHT + DOWN + FORWARD,RIGHT + DOWN + FORWARD,0.7174896548590638,0.7189339216825289,True,True,True,clear
46,True,0.9131994261119082,0,549.632383608158,342.64577539548316,21.29786934936466,True,549.0525464834276,342.01091350040423,549.3246180191641,344.08180785618606,0.8598027198368211,1.4686418508136019,True,TRACKING,RIGHT + DOWN + FORWARD,RIGHT + DOWN + FORWARD,0.7166394313098877,0.7176011987754937,True,True,True,clear
47,True,0.9615105301379812,0,549.03569241499,340.1386755117814,21.59234366286315,True,548.5511811023622,339.5251968503937,548.9378995607631,341.8035023532899,0.7817335096069205,1.6676965714856558,True,TRACKING,RIGHT + DOWN + FORWARD,RIGHT + DOWN + FORWARD,0.7154309361273846,0.7157365387968436,True,True,True,clear
48,True,0.981159420289855,0,548.2692236688772,337.4193266929678,21.89094448535706,True,547.7238643634037,336.8450415866922,548.3308819620834,339.32427196999106,0.7919723198171266,1.9059428778361571,True,TRACKING,RIGHT + DOWN + FORWARD,RIGHT + DOWN + FORWARD,0.7135340061315105,0.7133413239652413,True,True,True,clear
49,True,0.926829268292683,0,547.3335455309943,334.4929885149238,22.193540840656787,True,546.7697262479871,333.7475535736405,547.5503041050353,336.5359127718158,0.9346472252014583,2.0543913450990523,True,TRACKING,RIGHT + DOWN + FORWARD,RIGHT + DOWN + FORWARD,0.7110947003282352,0.7104173297843573,True,True,True,clear
50,True,0.9531970995385629,0,546.2293515925583,331.3653208979934,22.5,True,545.7258510766269,330.6803801275111,546.638077590831,333.6081464496634,0.8500921294848084,2.2797638906009556,True,TRACKING,RIGHT + DOWN + FORWARD,RIGHT + DOWN + FORWARD,0.708243992471347,0.7069667237267445,True,True,True,clear
51,True,0.9499675113710201,0,544.9574603606886,328.0423731599582,22.810187540270842,True,544.3723491505565,327.35618043350905,545.5052133706938,330.48216344158624,0.9017846672315829,2.500521941174778,True,TRACKING,RIGHT + DOWN + FORWARD,RIGHT + DOWN + FORWARD,0.7047037917834181,0.7029920636271519,True,True,True,clear
52,True,0.9066985645933014,0,543.5188146516716,324.53057231586575,23.12396740296235,True,542.9603848330504,323.80633842671193,544.2327991018722,327.1442509341491,0.914526428554255,2.7094445399010807,True,TRACKING,RIGHT + DOWN + FORWARD,RIGHT + DOWN + FORWARD,0.7007274971933505,0.6984962957864738,True,True,True,clear
53,True,0.9403973509933775,0,541.914480892078,320.83671064734347,23.441201953856233,True,541.406104844061,320.2100199071002,542.8194519729666,323.67713542062467,0.8069618888795256,2.981104753260808,True,TRACKING,RIGHT + DOWN + FORWARD,RIGHT + DOWN + FORWARD,0.6963107874155205,0.6934827527877439,True,True,True,clear
54,True,0.9563135846798324,0,540.1456483282515,316.96793256543805,23.761752043393763,True,539.5863143194757,316.2847781716618,541.2028831462212,319.98095679614323,0.8829238127431748,3.1931270684305826,True,TRACKING,RIGHT + DOWN + FORWARD,RIGHT + DOWN + FORWARD,0.6912590098319413,0.6879551510257859,True,True,True,clear
55,True,0.9286112660345789,0,538.213628144755,312.9317207923918,24.085477067711395,True,537.6250911743252,312.26049807231425,539.4139871602732,316.12072743422874,0.8927013529232357,3.407436738637418,True,TRACKING,RIGHT + DOWN + FORWARD,RIGHT + DOWN + FORWARD,0.6856687098758538,0.6819175879523595,True,True,True,clear
56,True,0.9412742382271468,0,536.1198524924273,308.73588188907945,24.41223503031425,True,535.5524822695035,308.041641337386,537.4832347148883,312.0811843858074,0.8965929474830044,3.6124589795784385,True,TRACKING,RIGHT + DOWN + FORWARD,RIGHT + DOWN + FORWARD,0.6796351084840261,0.6753745390388353,True,True,True,clear
57,True,0.9553719008264463,0,533.865873426771,304.3885311561002,24.74188260436047,True,533.2299190842707,303.7198539569765,535.3565768995795,307.9005191713919,0.9228039457939747,3.8152662637614,True,TRACKING,RIGHT + DOWN + FORWARD,RIGHT + DOWN + FORWARD,0.672989302811186,0.6683308544586595,True,True,True,clear
58,True,0.9214686384497706,0,531.4533617574582,299.8980769377259,25.07427519552914,True,530.8753473220273,299.26281498514896,533.1159621108034,303.58166707827047,0.8588704418934797,4.041420079435053,True,TRACKING,RIGHT + DOWN + FORWARD,RIGHT + DOWN + FORWARD,0.6659873815962605,0.6607917554920568,True,True,True,clear
59,True,0.9418663946965834,0,528.8841058098076,295.27320435906455,25.409267005444086,True,528.3261154855643,294.52137232845894,530.7210387981838,299.0515197033647,0.936271650854437,4.201189075102295,True,TRACKING,RIGHT + DOWN + FORWARD,RIGHT + DOWN + FORWARD,0.6585032462443244,0.6527628306556487,True,True,True,clear
60,True,0.9398194583751254,0,526.1600100991509,290.5228585278941,25.746711095625894,True,525.6108843537415,289.8580498866213,528.1659615759627,294.454784794993,0.8622700353035168,4.414055447910198,True,TRACKING,RIGHT + DOWN + FORWARD,RIGHT + DOWN + FORWARD,0.6505186299248834,0.6442500315598465,True,True,True,clear
61,True,0.917963224893918,0,523.2830939190701,285.65622723365493,26.086459451943984,True,522.6312189054726,284.9064498933902,525.3985902407176,289.68061734419155,0.9935326332472808,4.546541592099305,True,TRACKING,RIGHT + DOWN + FORWARD,RIGHT + DOWN + FORWARD,0.6418705945022424,0.635259668497094,True,True,True,clear
62,True,0.9417566932832315,0,520.2554898445534,280.6827231770651,26.428363049540486,True,519.6744764847236,279.9835221421215,522.5365333627205,284.8320697431565,0.9090976908819218,4.735001209852764,True,TRACKING,RIGHT + DOWN + FORWARD,RIGHT + DOWN + FORWARD,0.6329266667585017,0.6257984057642293,True,True,True,clear
63,True,0.9402224281742354,0,517.0794421511795,275.6119657647273,26.772271918197468,True,516.4560963371802,274.88936276969395,519.4963148499503,279.86071625642523,0.9543139380003064,4.888062436463671,True,TRACKING,RIGHT + DOWN + FORWARD,RIGHT + DOWN + FORWARD,0.6234259839060947,0.6158732567224359,True,True,True,clear
64,True,0.9239842726081258,0,513.7573051514995,270.45376250393974,27.118035208118854,True,513.1891582986366,269.7172830435137,516.3427365742934,274.78899964996947,0.9301574286363977,5.04764665505483,True,TRACKING,RIGHT + DOWN + FORWARD,RIGHT + DOWN + FORWARD,0.613571051794667,0.6054915785984359,True,True,True,clear
65,True,0.9475753604193972,0,510.2915414498546,265.2180900336958,27.465501256098094,True,509.6514717581543,264.44224343675415,512.9971041662238,269.61562154336184,1.0057967748105143,5.163172763980802,True,TRACKING,RIGHT + DOWN + FORWARD,RIGHT + DOWN + FORWARD,0.6031159505194494,0.5946610670307957,True,True,True,clear
66,True,0.944563816072196,0,506.68472011691733,259.9150748285608,27.81451765204268,True,506.0741340739026,259.2386793180591,509.5356191200632,264.42715043071047,0.9112223672360519,5.337270029298889,True,TRACKING,RIGHT + DOWN + FORWARD,RIGHT + FORWARD,0.5922988097501974,0.5833897503653667,True,False,True,clear
67,True,0.9288039056143206,0,502.9395147853138,254.55497361274735,28.16493130582626,True,502.3371768784384,253.85236264978522,505.9363979992508,259.13975654024784,0.925458329333954,5.477366473979752,True,TRACKING,RIGHT + FORWARD,RIGHT + FORWARD,0.5810512437476587,0.5716859837041056,True,True,True,clear
68,True,0.9547492865878516,0,499.0587016677374,249.1481535222705,28.516588514439,True,498.4824793875147,248.3933303886926,502.2094386933827,253.7665434644702,0.9496262839714642,5.590766446828525,True,TRACKING,RIGHT + FORWARD,RIGHT + FORWARD,0.569404495916821,0.5595584427116794,True,True,True,clear
69,True,0.94673608329996,0,495.04515749902157,243.70507205355244,28.869335029406827,True,494.39094031773294,242.92471733218832,498.3001895055578,248.34563039832926,1.0183091924599876,5.668334421578621,True,TRACKING,RIGHT + FORWARD,RIGHT + FORWARD,0.5571880922048681,0.5470161171844424,True,True,True,clear
70,True,0.9395207303157094,0,490.9018574037004,238.2362568372583,29.22301612444989,True,490.28723849372386,237.49379358437935,494.29371399964083,242.9197119913543,0.9638506556393106,5.782684787177403,True,TRACKING,RIGHT + FORWARD,RIGHT + FORWARD,0.5446678562488776,0.5340683043865637,True,True,True,clear
71,True,0.9361142427658775,0,486.63187269063326,232.75228527648298,29.577476663350634,True,485.9329101829101,231.93782418782416,490.1133120912755,237.42876808958923,1.0732639247370253,5.830086774793507,True,TRACKING,RIGHT + FORWARD,RIGHT + FORWARD,0.5316041002852359,0.5207246021582289,True,True,True,clear
72,True,0.975766755017039,0,482.2383685763333,227.2637640886715,29.93256116800167,True,481.6402738997473,226.53709613083367,485.8767929955114,231.98293211021144,0.9411501278269779,5.958915930737438,True,TRACKING,RIGHT + FORWARD,RIGHT + FORWARD,0.518364978110973,0.5069949018010416,True,True,True,clear
73,True,0.9362606232294618,0,477.72460183868304,221.78130879084213,30.288113886603607,True,477.13989603638726,221.0018843404808,481.5083445159493,226.49240822534614,0.9743630478725079,6.042447064687463,True,TRACKING,RIGHT + FORWARD,RIGHT + FORWARD,0.5047135766123416,0.4928893807458845,True,True,True,clear
74,True,0.9578163771712159,0,473.0939184027793,216.31552316778948,30.64397886198293,True,472.4101584876838,215.49576729679842,476.95925150181654,220.99408776107228,1.0674864446519714,6.068753300310716,True,TRACKING,RIGHT + FORWARD,RIGHT + FORWARD,0.4904976609431767,0.47841849500868533,True,True,True,clear
75,True,0.9611344537815126,0,468.34975086069494,210.87697876297918,30.999999999999996,True,467.7725417439703,210.09486703772416,472.3658966228934,215.5444773993982,0.9720437825589088,6.157513321479542,True,TRACKING,RIGHT + UP + FORWARD,RIGHT + UP + FORWARD,0.4761434269465418,0.4635929714396717,True,True,True,clear
76,True,0.9490169943352216,0,463.4956159269976,205.47619443180196,31.35602113801707,True,462.8794955346367,204.65333091962347,467.62269607876505,210.09890415951082,1.0279633736459806,6.196953752108144,True,TRACKING,RIGHT + UP + FORWARD,RIGHT + UP + FORWARD,0.46132092524614077,0.4484237997718674,True,True,True,clear
77,True,0.9456700691471848,0,458.53511183191097,200.12361599673318,31.71188611339639,True,457.8444680725382,199.3660582432512,462.7335820756516,204.732481201381,1.0251256275312113,6.234484009297729,True,TRACKING,RIGHT + UP + FORWARD,RIGHT + UP + FORWARD,0.4460424439864113,0.4329222244747218,True,True,True,clear
78,True,0.9267684636958554,0,453.4719156540498,194.82959604374696,32.06743883199833,True,452.80024255024256,194.00883575883577,457.76691231294706,199.37065848010837,1.0605622111246102,6.250459531176203,True,TRACKING,RIGHT + UP + FORWARD,RIGHT + UP + FORWARD,0.43052160097795955,0.4170997364189056,True,True,True,clear
79,True,0.9468779123951537,0,448.3097805947084,189.6043738990632,32.42252333664936,True,447.7306159115153,188.84975576890685,452.7487641122312,194.1102071245076,0.9512519396136999,6.325117210325647,True,TRACKING,RIGHT + UP + FORWARD,RIGHT + UP + FORWARD,0.41483988785072246,0.40096806435846377,True,True,True,clear
80,True,0.9676616915422885,0,443.0525331957199,184.45805582495217,32.7769838755501,True,442.37504126774513,183.66342027071641,447.5619026899882,188.886813697612,1.0442418189895077,6.320467508854394,True,TRACKING,RIGHT + UP + FORWARD,RIGHT + UP + FORWARD,0.39863094590621306,0.38453916623662465,True,True,True,clear
81,True,0.9372249926664711,0,437.70407050295177,179.40059547290363,33.13066497059317,True,437.0931443603371,178.68368497342567,442.32752352516263,183.78524933551884,0.9419083904455897,6.371931209887414,True,TRACKING,RIGHT + UP + FORWARD,RIGHT + UP + FORWARD,0.3822735110161332,0.36782522032172427,True,True,True,clear
82,True,0.9551188031680845,0,432.26835717753806,174.441774631964,33.48341148556099,True,431.6247959129931,173.64270290198556,436.9761597190778,178.7139761187522,1.0260052294571755,6.357287968453508,True,TRACKING,RIGHT + UP + FORWARD,RIGHT + UP + FORWARD,0.36555049912211823,0.35083861617980644,True,True,True,clear
83,True,0.9451342766387525,0,426.74942255698994,169.59118430947856,33.83506869417374,True,426.0754998969284,168.825345289631,431.5258298080031,173.7696607041916,1.0201378122908054,6.346158775882081,True,TRACKING,RIGHT + UP + FORWARD,RIGHT + UP + FORWARD,0.34851821815000966,0.33359194549059357,True,True,True,clear
84,True,0.9365517241379311,0,421.15135766836477,164.85820618083025,34.18548234795732,True,420.45462808665354,164.01964348836032,425.9902289473283,168.89465209627596,1.0902382763570195,6.3013943601949505,True,TRACKING,RIGHT + UP + FORWARD,RIGHT + UP + FORWARD,0.331219465460401,0.3160979927136399,True,True,True,clear
85,True,0.960551724137931,0,415.4783121957053,160.25199444405413,34.534498743901906,True,414.89687576875764,159.52600246002459,420.443552358043,164.21032727815026,0.9301250880697925,6.3499613144628455,True,TRACKING,RIGHT + UP + FORWARD,RIGHT + UP + FORWARD,0.3138861011188844,0.2983697256115791,True,True,True,clear
86,True,0.948843537414966,0,409.7344914039985,155.78145811442164,34.881964791881146,True,409.0683425360844,154.965707643127,414.7559474470637,159.58801746063864,1.0531871370467278,6.30118360696687,True,TRACKING,RIGHT + UP + FORWARD,RIGHT + UP + FORWARD,0.2961123357720741,0.2804202856374953,True,True,True,clear
87,True,0.9353750324422528,0,403.9241530219341,151.45524379324212,35.227728081802525,True,403.1896887621763,150.5615110477548,408.97281810462,155.07476425419674,1.1568042052213956,6.212080769307561,True,TRACKING,RIGHT + UP + FORWARD,RIGHT + UP + FORWARD,0.2780400565769375,0.26226297819354405,True,True,True,clear
88,True,0.9543213080716325,0,398.05160408577296,147.2817189442054,35.57163695045952,True,397.3674258301895,146.43998882213216,403.1701219674047,150.75737653816446,1.084716314903877,6.187036529311051,True,TRACKING,RIGHT + UP + FORWARD,RIGHT + UP + FORWARD,0.2599066311481398,0.2439112627680405,True,True,True,clear
89,True,0.9751230888831304,0,392.12119774666564,143.26895570961457,35.91354054805602,True,391.50290644868295,142.4975476839237,397.3365142080438,146.62746211104408,0.9886123968782795,6.20315170222082,True,TRACKING,RIGHT + UP + FORWARD,RIGHT + UP + FORWARD,0.2416766069001369,0.22537874295833013,True,True,True,clear
90,True,0.9486799901307673,0,386.13733004378685,139.42471529780786,36.2532889043741,True,385.51900311526475,138.72785936804627,391.42775866165425,142.67766073954516,0.9316310307087602,6.2104982898049235,True,TRACKING,RIGHT + UP + FORWARD,RIGHT + UP + FORWARD,0.22321174581766953,0.2066791563868339,True,True,True,clear
91,True,0.9581898671913428,0,380.1044366456779,135.75643297196757,36.590732994555914,True,379.51443948542925,135.0262098538549,385.4710990735417,138.85193529670005,0.93878775627275,6.195417682212365,True,TRACKING,RIGHT + UP + FORWARD,RIGHT + UP + FORWARD,0.20459718460481788,0.18782636451774337,True,True,True,clear
92,True,0.9710358370152185,0,374.02698956221434,132.27120366934997,36.92572480447086,True,373.3717799853782,131.4036468412678,379.42143952946,135.12779106898392,1.087177280635389,6.104111894523551,True,TRACKING,RIGHT + UP + FORWARD,RIGHT + UP + FORWARD,0.18569199852956242,0.1688343423819198,True,True,True,clear
93,True,0.9454926624737946,0,367.90949382963333,128.97576827874988,37.25811739563952,True,367.275580268756,128.18442225873034,373.34850989910797,131.65610666385714,1.0139402970909759,6.063588843472378,True,TRACKING,RIGHT + UP + FORWARD,RIGHT + UP + FORWARD,0.16671409343471238,0.14971716821760417,True,True,True,clear
94,True,0.9510894761242467,0,361.7564841710811,125.87650060274066,37.58776496968575,True,361.0725358534361,125.02947028102462,367.210522876272,128.34278847244087,1.0886898856496654,5.985742564958068,True,TRACKING,RIGHT + UP + FORWARD,RIGHT + UP + FORWARD,0.14753288398835007,0.1304890130346285,True,True,True,clear
95,True,0.9556423810618249,0,355.5725216351525,122.97939502990786,37.914522932288605,True,354.9593871595331,122.22799124513618,361.08495501790253,125.28538985878853,0.9698152055738711,5.97532709983992,True,TRACKING,RIGHT + UP + FORWARD,RIGHT + UP + FORWARD,0.12839048443094542,0.11116413010985156,True,True,True,clear
96,True,0.9468202969200089,0,349.3621902149176,120.29005494091783,38.23824795660623,True,348.65366770658346,119.42268618510519,354.869311362243,122.35403802194686,1.1199699564613421,5.881191162519144,True,TRACKING,RIGHT + UP + FORWARD,UP + FORWARD,0.10896659800700945,0.09175684442161743,False,True,True,clear
97,True,0.9597434195974341,0,343.13009344994,117.81368187084831,38.558798046143764,True,342.4715082920694,117.03246089758704,348.6704098271562,119.69324945976695,1.0217830587902104,5.850459800815994,True,TRACKING,UP + FORWARD,UP + FORWARD,0.08959503070986319,0.07228154203106243,True,True,True,clear
98,True,0.954535519125683,0,336.8808510138055,115.55506544873937,38.87603259703764,True,336.2181089002005,114.81879531081289,342.4442593636784,117.25602238528992,0.9906163864725489,5.817625543762218,True,TRACKING,UP + FORWARD,UP + FORWARD,0.07013831051149495,0.05275265941814222,True,True,True,clear
99,True,0.9408444816053512,0,330.6190952896916,113.5185741338256,39.18981245972916,True,330.0667878925635,112.78448308519907,336.25552362812095,115.0202527352445,0.9186583307171192,5.833040633855475,True,TRACKING,UP + FORWARD,UP + FORWARD,0.05079851133787798,0.03318467278028621,True,True,True,clear
100,True,0.9525501672240803,0,324.34946793651534,111.70814676636483,39.5,True,323.6655067908856,110.8094062184308,329.9605152095033,112.91482947683764,1.1293969281133631,5.739332248917069,True,TRACKING,UP + FORWARD,UP + FORWARD,0.031126610029697764,0.013592087301610434,True,True,True,clear
101,True,0.9674049310488926,0,318.07661644820485,110.12728494940677,39.80645915934321,True,317.4103837804025,109.28656584611988,323.6854494949529,111.10069766147876,1.072695007109897,5.692674279661199,True,TRACKING,UP + FORWARD,UP + FORWARD,0.011517029671727741,-0.006010573599359859,True,True,True,clear
102,True,0.9402985074626866,0,311.8051907086471,108.77904627623514,40.10905551464295,True,311.1459687906372,108.00762173096372,317.41570914279504,109.55415969622123,1.0147262518688809,5.663807722173868,True,TRACKING,UP + FORWARD,UP + FORWARD,-0.008075908928765507,-0.025608779035477803,True,True,True,clear
103,True,0.9443564356435643,0,305.53983954486256,107.66603841658286,40.40765633713685,True,304.9315390366336,106.83409875752074,311.1736240897143,108.19412922687098,1.030608123697871,5.6584810860973,True,TRACKING,UP + FORWARD,UP + FORWARD,-0.027582424719642874,-0.0451880014223045,True,True,True,clear
104,True,0.9648600357355569,0,299.2852072809638,106.79041407305792,40.70213065063534,True,298.6379521658437,106.04643344889169,304.90578812777903,107.12028133788134,0.9861269457751629,5.630252344965406,True,TRACKING,UP + FORWARD,UP + FORWARD,-0.04716941210069052,-0.06473372724698816,True,True,True,clear
105,True,0.9691027926322044,0,293.0459302954522,106.1538668175356,40.99234928897204,True,292.30695818150264,105.22488287350339,298.60637315464083,106.17258210569236,1.187051369345371,5.56047435497303,True,TRACKING,UP + FORWARD,UP + FORWARD,-0.0668550838917474,-0.0842314678267119,True,True,True,clear
106,True,0.9494392701007413,0,286.82663358440374,105.75762781556901,41.27818495266037,True,286.1730355496363,104.95823515350203,292.38970435213855,105.56540862959719,1.0325788198575225,5.566390624298773,True,TRACKING,UP + FORWARD,LEFT + UP + FORWARD,-0.08628217389956702,-0.10366677004873832,False,True,True,clear
107,True,0.9526504433125825,0,280.6319273330937,105.60246344515407,41.559512264731275,True,280.0299832495812,104.82398659966499,286.20984380085986,105.19469761463108,0.9840543067525835,5.592801184908954,True,TRACKING,LEFT + UP + FORWARD,LEFT + UP + FORWARD,-0.10559423812231294,-0.12302522708408219,True,True,True,clear
108,True,0.9626485568760611,0,274.46640349859854,105.68867381445445,41.836207825727726,True,273.8035939261322,104.82584046150785,280.006718863496,105.01026903806947,1.0880247811102923,5.581695744407882,True,TRACKING,LEFT + UP + FORWARD,LEFT + UP + FORWARD,-0.12497900355157494,-0.14229248906687958,True,True,True,clear
109,True,0.9440723981900453,0,268.33463240591095,106.01609218135306,42.108150267831796,True,267.61346405228755,105.22598039215686,273.81009145789176,105.11812471511317,1.0697478364991944,5.54860319362845,True,TRACKING,LEFT + UP + FORWARD,LEFT + UP + FORWARD,-0.14434346419408825,-0.16145427373152826,True,True,True,clear
110,True,0.9540936200975962,0,262.2411593600896,106.58408527595314,42.37522030810058,True,261.53583518715544,105.81526259793017,267.67296332252363,105.46669365652167,1.0433458195477199,5.54554400554981,True,TRACKING,LEFT + UP + FORWARD,LEFT + UP + FORWARD,-0.16352198961711367,-0.18049637699971993,True,True,True,clear
111,True,0.9625339366515837,0,256.1905012769553,107.39155452540503,42.63730080078771,True,255.40118589743588,106.44753205128204,261.53707460997975,105.95711285390186,1.2305272040857662,5.535654370926106,True,TRACKING,LEFT + UP + FORWARD,LEFT + UP + FORWARD,-0.18269664184381326,-0.19940468350951476,True,True,True,clear
112,True,0.9746652189648932,0,250.1871433348323,108.43693817868945,42.89427678872721,True,249.42558845861808,107.46807770184762,255.48133153429893,106.71259527787474,1.2323377999038443,5.567924849615129,True,TRACKING,LEFT + UP + FORWARD,LEFT + UP + FORWARD,-0.20162083895531585,-0.21816517707864902,True,True,True,clear
113,True,0.9488685437899465,0,244.23553564981432,109.71821432724808,43.146035553757656,True,243.6284819157516,108.91413859420558,249.55490672502526,107.81336693604015,1.0074979009940077,5.650146212230477,True,TRACKING,LEFT + UP + FORWARD,LEFT + UP + FORWARD,-0.22014091648429607,-0.23676395109433024,True,True,True,clear
114,True,0.9556054586284333,0,238.34008997702216,111.23290481561892,43.392466666164,True,237.62284429662478,110.3780487804878,243.588875510825,109.09570785826398,1.1158943529065846,5.667218048953583,True,TRACKING,LEFT + UP + FORWARD,LEFT + UP + FORWARD,-0.23878476402867185,-0.25518721882180573,True,True,True,clear
115,True,0.9533287577213452,0,232.5051764402968,112.97808003451266,43.633462033115705,True,231.71709144057732,112.09664748332877,237.65298347570115,110.59617767079638,1.1823710538868015,5.672157979467406,True,TRACKING,LEFT + UP + FORWARD,LEFT + UP + FORWARD,-0.2573344266384339,-0.2734213236240725,True,True,True,clear
116,True,0.9625192538079753,0,226.73512029275255,114.95036458705961,43.86891594607986,True,226.06294062940626,114.11283112831127,231.85796205255372,112.35450439955383,1.0739123774029704,5.742995543184776,True,TRACKING,LEFT + UP + FORWARD,LEFT + UP + FORWARD,-0.27544386858576964,-0.2914527490851483,True,True,True,clear
117,True,0.9433931216060556,0,221.03419871059162,117.14594381726862,44.098725127188416,True,220.32884809600188,116.30621398443533,226.0934050742778,114.33035919199457,1.0966611517019973,5.789912418374066,True,TRACKING,LEFT + UP + FORWARD,LEFT + UP + FORWARD,-0.2934581091428819,-0.30926812902940115,True,True,True,clear
118,True,0.9519973697188887,0,215.40663762255716,119.5605711880696,44.322788774539276,True,214.67066149688637,118.7658618258724,220.38203328558208,116.54811050893349,1.0831545724970457,5.816311661782616,True,TRACKING,LEFT + UP + FORWARD,LEFT + UP + FORWARD,-0.311306145982556,-0.3268542574295089,True,True,True,clear
119,True,0.9596840546322198,0,209.85660857737366,122.18957649467166,44.54100860641134,True,209.131844064827,121.26713388815885,214.75693867520454,118.90762219854616,1.1731086739757517,5.8978351171903505,True,TRACKING,LEFT + UP + FORWARD,LEFT + UP + FORWARD,-0.32888456663998583,-0.3441980981957073,True,True,True,clear
120,True,0.972875226039783,0,204.38822565149854,125.02787489734851,44.7532889043741,True,203.77926258010746,124.24220478776905,209.268100627656,121.57491349315761,0.9940390049714659,5.977969742459366,True,TRACKING,LEFT + UP + FORWARD,LEFT + UP + FORWARD,-0.346037185538575,-0.36128679483906706,True,True,True,clear
121,True,0.9712136081125287,0,199.00554239947587,128.06997675618354,44.95953655527297,True,198.32267806267802,127.21558404558404,203.795389345167,124.39524876937082,1.0937507057807658,6.037073756399801,True,TRACKING,LEFT + UP + FORWARD,LEFT + UP + FORWARD,-0.36313940829635316,-0.3781076800016379,True,True,True,clear
122,True,0.9432479169941833,0,193.71254884915302,131.30999824875013,45.15966109207169,True,192.90408898725914,130.35921228114978,198.34973916621306,127.3772305252603,1.2480389835574894,6.080312163331642,True,TRACKING,LEFT + UP + FORWARD,LEFT + UP + FORWARD,-0.3801570651055842,-0.3946482848463968,True,True,True,clear
123,True,0.9481191222570533,0,188.51316854398843,134.74167275019303,45.35357473353425,True,187.76466958375403,133.93142039717267,193.05720437498354,130.6543254612165,1.1030682522160666,6.111846651714296,True,TRACKING,LEFT + UP + FORWARD,LEFT + UP + FORWARD,-0.3966962363281764,-0.4108963483000362,True,True,True,clear
124,True,0.9622700833202327,0,183.4112556346419,138.3583629536999,45.541192422728614,True,182.6522645758612,137.39769788973226,187.8547344754224,134.02601167547436,1.2243140089196747,6.20594648755582,True,TRACKING,LEFT + UP + FORWARD,LEFT + UP + FORWARD,-0.412953954764305,-0.4268398261417441,True,True,True,clear
125,True,0.9685584027668606,0,178.41059202200398,142.15307370791885,45.72243186433546,True,177.66713630587324,141.19133653793025,182.76093539064783,137.60867410670232,1.2155923601212466,6.291029737701168,True,TRACKING,LEFT + UP + FORWARD,LEFT + UP + FORWARD,-0.4288720769042255,-0.44246689993123756,True,True,True,clear
126,True,0.9607659971975713,0,173.5148845537817,146.1184655464961,45.89721356074568,True,172.830576030576,145.28626808626808,177.7957557106119,141.4474710964852,1.07741856664064,6.335933002598224,True,TRACKING,LEFT + UP + FORWARD,LEFT + UP + FORWARD,-0.4443882634043378,-0.45776598576943217,True,True,True,clear
127,True,0.945811320754717,0,168.7277622767192,150.24686888356223,46.06546084693065,True,167.97026476578412,149.33895451459605,172.883010238198,145.39321280554063,1.1824174307105302,6.389371091515174,True,TRACKING,LEFT + UP + FORWARD,LEFT + UP + FORWARD,-0.4597405930056312,-0.4727257428852525,True,True,True,clear
128,True,0.9539969834087482,0,164.05277374649046,154.53029884771328,46.22709992407002,True,163.3794169017869,153.76407362622598,168.13121356999244,149.5786432158833,1.0200541801063336,6.41502649177387,True,TRACKING,LEFT + UP + FORWARD,LEFT + UP + FORWARD,-0.47458995759377365,-0.4873350820422173,True,True,True,clear
129,True,0.9595471698113207,0,159.4933843972572,158.960470725795,46.38205989192233,True,158.71333386850768,158.15351475743222,163.42227371925006,153.86607898665775,1.1223443153857535,6.433428207127165,True,TRACKING,LEFT + UP + FORWARD,LEFT + UP + FORWARD,-0.48930539462734357,-0.5015831737585713,True,True,True,clear
130,True,0.9544976723231716,0,155.05297397284193,163.52881598662125,46.53027277992422,True,154.28088391906283,162.56600106496273,158.85157881915643,158.21604002581023,1.2341538090987316,6.531078562398062,True,TRACKING,LEFT + UP + FORWARD,LEFT + UP + FORWARD,-0.5035888161901362,-0.515459456334869,True,True,True,clear
131,True,0.9646563392991427,0,150.7348340214223,168.22649885363145,46.67167357700451,True,149.98884748539865,167.29704801923938,154.42021315227754,162.7565440225248,1.191794766510024,6.595636829942233,True,TRACKING,LEFT + UP + FORWARD,LEFT + UP + FORWARD,-0.5174368338991326,-0.5289536436830553,True,True,True,clear
132,True,0.9600598354525056,0,146.5421654556004,173.04443339443833,46.806200260100276,True,145.87211195127074,172.09577819785758,150.14616255177413,167.42616111019117,1.1614294557415559,6.674861686145137,True,TRACKING,LEFT + UP + FORWARD,LEFT + UP + FORWARD,-0.5307932420257059,-0.5420557329512488,True,True,True,clear
133,True,0.9669867947178872,0,142.47807617965918,177.97330109420656,46.93379382136216,True,141.66008029599308,176.83358261827914,145.9031214238836,172.12987186423516,1.402881131837268,6.773226711890607,True,TRACKING,LEFT + UP + FORWARD,LEFT + UP + FORWARD,-0.5440527455503638,-0.554756011938565,True,True,True,clear
134,True,0.9455281028753071,0,138.5455787857629,183.0035688788792,47.05439829403718,True,137.8157101268455,182.03748180494904,141.85941577536454,177.0836768345921,1.2107982877774708,6.784293434814408,True,TRACKING,LEFT + UP + FORWARD,LEFT + UP + FORWARD,-0.5566893257019858,-0.5670450662944909,True,True,True,clear
135,True,0.9413379569426383,0,134.7475883208083,188.12550755338762,47.16796077701761,True,133.97072754095814,187.13393897041695,137.91507165816134,182.1088079025045,1.2596511128101522,6.7995312618846135,True,TRACKING,LEFT + UP + FORWARD,LEFT + UP + FORWARD,-0.5690154010682458,-0.578913786497474,True,True,True,clear
136,True,0.9569426383470597,0,131.0869201255856,193.32921061918603,47.27443145804514,True,130.3165652363711,192.46113550573915,134.11581844726624,187.28497170412183,1.1606037471602864,6.7606988622076765,True,TRACKING,LEFT + UP + FORWARD,LEFT + UP + FORWARD,-0.580888067352293,-0.590353374607545,True,True,True,clear
137,True,0.9390278976128846,0,127.56628774784699,198.60461343471385,47.37376363556019,True,126.72241919736909,197.58750835003337,130.41911882231767,192.4362400270776,1.3215963391930787,6.796136817008602,True,TRACKING,LEFT + UP + FORWARD,LEFT + UP + FORWARD,-0.5924402536802573,-0.6013553507879782,True,True,True,clear
138,True,0.9517410778789193,0,124.18830093083213,203.94151268172754,47.46591373918673,True,123.37176145945118,202.9600132863202,126.89544014088443,197.6981266566989,1.2767449907902837,6.805032825793402,True,TRACKING,LEFT + UP + FORWARD,LEFT + UP + FORWARD,-0.6034517495597361,-0.6119115595911496,True,True,True,clear
139,True,0.9541973703222077,0,120.95546367874057,209.32958609985076,47.550841348843726,True,120.18186682975308,208.27266009224573,123.53865348531875,202.98539337447232,1.3097880249549105,6.849938022606776,True,TRACKING,LEFT + UP + FORWARD,LEFT + UP + FORWARD,-0.6139417078583789,-0.6220141760039357,True,True,True,clear
140,True,0.9606095457159287,0,117.870172400586,214.75841245117476,47.6285092124747,True,117.13793976208554,213.83778790179701,120.33829662370215,208.41159063813467,1.1763138177384183,6.8098299763807795,True,TRACKING,LEFT + UP + FORWARD,LEFT + UP + FORWARD,-0.6239428230509307,-0.6316557112481688,True,True,True,clear
141,True,0.9681418480611215,0,114.934714133807,220.21749167629386,47.6988832623877,True,114.13272212961559,219.24864878516945,117.23550937665887,213.83011971165206,1.257715278777067,6.789122135020243,True,TRACKING,LEFT + UP + FORWARD,LEFT + FORWARD,-0.6336390331979411,-0.6408290183318531,True,False,True,clear
142,True,0.9622343480758185,0,112.15126484895215,225.69626520279206,47.76193263019859,True,111.3334341829917,224.75296876181832,114.28447177982528,219.2915442367352,1.2484611222377124,6.750631264035492,True,TRACKING,LEFT + FORWARD,LEFT + FORWARD,-0.642861025688046,-0.6495272973470245,True,True,True,clear
143,True,0.9601947308132875,0,109.52188783669615,231.18413636690178,47.817629660370805,True,108.74139100293874,230.2290206716399,111.51293139138201,224.76028245418755,1.2334590787054742,6.725336685144478,True,TRACKING,LEFT + FORWARD,LEFT + FORWARD,-0.6515220894019312,-0.6577441005103245,True,True,True,clear
144,True,0.9530892448512586,0,107.04853217838203,236.67049090883515,47.865949922346125,True,106.24059472854246,235.72936847638357,108.87676305996223,230.24482546528554,1.2403525126821184,6.680688927707309,True,TRACKING,LEFT + FORWARD,LEFT + FORWARD,-0.659760115437618,-0.6654733369425562,True,True,True,clear
145,True,0.9500286368843069,0,104.73303130122254,242.14471750215057,47.90687222126065,True,103.78777601929309,241.0713442359384,106.33226953962766,235.65808485061197,1.4302579196195726,6.680865669895167,True,TRACKING,LEFT + FORWARD,LEFT + FORWARD,-0.6677116576886636,-0.6727092771836796,True,True,True,clear
146,True,0.947226173541963,0,102.57710161923438,247.5962282774428,47.94037860724158,True,101.6772175747984,246.39284547943828,104.00474355721303,241.02546516502514,1.50263816401809,6.724067919242348,True,TRACKING,LEFT + FORWARD,LEFT + FORWARD,-0.6749851763837093,-0.6794465574398926,True,True,True,clear
147,True,0.9590526465972321,0,100.58234126090954,253.01447930066672,47.96645438328061,True,99.79652512543997,251.99233630395165,101.90063434132651,246.5089007344884,1.2892956621729597,6.637804541156205,True,TRACKING,LEFT + FORWARD,LEFT + FORWARD,-0.6815605176833547,-0.6856801835596577,True,True,True,clear
148,True,0.9642295035055086,0,98.75022888456886,258.38899096648277,47.98508811168059,True,97.77679508319592,257.3743816519262,99.83871471226121,251.94164119320732,1.4060602500747426,6.538587041253032,True,TRACKING,LEFT + FORWARD,LEFT + FORWARD,-0.6880040165241837,-0.6914055347357223,True,True,True,clear
149,True,0.9503353789068075,0,97.08212258227508,263.7093682671828,47.996271619072374,True,96.16064287142571,262.57401019796043,97.99967879184345,257.25782569558385,1.4622458079459144,6.516464605203596,True,TRACKING,LEFT + FORWARD,LEFT + FORWARD,-0.6937510037754893,-0.6966183669303904,True,True,True,clear
150,True,0.9489810065160128,0,95.5792588731187,268.9653208979934,48.0,True,94.87275571779782,268.0176065956443,96.43621725482063,262.63771614561404,1.1820783000104054,6.385370746503557,True,TRACKING,LEFT + FORWARD,LEFT + DOWN + FORWARD,-0.6986368210786855,-0.701314816021504,True,False,True,clear
151,True,0.9773216592507535,0,94.24275178662168,274.1466831598691,47.996271619072374,True,93.5675642169989,273.24526430625804,95.00189073590977,267.94149022593604,1.126247842980663,6.251456733566908,True,TRACKING,LEFT + DOWN + FORWARD,LEFT + DOWN + FORWARD,-0.703119091450282,-0.7054914006668073,True,True,True,clear
152,True,0.9723019517795637,0,93.0735920369398,279.2434336212829,47.98508811168059,True,92.25201185938161,278.21738047188376,93.62695129764569,273.0794353489099,1.3144500954956344,6.1887867286913805,True,TRACKING,LEFT + DOWN + FORWARD,LEFT + DOWN + FORWARD,-0.7074157771948573,-0.7091450248845631,True,True,True,clear
153,True,0.9701406833189778,0,92.07264628847457,284.2457145009836,47.96645438328061,True,91.14864797320936,283.1584445444094,92.38779963542753,278.1189399466597,1.426859784660621,6.134874739683484,True,TRACKING,LEFT + DOWN + FORWARD,LEFT + DOWN + FORWARD,-0.7112881261392889,-0.7122729803485169,True,True,True,clear
154,True,0.9780172413793103,0,91.24065651344011,289.14385073423347,47.94037860724158,True,90.5041958389195,288.3049307314167,91.44599773717351,283.2119353390382,1.1163158586356663,5.935468412342805,True,TRACKING,LEFT + DOWN + FORWARD,LEFT + DOWN + FORWARD,-0.7142312570713327,-0.7148729483954996,True,True,True,clear
155,True,0.9589392643284859,0,90.57823944186038,293.9283686856464,47.90687222126065,True,89.77447020693093,293.01493393168784,90.61023397205221,288.113434635363,1.2167201949332347,5.815022068668999,True,TRACKING,LEFT + DOWN + FORWARD,LEFT + DOWN + FORWARD,-0.7168430188373368,-0.7169430017441863,True,True,True,clear
156,True,0.9468723221936589,0,90.08588610440515,298.5900144724368,47.865949922346125,True,89.21237470796594,297.4178913256462,89.91130434000908,292.7656629805046,1.4618121736226604,5.82696740114722,True,TRACKING,LEFT + DOWN + FORWARD,LEFT + DOWN + FORWARD,-0.7190271739374716,-0.7184816059237339,True,True,True,clear
157,True,0.9622939068100358,0,89.76396146840304,303.11977186263823,47.817629660370805,True,88.86374145556894,302.09748190591074,89.38752289778901,297.43157244320764,1.362157416429143,5.700641949171727,True,TRACKING,LEFT + DOWN + FORWARD,LEFT + DOWN + FORWARD,-0.7206639909444094,-0.7194876204112405,True,True,True,clear
158,True,0.9506700883946393,0,89.6127041673018,307.50887971367365,47.76193263019859,True,88.80539629853148,306.52300844900424,89.09645959816024,301.97729044610594,1.274240222830589,5.555626722543411,True,TRACKING,LEFT + DOWN + FORWARD,LEFT + DOWN + FORWARD,-0.7215735637557492,-0.7199602994771819,True,True,True,clear
159,True,0.9546883933676387,0,89.63222632377608,311.74884891754965,47.6988832623877,True,88.7719536757301,310.7739677744209,88.93420663694516,306.3756291102634,1.3001777848448524,5.418368996350926,True,TRACKING,LEFT + DOWN + FORWARD,LEFT + DOWN + FORWARD,-0.7220806042595463,-0.7198992927381997,True,True,True,clear
160,True,0.9586681974741676,0,89.82251346661442,315.8314788199003,47.6285092124747,True,89.02877006699532,314.7698141827835,88.98148835197024,310.5727216465234,1.325579264375896,5.325584498625994,True,TRACKING,LEFT + DOWN + FORWARD,LEFT + DOWN + FORWARD,-0.7219328489000929,-0.7193046454168299,True,True,True,clear
161,True,0.9627230857800806,0,90.18342454144613,319.74887308112443,47.550841348843726,True,89.37540821751348,318.80782764993285,89.17844828474186,314.6902746482281,1.2403454693383542,5.157460167741507,True,TRACKING,LEFT + DOWN + FORWARD,LEFT + DOWN + FORWARD,-0.7213173491101816,-0.7181767983079809,True,True,True,clear
162,True,0.9560455397031272,0,90.71469201530071,323.49345494893794,47.46591373918673,True,89.95762368207623,322.5452656123276,89.56803598340905,318.6177701302779,1.2133488695477481,5.008704673504465,True,TRACKING,LEFT + DOWN + FORWARD,LEFT + DOWN + FORWARD,-0.7200998875518467,-0.7165165874521853,True,True,True,clear
163,True,0.9601213697442567,0,91.41592207492269,327.05798191280195,47.37376363556019,True,90.48507882882882,326.08253992628994,90.02655740611894,322.3501550282839,1.3483160674890262,4.908560701214883,True,TRACKING,LEFT + DOWN + FORWARD,LEFT + DOWN + FORWARD,-0.7186670081058784,-0.7143252435158666,True,True,True,clear
164,True,0.9501517121803208,0,92.28659491869368,330.4355597118854,47.27443145804514,True,91.27828651249418,329.09778053701694,90.65242195930657,325.72396778265045,1.675213109644346,4.986944933406011,True,TRACKING,LEFT + DOWN + FORWARD,LEFT + DOWN + FORWARD,-0.7167111813771669,-0.7116043908790822,True,True,True,clear
165,True,0.952202166064982,0,93.32606514194654,333.6196556694654,47.16796077701761,True,92.44268295826566,332.6010104915835,91.54755245878611,329.16248913711695,1.348333074899068,4.798899963663483,True,TRACKING,LEFT + DOWN + FORWARD,LEFT + DOWN + FORWARD,-0.7139138985662934,-0.708356046431417,True,True,True,clear
166,True,0.9423298731257209,0,94.5335622153852,336.6041113279775,47.05439829403718,True,93.66316144778521,335.61398452510775,92.60535695328566,332.38823683111235,1.3183127785164157,4.635900484922658,True,TRACKING,LEFT + DOWN + FORWARD,LEFT + DOWN + FORWARD,-0.7106082595209824,-0.7045826180769212,True,True,True,clear
167,True,0.9696016771488469,0,95.90819105625559,339.383154360278,46.93379382136216,True,95.05460893126985,338.37264863738204,93.82998294227775,335.3804427342472,1.3227714315408658,4.510060900494092,True,TRACKING,LEFT + DOWN + FORWARD,LEFT + DOWN + FORWARD,-0.706781303305382,-0.7002869029492013,True,True,True,clear
168,True,0.9654965496549655,0,97.44893269184516,341.95140973407774,46.806200260100276,True,96.59118604895471,340.7480039920159,95.21058449561623,338.06422336313153,1.47780739050026,4.4855791744245535,True,TRACKING,LEFT + DOWN + FORWARD,LEFT + DOWN + FORWARD,-0.7024669234511993,-0.6954720853379839,True,True,True,clear
169,True,0.9717735849056603,0,99.15464501481733,344.30391010795717,46.67167357700451,True,98.3124042069658,343.3005655092225,96.76149435129102,340.682394436177,1.3099885351484655,4.340800140444828,True,TRACKING,LEFT + DOWN + FORWARD,LEFT + DOWN + FORWARD,-0.6976203301522156,-0.6901417343286959,True,True,True,clear
170,True,0.9661886792452831,0,101.02406362982325,346.4361054388537,46.53027277992422,True,100.16860681443681,345.37354488917236,98.46505058286391,343.02796966267465,1.364126564776964,4.261917085465142,True,TRACKING,LEFT + DOWN + FORWARD,LEFT + DOWN + FORWARD,-0.6922967169285503,-0.6842998011568023,True,True,True,clear
171,True,0.9593962264150944,0,103.05580279076139,348.3438717824396,46.38205989192233,True,102.18204448727214,347.2468213817286,100.32354753506803,345.1373955222016,1.402488201239704,4.212684273682732,True,TRACKING,LEFT + DOWN + FORWARD,LEFT + DOWN + FORWARD,-0.6864889139529124,-0.6779506162788707,True,True,True,clear
172,True,0.9581886792452831,0,105.24835642799111,350.02351926936853,46.22709992407002,True,104.51467159739529,349.038025564756,102.41910956623167,347.0877105434788,1.228613557013475,4.077206234639834,True,TRACKING,LEFT + DOWN + FORWARD,LEFT + DOWN + FORWARD,-0.6799402826055261,-0.6710988861625278,True,True,True,clear
173,True,0.9509433962264151,0,107.60009926473867,351.4717992419652,46.065460846930655,True,106.81686109310866,350.5317293151868,104.61798532967016,348.8097199293328,1.2235985864373433,3.9974579157853705,True,TRACKING,LEFT + DOWN + FORWARD,LEFT + DOWN + FORWARD,-0.6730687958447807,-0.6637496897976917,True,True,True,clear
174,True,0.9603544776119403,0,110.10928802186808,352.68591053755404,45.89721356074568,True,109.23260881407636,351.75409925369064,106.92529707187326,350.28190959151175,1.2793899726469162,3.989613880843752,True,TRACKING,LEFT + DOWN + FORWARD,LEFT + DOWN + FORWARD,-0.6658584466503961,-0.6559084749316623,True,True,True,clear
175,True,0.9523883615995021,0,112.77406271012381,353.6635049062732,45.722431864335455,True,111.8525455895701,352.66012047198615,109.38892133072167,351.47101503174895,1.362341413318691,4.033136993511629,True,TRACKING,LEFT + DOWN + FORWARD,LEFT + DOWN + FORWARD,-0.6581596208414948,-0.6475810540308631,True,True,True,clear
176,True,0.9536703709500705,0,115.59244800888663,354.402691552897,45.541192422728614,True,114.66110462205907,353.23491295400186,112.02501297639037,352.3529639928754,1.4936891779165324,4.114362135421936,True,TRACKING,LEFT + DOWN + FORWARD,LEFT + DOWN + FORWARD,-0.64992183444878,-0.6387735999722293,True,True,True,clear
177,True,0.9512844611528822,0,118.56235473042236,354.90204079388093,45.35357473353426,True,117.77761956612781,353.9822709886366,114.90131627125909,353.167617490756,1.209043329545937,4.051101923414822,True,TRACKING,LEFT + DOWN + FORWARD,LEFT + DOWN + FORWARD,-0.6409333866523154,-0.6294926414674301,True,True,True,clear
178,True,0.9500078603993083,0,121.68158136853663,355.16058682255584,45.15966109207169,True,120.8950674666892,354.22865432829093,117.89819186897415,353.69813590952344,1.219468036344573,4.05620497243777,True,TRACKING,LEFT + DOWN + FORWARD,LEFT + DOWN + FORWARD,-0.6315681504094558,-0.619745058223323,True,True,True,clear
179,True,0.9584216533507256,0,124.94781573048681,355.17782957712495,44.959536555272976,True,123.86178301913861,353.9237324610485,120.87998744405638,353.810934185286,1.6589836125380073,4.291343610119574,True,TRACKING,LEFT + DOWN + FORWARD,LEFT + DOWN + FORWARD,-0.6222500392373238,-0.6095380758422287,True,True,True,clear
180,True,0.9660822546288711,0,128.35863665094536,354.9537357078483,44.7532889043741,True,127.52890613770302,353.8871640074745,124.2044467908797,353.8490490963802,1.3513060040729683,4.298560910703622,True,TRACKING,LEFT + DOWN + FORWARD,LEFT + DOWN + FORWARD,-0.6118611037785009,-0.5988792604657958,True,True,True,clear
181,True,0.9663161353927046,0,131.91151578673882,354.4887386415455,44.54100860641133,True,131.1707570895846,353.573960049721,127.68760194023216,353.7115045730506,1.1770910412835809,4.294827235167891,True,TRACKING,LEFT + DOWN + FORWARD,LEFT + DOWN + FORWARD,-0.6009762439367745,-0.5877765131664412,True,True,True,clear
182,True,0.9421311475409836,0,135.6038194910355,353.7837377432917,44.322788774539276,True,134.67997874789694,352.55137400749726,131.18379034406456,353.13143929027393,1.540195473303302,4.467902296590867,True,TRACKING,LEFT + DOWN + FORWARD,LEFT + DOWN + FORWARD,-0.5900506551747983,-0.576238064090514,True,True,True,clear
183,True,0.9452032252756294,0,139.4328107655931,352.8400965769281,44.098725127188416,True,138.56272241992883,351.86103202846977,134.8732563819967,352.49623565937185,1.3098172083572168,4.57250221515483,True,TRACKING,LEFT + DOWN + FORWARD,LEFT + DOWN + FORWARD,-0.5785210738062603,-0.5642724663575216,True,True,True,clear
184,True,0.9585040983606558,0,143.39565128961524,351.65964026775134,43.868915946079866,True,142.59572426613894,350.6279871668016,138.73449032406782,351.5621114130867,1.3054468061115803,4.662181187409514,True,TRACKING,LEFT + DOWN + FORWARD,LEFT + DOWN + FORWARD,-0.5664547177372881,-0.5518885897199524,True,True,True,clear
185,True,0.9694247711176369,0,147.489403523718,350.2446519724825,43.633462033115705,True,146.55704310868245,349.2724043715847,142.64576671637514,350.41725789233567,1.347056547059843,4.846711289628778,True,TRACKING,LEFT + DOWN + FORWARD,LEFT + DOWN + FORWARD,-0.5542319790113277,-0.5390956139883812,True,True,True,clear
186,True,0.9449682839019372,0,151.71103288744177,348.5978684633442,43.392466666164,True,150.88869469230062,347.5098273694539,146.76723070433786,348.9635426308948,1.363845126538204,4.957307497268737,True,TRACKING,LEFT + DOWN + FORWARD,LEFT + DOWN + FORWARD,-0.5413524040489441,-0.5259030222267445,True,True,True,clear
187,True,0.9502504750388668,0,156.05741000869932,346.72247483478475,43.146035553757656,True,155.2974630610538,345.82080351887987,151.03234688269583,347.3921730748873,1.1792075835752465,5.069492593259842,True,TRACKING,LEFT + DOWN + FORWARD,LEFT + DOWN + FORWARD,-0.5280239159915755,-0.5123205937228146,True,True,True,clear
188,True,0.9461620469083155,0,160.52531304348923,344.6220983430905,42.89427678872721,True,159.7264820396885,343.61222054760105,155.37941446119217,345.5021968112442,1.2876273274732482,5.220617351705963,True,TRACKING,LEFT + DOWN + FORWARD,LEFT + DOWN + FORWARD,-0.5144393298087745,-0.49835839673909615,True,True,True,clear
189,True,0.9699656233037814,0,165.11143006415438,342.30080139079746,42.63730080078771,True,164.31947622679886,341.35424612255275,159.8494453439955,343.42822146689844,1.2341627754651925,5.381408665319973,True,TRACKING,LEFT + DOWN + FORWARD,LEFT + DOWN + FORWARD,-0.500470483300014,-0.4840267810495176,True,True,True,clear
190,True,0.9477289113193944,0,169.81236151442047,339.76307366947424,42.375220308100594,True,168.95751412429377,338.6537530266344,164.40347973414464,341.0409872467664,1.4004843265945845,5.5577931973066015,True,TRACKING,LEFT + DOWN + FORWARD,LEFT + DOWN + FORWARD,-0.486239125830798,-0.469336370267436,True,True,True,clear
191,True,0.9475208107129931,0,174.62462272938762,337.01382347607205,42.108150267831796,True,173.86750634641672,336.1334700253857,169.13549304028066,338.587228636076,1.1611405666405443,5.710179379088068,True,TRACKING,LEFT + DOWN + FORWARD,LEFT + DOWN + FORWARD,-0.4714515842491229,-0.4542980539706637,True,True,True,clear
192,True,0.9490063742032246,0,179.54464651861178,334.0583682196374,41.836207825727726,True,178.6147919365016,332.95526551758496,173.87514248839113,335.7712470768305,1.4427283580586574,5.922603306664004,True,TRACKING,LEFT + DOWN + FORWARD,LEFT + DOWN + FORWARD,-0.4566401797237777,-0.4389229796293382,True,True,True,clear
193,True,0.9530808366308648,0,184.5687858103617,330.90242413674804,41.55951226473128,True,183.85576826701413,329.96969696969694,178.86545537770263,332.8704720232637,1.1740417306367688,6.0333399131587,True,TRACKING,LEFT + DOWN + FORWARD,LEFT + DOWN + FORWARD,-0.44104545194467926,-0.4232225443426197,True,True,True,clear
194,True,0.9417989417989417,0,189.6933163550862,327.55209523556465,41.27818495266038,True,188.92312925170066,326.50289115646257,183.89429231470166,329.68668158986316,1.3015442266115576,6.179412490270847,True,TRACKING,LEFT + DOWN + FORWARD,LEFT + DOWN + FORWARD,-0.42533033651655733,-0.4072083863903556,True,True,True,clear
195,True,0.9618485742379548,0,194.91443948609458,324.01386148988144,40.99234928897205,True,194.12988802756243,323.07159345391904,189.01209017113206,326.3791375218911,1.2261280694451788,6.358636500338567,True,TRACKING,LEFT + DOWN + FORWARD,LEFT + DOWN + FORWARD,-0.4093372182152123,-0.39089237660595444,True,True,True,clear
196,True,0.9715422885572139,0,200.22828493539686,320.2945663060108,40.70213065063535,True,199.50828265883834,319.39812679108127,194.26018641498518,322.8886321564862,1.1497856679296823,6.507486272435987,True,TRACKING,LEFT + DOWN + FORWARD,LEFT + DOWN + FORWARD,-0.3929369174531713,-0.3742866095768848,True,True,True,clear
197,True,0.9533359809372518,0,205.63091370262322,316.40140328674124,40.40765633713685,True,204.8784977125226,315.4583466326205,199.56934206375388,319.17348939455337,1.2064351101657087,6.665366615743662,True,TRACKING,LEFT + DOWN + FORWARD,LEFT + DOWN + FORWARD,-0.3763458060507691,-0.35740339467930243,True,True,True,clear
198,True,0.942089552238806,0,211.11832097489156,312.34190231796896,40.10905551464293,True,210.36527852893457,311.3551829817919,204.96731029634424,315.26433618817265,1.2412445261907636,6.8099597717840386,True,TRACKING,LEFT + DOWN + FORWARD,LEFT + DOWN + FORWARD,-0.35947715532392427,-0.3402552469534639,True,True,True,clear
199,True,0.954997926171713,0,216.68643909545793,308.1239150049165,39.80645915934322,True,215.87773983918933,307.1764878657708,210.4225250677668,311.22041202697176,1.2456374557146195,6.987482576286163,True,TRACKING,LEFT + DOWN + FORWARD,LEFT + DOWN + FORWARD,-0.34242960916322873,-0.322854877826694,True,True,True,clear
200,True,0.9559406974316141,0,222.33114057895563,303.75559948610066,39.50000000000001,True,221.58609530186362,302.87910575456607,216.0043101848152,307.0497588907689,1.1503624325996302,7.133040657362262,True,TRACKING,LEFT + DOWN + FORWARD,LEFT + DOWN + FORWARD,-0.3249865306724525,-0.30521518569076367,True,True,True,clear
201,True,0.9409671341846347,0,228.04824117097928,299.24540465442806,39.189812459729154,True,227.22461620307035,298.2740158078735,221.61446319394278,302.6618873493212,1.2735597272894295,7.28463129213169,True,TRACKING,LEFT + DOWN + FORWARD,LEFT + DOWN + FORWARD,-0.3074548025189288,-0.28734924634068976,True,True,True,clear
202,True,0.9496293065852595,0,233.83350294975196,294.60205381593204,38.87603259703765,True,233.0284689272075,293.7454384137638,227.32146606057515,298.2036628815425,1.1755295507497707,7.44165386909975,True,TRACKING,LEFT + DOWN + FORWARD,LEFT + DOWN + FORWARD,-0.28962041856070264,-0.2692703032820251,True,True,True,clear
203,True,0.9479464089611246,0,239.682637467576,289.83452781775895,38.558798046143764,True,238.86271279516748,288.8374127245626,233.09208942787131,293.52053780305255,1.2909356984389804,7.5512908217959245,True,TRACKING,LEFT + DOWN + FORWARD,LEFT + DOWN + FORWARD,-0.27158722053790213,-0.250991757913825,True,True,True,clear
204,True,0.9458324121158523,0,245.59130892973374,284.9520476780363,38.23824795660623,True,244.9256027097031,284.05650527993623,239.0088460687872,288.7885215414944,1.115867804976164,7.618881087189746,True,TRACKING,LEFT + DOWN + FORWARD,LEFT + DOWN + FORWARD,-0.25309735603504,-0.23252715959458206,True,True,True,clear
205,True,0.9495297086487726,0,251.55513740848812,279.9640567512206,37.914522932288605,True,250.80980248719825,279.03503210599035,244.9093242779927,283.91177682374234,1.1910545480116983,7.7298981840937815,True,TRACKING,LEFT + DOWN + FORWARD,LEFT + DOWN + FORWARD,-0.2346583616312728,-0.2138901955984746,True,True,True,clear
206,True,0.9473805677359797,0,257.56970208979635,274.88020246341375,37.58776496968576,True,256.84898733655075,273.97079569360227,250.87915580727173,278.94128625867233,1.1603665061198656,7.8266091732445595,True,TRACKING,LEFT + DOWN + FORWARD,LEFT + DOWN + FORWARD,-0.21600263810227585,-0.1950946809693864,True,True,True,clear
207,True,0.941736304549675,0,263.63054455033205,269.7103176529822,37.25811739563954,True,262.93785951211316,268.88785321409074,256.9085076596924,273.9145697363815,1.0752954549394136,7.928525432883936,True,TRACKING,LEFT + DOWN + FORWARD,LEFT + DOWN + FORWARD,-0.1971609135634612,-0.17615454828021235,True,True,True,clear
208,True,0.9621766715470962,0,269.73317206238636,264.46440155256226,36.92572480447086,True,268.9922789859735,263.6109037875863,262.95039332283295,268.7627367619839,1.1302128054023541,8.030054358613729,True,TRACKING,LEFT + DOWN + FORWARD,LEFT + DOWN + FORWARD,-0.17828002086614703,-0.15708383730504263,True,True,True,clear
209,True,0.9628627643876045,0,275.8730609241957,259.1526004492385,36.59073299455592,True,275.21102835489353,258.3685700596716,269.08071083886324,263.56565341082774,1.02615338745302,8.100065192546776,True,TRACKING,LEFT + FORWARD,LEFT + FORWARD,-0.15912277862855237,-0.13789668461188836,True,True,True,clear
210,True,0.9504071058475203,0,282.045659813234,253.78518806029854,36.2532889043741,True,281.41194759049523,253.03695314234955,275.24632921467924,258.30130327658867,0.9805338717691799,8.162486951612879,True,TRACKING,LEFT + FORWARD,LEFT + FORWARD,-0.13985522120412738,-0.11860731308364372,True,True,True,clear
211,True,0.9774494556765163,0,288.24639315997473,248.3725456625211,35.91354054805601,True,287.5946876983047,247.57306681171244,281.420508456492,252.93718504415057,1.0314487101455323,8.211494058304035,True,TRACKING,LEFT + FORWARD,FORWARD,-0.12056091107346259,-0.09923002137507897,False,True,True,clear
212,True,0.9572206378014001,0,294.4706645396287,242.92514201343175,35.57163695045952,True,293.76973318510284,242.0589679451547,287.59512082079743,247.49807649465265,1.114254136323053,8.257410683688848,True,TRACKING,LEFT + FORWARD,FORWARD,-0.10126524743500802,-0.0797791733136604,False,True,True,clear
213,True,0.9408253309109784,0,300.71386007934314,237.4535131033567,35.22772808180254,True,300.0552642766048,236.66213216191957,293.8251925487011,242.0801043282861,1.029578664238164,8.298137544673216,True,TRACKING,FORWARD,FORWARD,-0.08179627328530899,-0.0602691872520527,True,True,True,clear
214,True,0.9614754098360656,0,306.9713518783304,231.96824177744233,34.881964791881146,True,306.36326392905335,231.15071332176595,300.09422823887724,236.615408825026,1.0188835703339998,8.300059705837837,True,TRACKING,FORWARD,FORWARD,-0.062205536753508636,-0.04071452538021756,True,True,True,clear
215,True,0.9591724137931035,0,313.2385014383982,226.47993726704965,34.53449874390192,True,312.6073734535955,225.6391640790576,306.3508008462364,231.1272864520418,1.0512954327149957,8.308927361249074,True,TRACKING,FORWARD,FORWARD,-0.04265374735551131,-0.021129683005005617,True,True,True,clear
216,True,0.9352795373175434,0,319.5106631023348,220.99921467011418,34.18548234795732,True,318.8170369250919,220.1688579920407,312.58391888566416,225.64807222204126,1.0819470812280145,8.342161709130867,True,TRACKING,FORWARD,FORWARD,-0.023175253482299495,-0.0015291778052038297,True,True,True,clear
217,True,0.946928179982694,0,325.7831874976001,215.53667442016013,33.83506869417373,True,325.13675082101804,214.85057471264366,318.8603348533411,220.24932346734246,0.9426628164326122,8.374661173804752,True,TRACKING,FORWARD,UP + FORWARD,-0.00356145358330906,0.018072460930000388,True,False,True,clear
218,True,0.9545321208565561,0,332.0514249827721,210.1028817836785,33.48341148556099,True,331.36164268016233,209.3325425694554,325.1109887667517,214.79093301839893,1.0340319772441857,8.375409198839884,True,TRACKING,UP + FORWARD,UP + FORWARD,0.015971839896099026,0.03766070307116287,True,True,True,clear
219,True,0.9339982399530654,0,338.31072909419106,204.7083464255189,33.13066497059318,True,337.6011317704123,203.84182161142547,331.356060268582,209.3163773149122,1.119997149707824,8.342743382814879,True,TRACKING,UP + FORWARD,UP + FORWARD,0.0354876883393187,0.057221028419347064,True,True,True,clear
220,True,0.9546016059295862,0,344.5564599902503,199.3635020818263,32.77698387555012,True,343.9288346257493,198.6269592476489,337.64244744716564,203.97166828128053,0.9676822540189057,8.3089569241707,True,TRACKING,UP + FORWARD,UP + FORWARD,0.055132648272392615,0.07673893746953216,True,True,True,clear
221,True,0.9498598567424479,0,350.7839878907759,194.07868637983157,32.42252333664937,True,350.19914515494065,193.29970192902536,343.92079630105314,198.63568510515296,0.9740933221499413,8.238302991503895,True,TRACKING,UP + FORWARD,UP + FORWARD,0.07475248844079108,0.0961999621586747,True,True,True,clear
222,True,0.9305079464007479,0,356.9886965089487,188.86412084353128,32.067438831998324,True,356.3901443275257,188.12098211718703,350.15547031428946,193.37833361116998,0.9542116539210596,8.189694569328536,True,TRACKING,UP + FORWARD,RIGHT + UP + FORWARD,0.09423584473215456,0.11558967659046467,False,True,True,clear
223,True,0.9550710274198877,0,363.1659864732268,183.7298911239226,31.711886113396396,True,362.5796819787986,182.98080094228501,356.367576146544,188.17956727672748,0.9512565691823349,8.125146203902247,True,TRACKING,RIGHT + UP + FORWARD,RIGHT + UP + FORWARD,0.11364867545795007,0.1348937077288337,True,True,True,clear
224,True,0.9461436170212766,0,369.31127873672466,178.68592749203816,31.356021138017066,True,368.68305023491143,177.9239850620407,362.52531319072773,183.05177616938408,0.9875359826967848,8.069074486267962,True,TRACKING,RIGHT + UP + FORWARD,RIGHT + UP + FORWARD,0.13289160372102415,0.15409774605226456,True,True,True,clear
225,True,0.9253582139286904,0,375.4200179715298,173.74198563250468,31.000000000000004,True,374.8230850207443,173.00142423679483,368.674199105736,178.02660020308946,0.9511887975313579,7.991495115969619,True,TRACKING,RIGHT + UP + FORWARD,RIGHT + UP + FORWARD,0.15210687220542507,0.17318755616103054,True,True,True,clear
226,True,0.9582743988684582,0,381.48767594543557,168.90762777477326,30.643978861982944,True,380.88758070641853,168.1884415748829,374.7808899060773,173.1075208889862,0.9366659415200653,7.913285104717537,True,TRACKING,RIGHT + UP + FORWARD,RIGHT + UP + FORWARD,0.1711902809564915,0.19214898732948615,True,True,True,clear
227,True,0.9352899575671852,0,387.5097548785891,164.19220419851953,30.288113886603607,True,386.8880887504866,163.43466978071882,380.83448932828196,168.2710953348525,0.9799628406131652,7.82282065940239,True,TRACKING,RIGHT + UP + FORWARD,RIGHT + UP + FORWARD,0.19010777915088112,0.2109679839955909,True,True,True,clear
228,True,0.948708348932984,0,393.48179077756595,159.60483514898084,29.932561168001683,True,392.850501002004,158.82177688710755,386.84249516514296,163.54643611098004,1.005836478865749,7.721169883688099,True,TRACKING,RIGHT + UP + FORWARD,RIGHT + UP + FORWARD,0.20888279739107177,0.2296305961798936,True,True,True,clear
229,True,0.9593001141118296,0,399.3993567443995,155.15439319720986,29.577476663350637,True,398.79773363369515,154.45661819919448,392.820114399419,159.00152715508727,0.9213253036734215,7.621474235594942,True,TRACKING,RIGHT + UP + FORWARD,RIGHT + UP + FORWARD,0.22756285749818445,0.2481229898262484,True,True,True,clear
230,True,0.9341955116013694,0,405.2580662581131,150.84948607936343,29.223016124449885,True,404.65320148678023,150.09432639034995,398.73665794309966,154.5479267727186,0.967536845557059,7.497148122679181,True,TRACKING,RIGHT + UP + FORWARD,RIGHT + UP + FORWARD,0.24605205607218644,0.2664314570566034,True,True,True,clear
231,True,0.9494179044560418,0,411.0535764263207,146.69844004821732,28.869335029406827,True,410.4823335483408,145.9940514584677,404.6094957457202,150.27098911559315,0.9069077742594365,7.368126129274431,True,TRACKING,RIGHT + UP + FORWARD,RIGHT + UP + FORWARD,0.26440467420537567,0.28454242633225224,True,True,True,clear
232,True,0.9409385113268608,0,416.78159120448845,142.7092837691037,28.516588514439007,True,416.2336421114542,142.03705337450376,410.4215689285872,146.15402124504845,0.8672611555818065,7.232986909164042,True,TRACKING,RIGHT + UP + FORWARD,RIGHT + UP + FORWARD,0.28256740290183496,0.3024424725140264,True,True,True,clear
233,True,0.9253974724826742,0,422.43786458046895,138.88973279142468,28.164931305826276,True,421.8470480966492,138.1694400121571,416.1343085126182,142.16173062860278,0.9316038886877545,7.102167904734186,True,TRACKING,RIGHT + UP + FORWARD,RIGHT + UP + FORWARD,0.30041971410193186,0.32011832681396546,True,True,True,clear
234,True,0.9647212543554007,0,428.01820372194663,135.2471746257712,27.81451765204269,True,427.4340633737186,134.62348555452004,421.7841859431684,138.3926080915614,0.8545220910111919,6.9826019042930065,True,TRACKING,RIGHT + UP + FORWARD,RIGHT + UP + FORWARD,0.3180755810724012,0.33755688663108324,True,True,True,clear
235,True,0.9293148308759757,0,433.5184720844637,131.78865445551384,27.46550125609809,True,432.922480620155,131.09078558299368,427.35333328166166,134.74169683727754,0.9177291478216315,6.835890268743957,True,TRACKING,RIGHT + UP + FORWARD,RIGHT + UP + FORWARD,0.3354791665051927,0.35474522526394914,True,True,True,clear
236,True,0.9174311926605505,0,438.9345924777218,128.5208615104955,27.118035208118854,True,438.3499465416564,127.82194259396331,432.85163991165905,131.28181971562043,0.9112071786615664,6.6802097370828335,True,TRACKING,RIGHT + UP + FORWARD,RIGHT + UP + FORWARD,0.35266137472393455,0.37167060149288067,True,True,True,clear
237,True,0.9688826025459689,0,444.2625500878851,125.4501161291885,26.772271918197468,True,443.75897435897434,124.77788986969314,438.3053071353167,128.02985479265678,0.8399265793526831,6.491825257022766,True,TRACKING,RIGHT + UP + FORWARD,RIGHT + UP + FORWARD,0.36970408479786465,0.38832046902464085,True,True,True,clear
238,True,0.9370300751879699,0,449.4983954536458,122.58235753433411,26.428363049540486,True,448.93468118195955,121.92310350786245,443.6199941586381,124.97647915025962,0.8674039725075356,6.347237201884748,True,TRACKING,RIGHT + UP + FORWARD,RIGHT + UP + FORWARD,0.3863124817457441,0.4046824857926431,True,True,True,clear
239,True,0.9156058462989156,0,454.6382473938465,119.9231323457096,26.086459451943995,True,454.12485528542163,119.22023332442781,448.8724247220299,122.09835623734372,0.8704243167052609,6.162492195659964,True,TRACKING,RIGHT + UP + FORWARD,RIGHT + UP + FORWARD,0.40272632725634344,0.42074452310577026,True,True,True,clear
240,True,0.9508860759493671,0,459.6782958844876,117.47758385224073,25.746711095625898,True,459.12001463593117,116.80186608122942,453.99621967898054,119.45011115928656,0.8765115279049346,6.01471977586914,True,TRACKING,RIGHT + UP + FORWARD,RIGHT + UP + FORWARD,0.41873818649681416,0.4364946746390238,True,True,True,clear
241,True,0.9359104781281791,0,464.61480488298776,115.2504420642097,25.40926700544408,True,464.09706186050875,114.64723552051065,459.0466407697446,117.04867333989861,0.7949314257764933,5.851332097298409,True,TRACKING,RIGHT + UP + FORWARD,RIGHT + UP + FORWARD,0.4345207524054519,0.45192126525933674,True,True,True,clear
242,True,0.9087200407955125,0,469.4441150976048,113.24601456479648,25.074275195529147,True,468.9475218658892,112.55655976676385,463.9970813178169,114.80261655333123,0.8496780309717187,5.6650848845239095,True,TRACKING,RIGHT + UP + FORWARD,RIGHT + UP + FORWARD,0.44999087911817776,0.46701285968001505,True,True,True,clear
243,True,0.9715560513106526,0,474.1626466999642,111.46817817865104,24.74188260436047,True,473.718989356411,110.81597533074704,468.85803533711396,112.80929594203914,0.7887968010221748,5.471517026031743,True,TRACKING,RIGHT + UP + FORWARD,RIGHT + UP + FORWARD,0.4651813604284811,0.4817582709373882,True,True,True,clear
244,True,0.9365609348914858,0,478.7669019786802,109.92037147360742,24.41223503031425,True,478.2666872364496,109.32006582330555,473.56236128678177,111.06468088267235,0.7813972498858377,5.328854270600883,True,TRACKING,RIGHT + UP + FORWARD,RIGHT + UP + FORWARD,0.479882379021193,0.49614656868337564,True,True,True,clear
245,True,0.9185722253206916,0,483.253467932111,108.60558811004432,24.085477067711405,True,482.77275600505686,107.93773704171934,478.1675586459193,109.50120896219585,0.8228663356067684,5.16416595184347,True,TRACKING,RIGHT + UP + FORWARD,RIGHT + UP + FORWARD,0.49427362076849785,0.5101670872878469,True,True,True,clear
246,True,0.9249408983451537,0,487.6190187983166,107.52637105075522,23.76175204339378,True,487.09967532467533,106.93116883116883,482.6336169852973,108.21618889668234,0.7899261521270894,5.032899750423751,True,TRACKING,RIGHT + UP + FORWARD,RIGHT + UP + FORWARD,0.508230053079054,0.5238094337447393,True,True,True,clear
247,True,0.9318866787221217,0,491.86031852035086,106.68480764252556,23.44120195385624,True,491.40194761584956,106.08260577568838,487.01778230057346,107.14939733618536,0.7568031279768309,4.8647713844856995,True,TRACKING,RIGHT + UP + FORWARD,RIGHT + UP + FORWARD,0.5219305696892921,0.5370634953760964,True,True,True,clear
248,True,0.9189352692075015,0,495.9742231450574,106.08252557893208,23.12396740296235,True,495.50074379219586,105.48151962467101,491.25926304638466,106.31545848042819,0.7651083940484813,4.720710377546532,True,TRACKING,RIGHT + UP + FORWARD,RIGHT + UP + FORWARD,0.535185197019952,0.5499194473283044,True,True,True,clear
249,True,0.9390402075226978,0,499.957683153591,105.72068975217002,22.810187540270846,True,499.4752627228716,105.07497933640335,495.36726288462813,105.69521890841577,0.8060219680660452,4.590490933395548,True,TRACKING,RIGHT + UP + FORWARD,RIGHT + UP + FORWARD,0.5480226965144629,0.5623677598549719,True,True,True,clear
250,True,0.9273560209424084,0,503.80774572193855,105.6,22.5,True,503.35222425350395,105.10517976843387,499.35974356906604,105.40019933842481,0.672567371920437,4.452487333651193,True,TRACKING,RIGHT + UP + FORWARD,RIGHT + UP + FORWARD,0.5604991986533314,0.5743992053810579,True,True,True,clear
251,True,0.9137590520079,0,507.5215569097612,105.72068975217002,22.19354084065679,True,507.14054866591505,105.21245145935112,503.25014611749054,105.30632539888796,0.6351955952037236,4.291462218591377,True,TRACKING,RIGHT + UP + FORWARD,RIGHT + UP + FORWARD,0.572656706617158,0.5860048653430038,True,True,True,clear
252,True,0.9653679653679653,0,511.09636377593904,106.08252557893206,21.890944485357068,True,510.62346872985165,105.51747259832365,506.9368074236711,105.4118989986058,0.7368273851509896,4.213270589213642,True,TRACKING,RIGHT + UP + FORWARD,RIGHT + UP + FORWARD,0.5841775231989722,0.5971761367998095,True,True,True,clear
253,True,0.9235167977126519,0,514.529516419247,106.68480764252556,21.592343662863154,True,514.0539682539683,106.14325396825397,510.4953878388197,105.7775764834299,0.7207124527972388,4.134883526709609,True,TRACKING,RIGHT + UP + FORWARD,RIGHT + UP + FORWARD,0.5952980869963115,0.6079047388101468,True,True,True,clear
254,True,0.9167872648335745,0,517.8184699426491,107.52637105075513,21.29786934936466,True,517.3801121597593,106.9656681712488,513.9377499992895,106.37162232733934,0.7117199343188337,4.048880325845593,True,TRACKING,RIGHT + UP + FORWARD,RIGHT + UP + FORWARD,0.6060554687477797,0.6181827185707786,True,True,True,clear
255,True,0.9009468317552805,0,520.9607863397587,108.60558811004432,21.00765071102796,True,520.5,108.03217612193056,517.2188749996448,107.20189922463496,0.735612234142941,3.9965288644391035,True,TRACKING,RIGHT + UP + FORWARD,RIGHT + UP + FORWARD,0.6163089843738898,0.6280024573117459,True,True,True,clear
256,True,0.9439621152328335,0,523.9541363020611,109.92037147360745,20.721815047339625,True,523.5135448355786,109.34144574822541,520.3662099176117,108.27167248643019,0.7275134609382184,3.9485977372413066,True,TRACKING,RIGHT + UP + FORWARD,RIGHT + UP + FORWARD,0.6261444059925367,0.637356675943941,True,True,True,clear
257,True,0.9307875894988067,0,526.7963009455633,111.46817817865107,20.440487735268725,True,526.3690422829822,110.94471836246825,523.367626100297,109.60819542444922,0.675692344124742,3.9006854577740815,True,TRACKING,RIGHT + UP + FORWARD,RIGHT + UP + FORWARD,0.6355238315634282,0.6462384404548853,True,True,True,clear
258,True,0.903739061256961,0,529.4851734555889,113.24601456479645,20.16379217427228,True,529.1013086989992,112.66635873749037,526.2344673996481,111.1372770809698,0.6952359523798736,3.874772720796106,True,TRACKING,RIGHT + UP + FORWARD,RIGHT + UP + FORWARD,0.6444827106239004,0.6546411670487153,True,True,True,clear
259,True,0.9674008810572687,0,532.0187606484984,115.25044206420965,19.891849732168208,True,531.6113225499524,114.7254995242626,528.9228949748003,112.9313883026162,0.6645076932533008,3.868125465744724,True,TRACKING,RIGHT + UP + FORWARD,RIGHT + UP + FORWARD,0.652884046796251,0.6625586270265575,True,True,True,clear
260,True,0.9601417183348095,0,534.3951844491796,117.47758385224078,19.624779691899406,True,533.9536274034577,116.93811601227983,531.438261189129,114.93475215744802,0.6971356933759494,3.899921562528044,True,TRACKING,RIGHT + UP + FORWARD,RIGHT + UP + FORWARD,0.6607445662160281,0.6699849514036863,True,True,True,clear
261,True,0.9162257495590829,0,536.6126832832098,119.92313234570955,19.362699199212294,True,536.1391129032259,119.37903225806451,533.7886870461774,117.15689220775627,0.7213278104810975,3.9531050134794916,True,TRACKING,RIGHT + UP + FORWARD,RIGHT + UP + FORWARD,0.6680896470193044,0.6769146352600306,True,True,True,clear
262,True,0.8963684676705048,0,538.6696133826601,122.58235753433405,19.105723211272792,True,538.2705841566996,122.0838966892009,536.0296356014385,119.62039444847858,0.6385041403950046,3.9677081555117577,True,TRACKING,RIGHT + UP + FORWARD,RIGHT + UP + FORWARD,0.6750926112544953,0.683342541820813,True,True,True,clear
263,True,0.9350145489815713,0,540.564450004574,125.45011612918844,18.853964446242344,True,540.0988247863248,124.93910256410257,538.0642301938817,122.27974850629057,0.6913332825572666,4.03761439046592,True,TRACKING,RIGHT + UP + FORWARD,RIGHT + UP + FORWARD,0.6814507193558803,0.6892639062642939,True,True,True,clear
264,True,0.931640625,0,542.2957885612143,128.52086151049545,18.60753333383601,True,541.9441725575493,128.02102591988398,540.0042013757155,125.15038721308727,0.6111214541113993,4.075716969838722,True,TRACKING,RIGHT + UP + FORWARD,RIGHT + UP + FORWARD,0.687513129299111,0.6946743392537946,True,True,True,clear
265,True,0.9209486166007905,0,543.8623456612445,131.78865445551378,18.36653796688431,True,543.4187358916479,131.30191873589166,541.7114686336818,128.22615297448948,0.6585600112651954,4.161452725911638,True,TRACKING,RIGHT + UP + FORWARD,RIGHT + UP + FORWARD,0.6928483394802555,0.6995698301913891,True,True,True,clear
266,True,0.9078295341922695,0,545.2629600610686,135.2471746257713,18.131084053920144,True,544.7969260326608,134.63323727185397,543.2541973331713,131.4296951231717,0.7707832316345302,4.313731267679684,True,TRACKING,RIGHT + UP + FORWARD,RIGHT + UP + FORWARD,0.6976693666661603,0.7039467501908394,True,True,True,clear
267,True,0.9487459105779716,0,546.4965935256287,138.88973279142442,17.901274872811584,True,545.987676406281,138.35678791492745,544.6209368697262,134.89324151904958,0.7369035728977528,4.41475145178068,True,TRACKING,RIGHT + UP + FORWARD,RIGHT + UP + FORWARD,0.7019404277178942,0.7078018547675896,True,True,True,clear
268,True,0.9059459459459459,0,547.562331598018,142.70928376910362,17.677211225460727,True,547.0981595092024,142.17914110429447,545.8595481894642,138.53619131167204,0.7046325092460021,4.507124581672687,True,TRACKING,RIGHT + UP + FORWARD,RIGHT + UP + FORWARD,0.7058110880920758,0.7111322862438062,True,True,True,clear
269,True,0.9251101321585903,0,548.4593842773411,146.69844004821724,17.45899139358867,True,548.0791172184051,146.16531334582552,546.9693327039347,142.3507523287488,0.6548489267875856,4.595937575449382,True,TRACKING,RIGHT + UP + FORWARD,RIGHT + UP + FORWARD,0.7092791646997959,0.7139355758666909,True,True,True,clear
270,True,0.9178690344062154,0,549.18708660432,150.84948607936352,17.246711095625894,True,548.7163574322883,150.38984858178716,547.8428450681115,146.37030045526797,0.6579153308594687,4.676546713417124,True,TRACKING,RIGHT + UP + FORWARD,RIGHT + UP + FORWARD,0.7120088908378485,0.7162096456385001,True,True,True,clear
271,True,0.8945615982241953,0,549.7448991542078,155.1543931972096,17.040463444727038,True,549.3979837825991,154.65527065527064,548.6204144253553,150.51278555526932,0.6078433901343439,4.775875564453175,True,TRACKING,RIGHT + UP + FORWARD,RIGHT + UP + FORWARD,0.7144387950792354,0.7179528098568995,True,True,True,clear
272,True,0.9255189255189256,0,550.1324084366499,159.60483514898075,16.84033890792831,True,549.7179138321995,159.05986394557823,549.1691641287774,154.78632475042377,0.6846892650366935,4.913845953797346,True,TRACKING,RIGHT + UP + FORWARD,RIGHT + UP + FORWARD,0.7161536379024295,0.7191637763645311,True,True,True,clear
273,True,0.958594730238394,0,550.3493272021916,164.19220419851962,16.64642526646574,True,549.96875,163.6851851851852,549.5689570643888,159.2357549678045,0.6339615814153136,5.0175060068355615,True,TRACKING,RIGHT + UP + FORWARD,RIGHT + UP + FORWARD,0.717402990826215,0.7198416475068488,True,True,True,clear
274,True,0.9372647427854455,0,550.3954946552084,168.90762777477318,16.458807577271386,True,549.9637268847795,168.43100995732576,549.7663419745841,163.8333824625651,0.6431080402929894,5.11310068197393,True,TRACKING,RIGHT + UP + FORWARD,RIGHT + UP + FORWARD,0.7180198186705752,0.7199859207975262,True,True,True,clear
275,True,0.9159347553324969,0,550.270876573099,173.7419856325044,16.27756813566455,True,549.8465647001699,173.27992231124057,549.806453337377,168.55665238690284,0.6273301191286702,5.20608968514943,True,TRACKING,RIGHT + UP + FORWARD,RIGHT + UP + FORWARD,0.7181451666793031,0.7195964892909344,True,True,True,clear
276,True,0.8946047678795483,0,549.9755653316533,178.68592749203808,16.10278643925432,True,549.5042288557214,178.29751243781095,549.6553410965491,173.4270824123569,0.6107571758843241,5.268585686200333,True,TRACKING,RIGHT + UP + FORWARD,RIGHT + UP + FORWARD,0.7176729409267161,0.7186736416614167,True,True,True,clear
277,True,0.9037940379403794,0,549.5097798365774,183.72989112392253,15.934539153069354,True,549.071975497703,183.29989790709544,549.363658297126,178.36349015972615,0.6136503936726561,5.368389964674643,True,TRACKING,RIGHT + UP + FORWARD,RIGHT + UP + FORWARD,0.7167614321785187,0.7172180619893045,True,True,True,clear
278,True,0.9266943291839558,0,548.8738653612246,188.86412084353117,15.77290007592998,True,548.5264797507788,188.3946002076843,548.9450690239523,183.37904518370522,0.5840602621569639,5.485537800033917,True,TRACKING,RIGHT + UP + FORWARD,RIGHT + UP + FORWARD,0.715453340699851,0.7152308292538269,True,True,True,clear
279,True,0.9449929478138223,0,548.0682932906543,194.07868637983168,15.617940108077665,True,547.6936936936937,193.64917859035506,548.319381358823,188.51411188703014,0.5699138524936275,5.570236485456806,True,TRACKING,RIGHT + UP + FORWARD,RIGHT + UP + FORWARD,0.7134980667463218,0.7127134165332947,True,True,True,clear
280,True,0.926657263751763,0,547.0936607722083,199.36350208182603,15.469727220075786,True,546.7391186807245,198.87618275209513,547.5292500197737,193.69514731956264,0.6026443592726153,5.685066728145649,True,TRACKING,RIGHT + UP + FORWARD,RIGHT + UP + FORWARD,0.7110289063117928,0.7096676899131509,True,True,True,clear
281,True,0.9042253521126761,0,545.9506902728621,204.7083464255188,15.328326422995493,True,545.5645071982281,204.24169435215947,546.5468786090009,198.96842083586105,0.605723967417788,5.770804649869549,True,TRACKING,RIGHT + UP + FORWARD,RIGHT + UP + FORWARD,0.7079589956531279,0.706095907102694,True,True,True,clear
282,True,0.8857545839210155,0,544.6402290436813,210.10288178367838,15.193799739899731,True,544.2709750566893,209.5824829931973,545.408926832845,204.27545191452919,0.6380935731095332,5.877910782830707,True,TRACKING,RIGHT + UP + FORWARD,RIGHT + UP + FORWARD,0.7044028963526408,0.702000715761504,True,True,True,clear
283,True,0.8744710860366713,0,543.1632484917789,215.53667442016024,15.066206178637845,True,542.7965517241379,215.0853448275862,544.1027392784915,209.6803983710577,0.5815194928215117,5.931156051024971,True,TRACKING,RIGHT + UP + FORWARD,RIGHT + UP + FORWARD,0.7003210602452861,0.6973851515368089,True,True,True,clear
284,True,0.918622848200313,0,541.520843460239,220.99921467011384,14.945601705962826,True,541.2187318208261,220.55584642233856,542.6607355496587,215.11812239669814,0.5365136026272772,5.990542571750206,True,TRACKING,RIGHT + UP + FORWARD,RIGHT + FORWARD,0.6958147985926836,0.6922526358132469,True,False,True,clear
285,True,0.9363057324840764,0,539.7142314165411,226.47993726704954,14.83203922298239,True,539.3081928423543,225.97278911564624,540.9844641960065,220.5454557561722,0.6496665076787108,6.068901228144447,True,TRACKING,RIGHT + FORWARD,RIGHT + FORWARD,0.6905764506125202,0.686606973176691,True,True,True,clear
286,True,0.9301587301587302,0,537.7447515500869,231.96824177744247,14.725568541954855,True,537.435965690624,231.44483880508724,539.2102149433152,225.99514728062974,0.6077000727945666,6.150239086795478,True,TRACKING,RIGHT + FORWARD,RIGHT + FORWARD,0.6850319216978601,0.6804523485940216,True,True,True,clear
287,True,0.9137380191693291,0,535.613863779498,237.45351310335658,14.626236364439812,True,535.1282051282051,236.97802197802199,537.1692100357602,231.48658462932588,0.6796735509402038,6.166306624801202,True,TRACKING,RIGHT + FORWARD,RIGHT + FORWARD,0.6786537813617507,0.6737933243109314,True,True,True,clear
288,True,0.9317073170731708,0,533.3231476704196,242.9251420134314,14.534086260813273,True,532.9816713264988,242.4013668841255,535.0754406811295,236.9439757567257,0.6252571307365827,6.232566131677836,True,TRACKING,RIGHT + FORWARD,RIGHT + FORWARD,0.6721107521285298,0.6666348364700614,True,True,True,clear
289,True,0.9249592169657422,0,530.8743012646345,248.372545662521,14.449158651156274,True,530.458215074109,247.9132765689057,532.7668278776193,242.4286261628157,0.6197223719506904,6.237935235302839,True,TRACKING,RIGHT + FORWARD,RIGHT + FORWARD,0.6648963371175605,0.6589821914519828,True,True,True,clear
290,True,0.9203252032520325,0,528.2691398213537,253.78518806029842,14.371490787525305,True,527.9028301886792,253.27295597484274,530.3348290331493,247.8507910688292,0.629733639216155,6.283640630405856,True,TRACKING,RIGHT + FORWARD,RIGHT + FORWARD,0.6572963407285914,0.6508410619417304,True,True,True,clear
291,True,0.8978930307941653,0,525.5095944716172,259.15260044923843,14.301116737612292,True,525.1778846153846,258.7112179487179,527.756356824267,253.28100450877355,0.5521321766457812,6.286778185793413,True,TRACKING,RIGHT + FORWARD,RIGHT + FORWARD,0.6492386150758342,0.6422174827238039,True,True,True,clear
292,True,0.9056910569105691,0,522.597710786802,264.46440155256215,14.238067369801415,True,522.2418426103646,263.9516954574536,524.9990997173159,258.61634998311354,0.6241071213841148,6.321896547281095,True,TRACKING,RIGHT + FORWARD,RIGHT + DOWN + FORWARD,0.6406221866166121,0.6331178462087564,True,False,True,clear
293,True,0.8802588996763754,0,519.5356472622992,269.7103176529819,14.182370339629198,True,519.2137504072988,269.2759856630824,522.1064250623074,263.946167823098,0.5406124884880643,6.311443714267424,True,TRACKING,RIGHT + FORWARD,RIGHT + DOWN + FORWARD,0.6315825783197105,0.623548897694685,True,False,True,clear
294,True,0.8988580750407831,0,516.3256737174835,274.88020246341364,14.134050077653878,True,515.8912690684842,274.3946770529049,518.9988470653958,269.1704224380014,0.6514923816299228,6.304557374359052,True,TRACKING,RIGHT + DOWN + FORWARD,RIGHT + DOWN + FORWARD,0.6218713970793619,0.6135177303671359,True,True,True,clear
295,True,0.8841761827079935,0,512.9701696131616,279.96405675122054,14.093127778739355,True,512.596960687149,279.51172778328373,515.7979038762724,274.3410751106426,0.5864182787825097,6.293965649179169,True,TRACKING,RIGHT + DOWN + FORWARD,RIGHT + DOWN + FORWARD,0.6118684496133511,0.60303178004113,True,True,True,clear
296,True,0.8760195758564437,0,509.4716222877468,284.9520476780364,14.059621392758428,True,509.2112112112112,284.4738071404738,512.5045575437418,279.4074411255582,0.5445437912148196,6.3199175697822305,True,TRACKING,RIGHT + DOWN + FORWARD,RIGHT + DOWN + FORWARD,0.6015767423241932,0.5920988196492087,True,True,True,clear
297,True,0.8776508972267537,0,505.8326251134664,289.83452781775867,14.033545616719383,True,505.5148185148185,289.3929403929404,509.00968802928014,284.4001907592493,0.5440592687399083,6.294898572378033,True,TRACKING,RIGHT + DOWN + FORWARD,RIGHT + DOWN + FORWARD,0.5906552750915004,0.5807269534795825,True,True,True,clear
298,True,0.8776508972267537,0,502.0558755739697,294.6020538159319,14.014911888319407,True,501.664,294.1626666666666,505.33684401464006,289.28142871295796,0.5887508237052157,6.25090436617549,True,TRACKING,RIGHT + DOWN + FORWARD,RIGHT + DOWN + FORWARD,0.5791776375457502,0.5689246111686552,True,True,True,clear
299,True,0.8743882544861338,0,498.14417326476143,299.2454046544281,14.003728380927626,True,497.76452905811624,298.78356713426854,501.5506865363782,294.0324979236133,0.5978491604630785,6.227256960642916,True,TRACKING,RIGHT + DOWN + FORWARD,RIGHT + DOWN + FORWARD,0.5673458954261819,0.5567005414523795,True,True,True,clear
0,True,0.6394779771615008,0,409.7219860679131,230.39999999999998,14.0,True,408.3824756606398,228.55818266110336,408.3824756606398,228.55818266110336,2.277406252967134,2.277406252967134,True,TRACKING,RIGHT + FORWARD,RIGHT + FORWARD,0.27619523643949934,0.2803812064622285,True,True,True,turbid
1,True,0.6508972267536705,0,415.4659554431149,235.88722116606954,14.003728380927626,True,414.21752951861936,234.21934604904632,411.30000258962957,231.38876435507484,2.083356593321893,6.1311725516288735,True,TRACKING,RIGHT + FORWARD,RIGHT + FORWARD,0.2853125080925924,0.2983311107597341,True,True,True,turbid
2,True,0.6508972267536705,0,421.13915865897377,241.36382932953273,14.014911888319407,True,419.86512261580384,239.66712079927336,415.58256260271673,235.5279425771741,2.1217887915508946,8.058122232801287,True,TRACKING,RIGHT + FORWARD,RIGHT + FORWARD,0.2986955081334898,0.31605987080929304,True,True,True,turbid
3,True,0.6574225122349103,0,426.737390333572,246.81923201471687,14.033545616719383,True,425.5414414414414,245.1234234234234,420.56200202207907,240.32568300029874,2.0751049445493694,8.961115979629687,True,TRACKING,RIGHT + FORWARD,RIGHT + FORWARD,0.3142562563189971,0.3335543447924126,True,True,True,turbid
4,True,0.6557911908646004,0,432.2565006592334,252.24287776011445,14.059621392758427,True,430.83942264321155,250.55931438881368,425.7007123326453,245.4424986945562,2.2005671379619427,9.445820028896977,True,TRACKING,RIGHT + FORWARD,RIGHT + FORWARD,0.3303147260395166,0.3508015645601043,True,True,True,turbid
5,True,0.6590538336052202,0,437.69239847865555,257.6242765262885,14.093127778739355,True,436.4629878869448,255.9869896814715,431.081850109795,250.71474418801387,2.0474761574243954,9.562478071645831,True,TRACKING,RIGHT + FORWARD,RIGHT + FORWARD,0.34713078159310945,0.3677887452457986,True,True,True,turbid
6,True,0.6541598694942904,0,443.04105431756693,262.9530199849791,14.134050077653876,True,441.7467209407508,261.16327453640884,436.41428552527293,255.93900936221135,2.208729875068094,9.649373536288282,True,TRACKING,RIGHT + FORWARD,RIGHT + FORWARD,0.3637946422664779,0.38450329474239664,True,True,True,turbid
7,True,0.6655791190864601,0,448.29850337166016,268.2188016501702,14.182370339629198,True,446.8782222222222,266.3928888888889,441.6462538737476,261.1659491255501,2.313256569267401,9.695109701107954,True,TRACKING,RIGHT + FORWARD,RIGHT + DOWN + FORWARD,0.3801445433554612,0.400932823036438,True,False,True,turbid
8,True,0.6786296900489397,0,453.4608484455864,273.4114368121798,14.238067369801415,True,452.1144473455178,271.7088772845953,446.8803506096327,266.43741320507274,2.1706001168420133,9.588532580195844,True,TRACKING,RIGHT + DOWN + FORWARD,RIGHT + DOWN + FORWARD,0.3965010956551023,0.41706515139245753,True,True,True,turbid
9,True,0.6884176182707994,0,458.52426284183474,278.5208822362191,14.301116737612292,True,457.06383890317045,276.85946872322194,451.9720947564016,271.6484409641473,2.2120427079496734,9.49533336212292,True,TRACKING,RIGHT + DOWN + FORWARD,RIGHT + DOWN + FORWARD,0.412412796113755,0.4328883213807336,True,True,True,turbid
10,True,0.6867862969004894,0,463.4849931973521,283.53725558732106,14.371490787525303,True,462.08333333333326,281.7409793814433,457.0277140448674,276.69471017279534,2.278433361370005,9.408341076032475,True,TRACKING,RIGHT + DOWN + FORWARD,RIGHT + DOWN + FORWARD,0.4282116063902107,0.44839060374172524,True,True,True,turbid
11,True,0.6982055464926591,0,468.3393622658033,288.4508545440668,14.449158651156274,True,466.89678510998306,286.72165820642977,461.96224957742527,281.70818418961255,2.2519211408465494,9.28068799977177,True,TRACKING,RIGHT + DOWN + FORWARD,RIGHT + DOWN + FORWARD,0.44363202992945394,0.4635605070806353,True,True,True,turbid
12,True,0.7063621533442088,0,473.08377164340726,293.25217556414293,14.534086260813272,True,471.8272841051314,291.49478514810176,466.89476684127834,286.60148466885715,2.1603661745722365,9.084903402095806,True,TRACKING,RIGHT + DOWN + FORWARD,RIGHT + DOWN + FORWARD,0.4590461463789948,0.4783867863856477,True,True,True,turbid
13,True,0.7145187601957586,0,477.7147044363307,297.93193226543406,14.62623636443981,True,476.16687268232386,296.1561598681499,471.5308197618011,291.37882226850354,2.355663546788484,9.010198682590318,True,TRACKING,RIGHT + DOWN + FORWARD,RIGHT + DOWN + FORWARD,0.47353381175562853,0.4928584513635334,True,True,True,turbid
14,True,0.7455138662316476,0,482.2287278676595,302.481073387099,14.725568541954857,True,480.7452606635071,300.76066350710903,476.1380402126541,296.0697428878063,2.27167011270623,8.843168825822314,True,TRACKING,RIGHT + DOWN + FORWARD,RIGHT + DOWN + FORWARD,0.48793137566454414,0.5069647745864359,True,True,True,turbid
15,True,0.7345276872964169,0,486.62249582201724,306.8908002958915,14.83203922298239,True,485.18922155688625,305.1365269461078,480.6636308847702,300.60313491695706,2.2653366427196113,8.662725163469215,True,TRACKING,RIGHT + DOWN + FORWARD,RIGHT + DOWN + FORWARD,0.5020738465149069,0.5206952994438039,True,True,True,turbid
16,True,0.7536704730831973,0,490.89275132594446,311.15258400386665,14.945601705962822,True,489.4292397660819,309.31929824561405,485.04643532542605,304.96121658128556,2.3458053536607033,8.515423732223553,True,TRACKING,RIGHT + DOWN + FORWARD,RIGHT + DOWN + FORWARD,0.5157701103919564,0.5340398478935764,True,True,True,turbid
17,True,0.6558533145275035,0,495.0363289621986,315.25818166455787,15.066206178637843,True,493.58565891472864,313.24418604651163,489.3160471200773,309.1027013138986,2.4820600186409454,8.403068647860417,True,TRACKING,RIGHT + DOWN + FORWARD,RIGHT + DOWN + FORWARD,0.5291126472502417,0.5469885280068706,True,True,True,turbid
18,True,0.6713681241184767,0,499.05015721618696,319.19965251571875,15.193799739899726,True,497.6375990939977,317.3525858814647,493.4768231070375,313.22764359768166,2.3252904334593287,8.1686561691213,True,TRACKING,RIGHT + DOWN + FORWARD,RIGHT + DOWN + FORWARD,0.5421150722094922,0.5595317413005843,True,True,True,turbid
19,True,0.6967559943582511,0,502.93126075279145,322.9693732377946,15.328326422995492,True,501.43874954561977,321.2370047255543,497.45778632632863,317.23232416161795,2.2866329757385233,7.929227856456269,True,TRACKING,RIGHT + DOWN + FORWARD,RIGHT + DOWN + FORWARD,0.554555582269777,0.5716601898524732,True,True,True,turbid
20,True,0.6981664315937941,0,506.6767626218993,326.5600526984185,15.469727220075786,True,505.0628177196804,324.61728395061726,501.26030202300456,320.92480405611764,2.52570159655319,7.816269742014568,True,TRACKING,RIGHT + DOWN + FORWARD,RIGHT + DOWN + FORWARD,0.5664384438218892,0.5833648831934353,True,True,True,turbid
21,True,0.7108603667136812,0,510.28388639100257,329.96474605441364,15.617940108077669,True,508.7426024955437,328.0602495543672,505.0014522592741,324.4925268052424,2.4500332579559094,7.6058723278168445,True,TRACKING,RIGHT + DOWN + FORWARD,RIGHT + DOWN + FORWARD,0.5781295383102316,0.594637144971883,True,True,True,turbid
22,True,0.7235543018335684,0,513.7499582032876,333.17686818402774,15.77290007592998,True,512.0829831932773,331.20973389355737,508.5422177262757,327.8511303493999,2.5784536064748793,7.448761263397761,True,TRACKING,RIGHT + DOWN + FORWARD,RIGHT + DOWN + FORWARD,0.5891944303946115,0.6054686193852739,True,True,True,turbid
23,True,0.7489421720733427,0,517.0724087596885,336.1902064234184,15.93453915306935,True,515.5239541160594,334.2155870445344,512.0330859211675,331.0333586969672,2.5093492134098874,7.210260268856054,True,TRACKING,RIGHT + DOWN + FORWARD,RIGHT + DOWN + FORWARD,0.6001033935036485,0.6158512773740267,True,True,True,turbid
24,True,0.6838143036386449,0,520.248775223434,338.99893258275677,16.10278643925432,True,518.7896120973044,337.0213675213675,515.4113490092359,334.02736310916737,2.457624991874051,6.936655924041278,True,TRACKING,RIGHT + DOWN + FORWARD,RIGHT + DOWN + FORWARD,0.6106604656538621,0.6257774225732312,True,True,True,turbid
25,True,0.7001254705144291,0,523.2767030456769,341.5976142187083,16.27756813566454,True,521.6772639691715,339.5606936416185,518.5443064892037,336.79402837539294,2.589836055974261,6.74314571411735,True,TRACKING,RIGHT + DOWN + FORWARD,RIGHT + DOWN + FORWARD,0.6204509577787615,0.6352396970177402,True,True,True,turbid
26,True,0.7001254705144291,0,526.153947710854,343.9812251414874,16.458807577271386,True,524.4823378291586,341.89049454078355,521.5133221591811,339.3422614580883,2.676832837758329,6.561660579970239,True,TRACKING,RIGHT + DOWN + FORWARD,RIGHT + DOWN + FORWARD,0.629729131747441,0.6442310865964188,True,True,True,turbid
27,True,0.740276035131744,0,528.8783764004808,346.1451551361657,16.646425266465744,True,527.1503327283726,344.2368421052632,524.3318274437769,341.78955178167575,2.5744501464633984,6.296220135712328,True,TRACKING,RIGHT + DOWN + FORWARD,RIGHT + DOWN + FORWARD,0.6385369607618028,0.6527449262515024,True,True,True,turbid
28,True,0.7352572145545797,0,531.4479695741472,348.0852188794295,16.84033890792831,True,529.7740164684355,345.7755413235742,527.0529219561063,343.782546552625,2.8524952957267784,6.150563609678121,True,TRACKING,RIGHT + DOWN + FORWARD,RIGHT + DOWN + FORWARD,0.6470403811128321,0.6607749049192101,True,True,True,turbid
29,True,0.6770255271920089,0,533.860822466546,349.79766403454204,17.04046344472703,True,532.2136376938835,347.71992976294996,529.6332798249948,345.7512381577875,2.651451937833216,5.851980789630309,True,TRACKING,RIGHT + DOWN + FORWARD,RIGHT + DOWN + FORWARD,0.6551039994531088,0.6683150702079562,True,True,True,turbid
30,True,0.6958934517203108,0,536.1151464994192,351.27917850885314,17.246711095625894,True,534.385336743393,349.10400682011937,532.0093082841939,347.42762248895343,2.779139015506815,5.6295995616055965,True,TRACKING,RIGHT + DOWN + FORWARD,RIGHT + DOWN + FORWARD,0.6625290883881061,0.675359832810685,True,True,True,turbid
31,True,0.7180910099889012,0,538.2092706073807,352.5268968598189,17.458991393588665,True,536.4450867052024,350.34214148086977,534.2271974946982,348.8848819849116,2.8081134069963416,5.3964042309481774,True,TRACKING,RIGHT + DOWN + FORWARD,RIGHT + DOWN + FORWARD,0.6694599921709319,0.6819039706480648,True,True,True,turbid
32,True,0.730299667036626,0,540.1416424766278,353.53840583714197,17.677211225460724,True,538.3635872501351,351.3465694219341,536.2953923724167,350.11572570342287,2.822344284365288,5.148628862318514,True,TRACKING,RIGHT + DOWN + FORWARD,RIGHT + DOWN + FORWARD,0.6759231011638022,0.6879426327394619,True,True,True,turbid
33,True,0.7436182019977803,0,541.9108296956272,354.31174905031276,17.901274872811584,True,539.9400212314225,351.8492569002123,538.1177068019197,350.9824913018176,3.1540376649442554,5.046953382257747,True,TRACKING,RIGHT + DOWN + FORWARD,RIGHT + DOWN + FORWARD,0.6816178337559989,0.6934713427988349,True,True,True,turbid
34,True,0.7036669970267592,0,543.5155208169205,354.84543075252463,18.13108405392014,True,541.8603198400799,352.63793103448273,539.9890133209998,351.8102111681502,2.759120381369573,4.652828499327561,True,TRACKING,RIGHT + DOWN + FORWARD,RIGHT + DOWN + FORWARD,0.6874656666281244,0.6984860025528764,True,True,True,turbid
35,True,0.7016848364717542,0,544.9545263292617,355.1384187336433,18.366537966884298,True,543.0278195488722,352.77192982456137,541.508416434936,352.2910704963558,3.0516337877285653,4.470242206878068,True,TRACKING,RIGHT + DOWN + FORWARD,RIGHT + DOWN + FORWARD,0.6922138013591749,0.7029828947789429,True,True,True,turbid
36,True,0.7294350842418236,0,546.2267795393684,355.19014631663623,18.607533333836002,True,544.4106454720616,352.74060693641616,542.9595309534988,352.515838716386,3.049358313757414,4.222183613087363,True,TRACKING,RIGHT + DOWN + FORWARD,RIGHT + DOWN + FORWARD,0.6967485342296836,0.7069586860605263,True,True,True,turbid
37,True,0.7690782953419227,0,547.3313373626303,355.0005134536001,18.853964446242344,True,545.502623773671,352.60871549167234,544.2310773635849,352.56227710402914,3.0107957222512134,3.9441866789048174,True,TRACKING,RIGHT + DOWN + FORWARD,RIGHT + DOWN + FORWARD,0.7007221167612027,0.7104104292582196,True,True,True,turbid
38,True,0.6908768821966342,0,548.2673810221906,354.5698869192663,19.10572321127279,True,546.3487633310642,352.0111186748355,545.2899203473246,352.2866978894323,3.1981852312539645,3.752095976428146,True,TRACKING,RIGHT + DOWN + FORWARD,RIGHT + DOWN + FORWARD,0.7040310010853894,0.7133355656943458,True,True,True,turbid
39,True,0.7032772364924712,0,549.0342166558819,353.8990996016108,19.362699199212294,True,547.1105169340462,351.30414438502675,546.2002186406854,351.7954211372295,3.2302342323533577,3.5294486583090277,True,TRACKING,RIGHT + DOWN + FORWARD,RIGHT + DOWN + FORWARD,0.7068756832521419,0.715731927049631,True,True,True,turbid
40,True,0.7174490699734278,0,549.6312758305658,352.98944889094037,19.62477969189941,True,547.5166775670373,350.27272727272725,546.8584481038613,351.03407420497837,3.4426882180912255,3.3929432303653457,True,TRACKING,RIGHT + DOWN + FORWARD,RIGHT + DOWN + FORWARD,0.7089326503245665,0.717597736970518,True,True,True,turbid
41,True,0.7395925597874224,0,550.0581159634966,351.8426941705694,19.891849732168208,True,547.953316434305,349.09209970426696,547.4058822690831,350.0630869546227,3.46351713957632,3.193954510138117,True,TRACKING,RIGHT + DOWN + FORWARD,RIGHT + DOWN + FORWARD,0.7106433820908847,0.7189316123859267,True,True,True,turbid
42,True,0.6913285600636436,0,550.3144206503947,350.46105341394355,20.163792174272277,True,548.1325619163622,347.739748274462,547.7692220927227,348.9014176145423,3.4879806761853938,2.9850459836910086,True,TRACKING,RIGHT + DOWN + FORWARD,RIGHT + DOWN + FORWARD,0.7117788190397583,0.7197325645324835,True,True,True,turbid
43,True,0.7223548130469372,0,550.399999899988,348.8471988947888,20.440487735268725,True,548.4490983129726,346.27632344386274,548.1091602028476,347.5888705292025,3.2272926093543397,2.6136826114953204,True,TRACKING,RIGHT + DOWN + FORWARD,RIGHT + DOWN + FORWARD,0.7128411256338989,0.7199999996874624,True,True,True,turbid
44,True,0.7366746221161495,0,550.3147902748469,347.00425201858525,20.721815047339625,True,548.3559612093554,344.1715154972428,548.2325607061016,345.88019301322265,3.444039417190455,2.3662604726644374,True,TRACKING,RIGHT + DOWN + FORWARD,RIGHT + DOWN + FORWARD,0.7132267522065675,0.7197337196088966,True,True,True,turbid
45,True,0.6868171886380189,0,550.0588549384092,344.93577728536087,21.007650711027956,True,547.8473310936917,342.07334826427774,548.0399458998966,343.97677063875017,3.6172278911472246,2.235103454883393,True,TRACKING,RIGHT + DOWN + FORWARD,RIGHT + DOWN + FORWARD,0.7126248309371768,0.7189339216825289,True,True,True,turbid
46,True,0.7152221412964311,0,549.632383608158,342.64577539548316,21.29786934936466,True,547.343537414966,339.81238811313995,547.6917416574313,341.89457937594506,3.6423756516638277,2.080958106423603,True,TRACKING,RIGHT + DOWN + FORWARD,RIGHT + DOWN + FORWARD,0.7115366926794728,0.7176011987754937,True,True,True,turbid
47,True,0.7356154406409323,0,549.03569241499,340.1386755117814,21.59234366286315,True,546.7632447455271,337.2899079381622,547.2274932014792,339.5922436570536,3.6441041558868092,1.8889606050953562,True,TRACKING,RIGHT + DOWN + FORWARD,RIGHT + DOWN + FORWARD,0.7100859162546225,0.7157365387968436,True,True,True,turbid
48,True,0.7487254187909687,0,548.2692236688772,337.4193266929678,21.89094448535706,True,545.8312841530054,334.5061475409836,546.5293886772423,337.0491955990186,3.7987052866212894,1.7787700314614023,True,TRACKING,RIGHT + DOWN + FORWARD,RIGHT + DOWN + FORWARD,0.7079043396163822,0.7133413239652413,True,True,True,turbid
49,True,0.7007251153592617,0,547.3335455309943,334.4929885149238,22.193540840656787,True,544.9952074037349,331.47975541232853,545.7622980404885,334.26447550567354,3.8141052591625377,1.5877773369768893,True,TRACKING,RIGHT + DOWN + FORWARD,RIGHT + DOWN + FORWARD,0.7055071813765267,0.7104173297843573,True,True,True,turbid
50,True,0.7251153592617007,0,546.2293515925583,331.3653208979934,22.5,True,543.9592096876991,328.38973868706177,544.8607538640938,331.3271070963676,3.742677352138514,1.369131124835305,True,TRACKING,RIGHT + DOWN + FORWARD,RIGHT + DOWN + FORWARD,0.7026898558252931,0.7069667237267445,True,True,True,turbid
51,True,0.7468688200395518,0,544.9574603606886,328.0423731599582,22.810187540270842,True,542.5830241187384,325.0012368583797,543.7218889914161,328.16417197737366,3.8582972244067872,1.2415601316447709,True,TRACKING,RIGHT + DOWN + FORWARD,RIGHT + DOWN + FORWARD,0.6991309030981754,0.7029920636271519,True,True,True,turbid
52,True,0.6950998185117967,0,543.5188146516716,324.53057231586575,23.12396740296235,True,540.8910256410256,321.2791514041514,542.3064573162209,324.7216616907625,4.18055176138334,1.2273245121074015,True,TRACKING,RIGHT + DOWN + FORWARD,RIGHT + DOWN + FORWARD,0.6947076791131902,0.6984962957864738,True,True,True,turbid
53,True,0.7144585601935874,0,541.914480892078,320.83671064734347,23.441201953856233,True,539.2718518518518,317.5902222222222,540.7891545840364,321.15594195649237,4.186069198985262,1.1697298527059614,True,TRACKING,RIGHT + DOWN + FORWARD,RIGHT + DOWN + FORWARD,0.6899661080751137,0.6934827527877439,True,True,True,turbid
54,True,0.7428917120387175,0,540.1456483282515,316.96793256543805,23.761752043393763,True,537.5753307725139,313.89486413430075,539.1822426782751,317.52540304539656,4.006280309686961,1.1130695317147008,True,TRACKING,RIGHT + DOWN + FORWARD,RIGHT + DOWN + FORWARD,0.6849445083696096,0.6879551510257859,True,True,True,turbid
55,True,0.7088678192972672,0,538.213628144755,312.9317207923918,24.085477067711395,True,535.7818980909215,309.67655541821176,537.4820703845983,313.60097923180416,4.063177656462737,0.9915057312846274,True,TRACKING,RIGHT + DOWN + FORWARD,RIGHT + DOWN + FORWARD,0.6796314699518696,0.6819175879523595,True,True,True,turbid
56,True,0.7255995538204127,0,536.1198524924273,308.73588188907945,24.41223503031425,True,533.5501409585179,305.4334810041616,535.5161056715581,309.5172301179829,4.184407840090796,0.9874286194557096,True,TRACKING,RIGHT + DOWN + FORWARD,RIGHT + DOWN + FORWARD,0.673487830223619,0.6753745390388353,True,True,True,turbid
57,True,0.7445621862799777,0,533.865873426771,304.3885311561002,24.74188260436047,True,531.0841830065359,301.0630065359477,533.3001443390469,305.2901183269653,4.335540980462349,1.0643818992098737,True,TRACKING,RIGHT + DOWN + FORWARD,RIGHT + DOWN + FORWARD,0.6665629510595217,0.6683308544586595,True,True,True,turbid
58,True,0.7093319734829169,0,531.4533617574582,299.8980769377259,25.07427519552914,True,528.9062656641603,296.62268170426063,531.1032050016036,300.956400015613,4.149206242632479,1.1147454825470664,True,TRACKING,RIGHT + DOWN + FORWARD,RIGHT + DOWN + FORWARD,0.6596975156300111,0.6607917554920568,True,True,True,turbid
59,True,0.7144314125446201,0,528.8841058098076,295.27320435906455,25.409267005444086,True,525.9957727216213,291.91383812010446,528.5494888616124,296.43511906785875,4.430328380129026,1.2091378302458962,True,TRACKING,RIGHT + DOWN + FORWARD,RIGHT + DOWN + FORWARD,0.6517171526925388,0.6527628306556487,True,True,True,turbid
60,True,0.7414584395716471,0,526.1600100991509,290.5228585278941,25.746711095625894,True,523.2088872918912,287.27212839861056,525.8791880767518,291.85362373323466,4.390486555834104,1.3600724392507486,True,TRACKING,RIGHT + DOWN + FORWARD,RIGHT + DOWN + FORWARD,0.6433724627398494,0.6442500315598465,True,True,True,turbid
61,True,0.7067421027817068,0,523.2830939190701,285.65622723365493,26.086459451943984,True,520.4051764159702,282.17966573816153,523.142182246361,287.0166447356981,4.513190555094685,1.3676958285273189,True,TRACKING,RIGHT + DOWN + FORWARD,RIGHT + DOWN + FORWARD,0.6348193195198781,0.635259668497094,True,True,True,turbid
62,True,0.727958510136728,0,520.2554898445534,280.6827231770651,26.428363049540486,True,517.5618597320724,277.13891703253404,520.3520209892167,282.07778088411607,4.451314993670996,1.398393459614395,True,TRACKING,RIGHT + DOWN + FORWARD,RIGHT + DOWN + FORWARD,0.6261000655913023,0.6257984057642293,True,True,True,turbid
63,True,0.7454031117397454,0,517.0794421511795,275.6119657647273,26.772271918197468,True,514.0425461741424,272.24626209322776,517.1972835816796,277.16202148867194,4.533287811256775,1.554528658492936,True,TRACKING,RIGHT + DOWN + FORWARD,RIGHT + DOWN + FORWARD,0.6162415111927487,0.6158732567224359,True,True,True,turbid
64,True,0.709043250327654,0,513.7573051514995,270.45376250393974,27.118035208118854,True,510.84901016586406,266.8314606741573,514.0231468737718,271.9967410814146,4.645347163508605,1.5657122059455952,True,TRACKING,RIGHT + DOWN + FORWARD,RIGHT + DOWN + FORWARD,0.6063223339805368,0.6054915785984359,True,True,True,turbid
65,True,0.7190913062472696,0,510.2915414498546,265.2180900336958,27.465501256098094,True,507.1793816608631,261.5707502374169,510.60126426731745,266.7837456594158,4.794645569980657,1.5959967926051242,True,TRACKING,RIGHT + DOWN + FORWARD,RIGHT + DOWN + FORWARD,0.595628950835367,0.5946610670307957,True,True,True,turbid
66,True,0.7362445414847162,0,506.68472011691733,259.9150748285608,27.81451765204268,True,503.66131356804607,255.88995264566603,507.1312889176818,261.33684915254094,5.034143000252315,1.490256998690266,True,TRACKING,RIGHT + FORWARD,RIGHT + FORWARD,0.5847852778677556,0.5833897503653667,True,True,True,turbid
67,True,0.7040358744394619,0,502.9395147853138,254.55497361274735,28.16493130582626,True,499.76783202732565,250.4586096041792,503.4495604725037,255.89772937836005,5.18071130328759,1.436363341605181,True,TRACKING,RIGHT + FORWARD,RIGHT + FORWARD,0.5732798764765741,0.5716859837041056,True,True,True,turbid
68,True,0.7309417040358744,0,499.0587016677374,249.1481535222705,28.516588514439,True,495.9648970118944,245.33691132385647,499.70722874219905,250.61732035110828,4.908889318724527,1.6059385222563933,True,TRACKING,RIGHT + FORWARD,RIGHT + FORWARD,0.561585089819372,0.5595584427116794,True,True,True,turbid
69,True,0.7509172441907868,0,495.04515749902157,243.70507205355244,28.869335029406827,True,492.0132655941293,239.60090318938754,495.86024716816416,245.10911177024792,5.102604294723632,1.6234835061685426,True,TRACKING,RIGHT + FORWARD,RIGHT + FORWARD,0.5495632724005131,0.5470161171844424,True,True,True,turbid
70,True,0.7192848992012172,0,490.9018574037004,238.2362568372583,29.22301612444989,True,487.69891881986433,234.33947223749314,491.7795829940143,239.72429200387052,5.044179396967621,1.7276142130019954,True,TRACKING,RIGHT + FORWARD,RIGHT + FORWARD,0.5368111968562946,0.5340683043865637,True,True,True,turbid
71,True,0.7390642829973374,0,486.63187269063326,232.75228527648298,29.577476663350634,True,483.5004453946196,228.6852841617673,487.6400141943169,234.2047880828189,5.1328681044147295,1.7680819250994202,True,TRACKING,RIGHT + FORWARD,RIGHT + FORWARD,0.5238750443572403,0.5207246021582289,True,True,True,turbid
72,True,0.7565614302015976,0,482.2383685763333,227.2637640886715,29.93256116800167,True,478.9220395023057,223.17671626207257,483.2810268483113,228.69075217244574,5.263268800293947,1.7673231915407481,True,TRACKING,RIGHT + FORWARD,RIGHT + FORWARD,0.5102532089009728,0.5069949018010416,True,True,True,turbid
73,True,0.7135767458348103,0,477.72460183868304,221.78130879084213,30.288113886603607,True,474.49015561860546,217.31880319834923,478.8855912334584,223.00477768539747,5.511406219251546,1.686645342306826,True,TRACKING,RIGHT + FORWARD,RIGHT + FORWARD,0.4965174726045575,0.4928893807458845,True,True,True,turbid
74,True,0.7472527472527473,0,473.0939184027793,216.31552316778948,30.64397886198293,True,469.840426404264,212.35383353833535,474.3630088188612,217.67930561186643,5.126421257029846,1.8629259349108342,True,TRACKING,RIGHT + FORWARD,RIGHT + FORWARD,0.48238440255894127,0.47841849500868533,True,True,True,turbid
75,True,0.7550514002126906,0,468.34975086069494,210.87697876297918,30.999999999999996,True,465.0411292285228,206.62261701955057,469.702069023692,212.1509613157085,5.38948707659889,1.8579009550109162,True,TRACKING,RIGHT + UP + FORWARD,RIGHT + UP + FORWARD,0.46781896569903747,0.4635929714396717,True,True,True,turbid
76,True,0.7337554148617128,0,463.4956159269976,205.47619443180196,31.35602113801707,True,460.2237904806712,201.26205598682662,464.9629297521816,206.70650865126757,5.335148037744398,1.9148584647945766,True,TRACKING,RIGHT + UP + FORWARD,RIGHT + UP + FORWARD,0.45300915547556747,0.4484237997718674,True,True,True,turbid
77,True,0.7447517494168611,0,458.53511183191097,200.12361599673318,31.71188611339639,True,455.0636686756297,195.74756606397776,460.0132992139056,201.22703735762266,5.58576141642846,1.8446074476580057,True,TRACKING,RIGHT + UP + FORWARD,RIGHT + UP + FORWARD,0.437541560043455,0.4329222244747218,True,True,True,turbid
78,True,0.7123714552820193,0,453.4719156540498,194.82959604374696,32.06743883199833,True,449.99577198942995,190.42967157417894,455.0045356016678,195.82835446590082,5.607397802455251,1.8293283711952502,True,TRACKING,RIGHT + UP + FORWARD,RIGHT + UP + FORWARD,0.42188917375521184,0.4170997364189056,True,True,True,turbid
79,True,0.7298223745715176,0,448.3097805947084,189.6043738990632,32.42252333664936,True,444.6568735733745,185.20027980266548,449.83070458752115,190.51431713428315,5.72186809673516,1.7723449109121017,True,TRACKING,RIGHT + UP + FORWARD,RIGHT + UP + FORWARD,0.4057209518360036,0.40096806435846377,True,True,True,turbid
80,True,0.7510127765659084,0,443.0525331957199,184.45805582495217,32.7769838755501,True,439.4339487619865,180.0908115070846,444.6323266747538,185.30256432068387,5.671593800335493,1.7913520133578247,True,TRACKING,RIGHT + UP + FORWARD,RIGHT + UP + FORWARD,0.38947602085860566,0.38453916623662465,True,True,True,turbid
81,True,0.7145790554414785,0,437.70407050295177,179.40059547290363,33.13066497059317,True,434.0920028308563,174.6607218683652,439.36216475280503,179.98164309452454,5.959314948448136,1.7569555714325205,True,TRACKING,RIGHT + UP + FORWARD,RIGHT + UP + FORWARD,0.3730067648525157,0.36782522032172427,True,True,True,turbid
82,True,0.7266060428278087,0,432.26835717753806,174.441774631964,33.48341148556099,True,428.5145124243057,169.69081923853273,433.9383385885553,174.83623116652865,6.054991955547421,1.7159352758201454,True,TRACKING,RIGHT + UP + FORWARD,RIGHT + UP + FORWARD,0.3560573080892354,0.35083861617980644,True,True,True,turbid
83,True,0.7461155086484902,0,426.74942255698994,169.59118430947856,33.83506869417374,True,423.0399837629389,164.89709762532982,428.4891611757471,169.86666439592923,5.982840961041282,1.7614141306421625,True,TRACKING,RIGHT + UP + FORWARD,RIGHT + UP + FORWARD,0.33902862867420963,0.33359194549059357,True,True,True,turbid
84,True,0.7164137931034483,0,421.15135766836477,164.85820618083025,34.18548234795732,True,417.17608061522134,160.22460885706707,422.8326208954842,165.04563662649815,6.105165993487322,1.6916785187580001,True,TRACKING,RIGHT + UP + FORWARD,RIGHT + UP + FORWARD,0.3213519402983881,0.3160979927136399,True,True,True,turbid
85,True,0.7326896551724138,0,415.4783121957053,160.25199444405413,34.534498743901906,True,411.6303643199792,155.46304939712175,417.2314926077317,160.25434301180996,6.143345791736231,1.753181985101232,True,TRACKING,RIGHT + UP + FORWARD,RIGHT + UP + FORWARD,0.30384841439916155,0.2983697256115791,True,True,True,turbid
86,True,0.7489655172413793,0,409.7344914039985,155.78145811442164,34.881964791881146,True,406.00887874175544,150.92611618467782,411.62018567474354,155.5902295982439,6.120011026443846,1.8953657241071415,True,TRACKING,RIGHT + UP + FORWARD,RIGHT + UP + FORWARD,0.28631308023357355,0.2804202856374953,True,True,True,turbid
87,True,0.7184012457825072,0,403.9241530219341,151.45524379324212,35.227728081802525,True,400.08616187989554,146.50733557130422,405.8531737773195,151.04878258477407,6.261946325152194,1.971378144521491,True,TRACKING,RIGHT + UP + FORWARD,RIGHT + UP + FORWARD,0.26829116805412345,0.26226297819354405,True,True,True,turbid
88,True,0.7342330651440436,0,398.05160408577296,147.2817189442054,35.57163695045952,True,394.1560904449307,142.29947726720155,400.00463211112515,146.6741299259878,6.324378123899784,2.045356419519509,True,TRACKING,RIGHT + UP + FORWARD,RIGHT + UP + FORWARD,0.25001447534726606,0.2439112627680405,True,True,True,turbid
89,True,0.7459122761484558,0,392.12119774666564,143.26895570961457,35.91354054805602,True,388.1581373077153,138.1938109774346,394.08138470942026,142.43397045171122,6.439172469762501,2.130618058186195,True,TRACKING,RIGHT + UP + FORWARD,RIGHT + UP + FORWARD,0.2315043272169383,0.22537874295833013,True,True,True,turbid
90,True,0.7258820626696274,0,386.13733004378685,139.42471529780786,36.2532889043741,True,382.20690864457305,134.26430533637264,388.1441466769967,138.34913789404192,6.486759078729348,2.2768793887291356,True,TRACKING,RIGHT + UP + FORWARD,RIGHT + UP + FORWARD,0.21295045836561463,0.2066791563868339,True,True,True,turbid
91,True,0.7384653343202566,0,380.1044366456779,135.75643297196757,36.590732994555914,True,376.1265357675967,130.69405212998046,382.1353412222967,134.52159501201118,6.43827579287787,2.3768462690465477,True,TRACKING,RIGHT + UP + FORWARD,RIGHT + UP + FORWARD,0.19417294131967716,0.18782636451774337,True,True,True,turbid
92,True,0.7471009129040217,0,374.02698956221434,132.27120366934997,36.92572480447086,True,369.8468391782998,126.90795596413572,375.99109020029823,130.71477548807346,6.799859055864834,2.5060247404990386,True,TRACKING,RIGHT + UP + FORWARD,RIGHT + UP + FORWARD,0.17497215687593198,0.1688343423819198,True,True,True,turbid
93,True,0.7321220591660843,0,367.90949382963333,128.97576827874988,37.25811739563952,True,363.9014369229088,124.09850844123915,369.9462635616035,127.4066419646563,6.312858598934219,2.5711064409414517,True,TRACKING,RIGHT + UP + FORWARD,RIGHT + UP + FORWARD,0.15608207363001086,0.14971716821760417,True,True,True,turbid
94,True,0.7379454926624738,0,361.7564841710811,125.87650060274066,37.58776496968575,True,357.3882027949301,120.7599935001625,363.66723317826677,124.0833177324094,6.727594452102516,2.620394354846307,True,TRACKING,RIGHT + UP + FORWARD,RIGHT + UP + FORWARD,0.13646010368208367,0.1304890130346285,True,True,True,turbid
95,True,0.7503493246390313,0,355.5725216351525,122.97939502990786,37.914522932288605,True,351.33946176392215,117.70929922728483,357.50334747109446,120.89630847984711,6.759637981596769,2.8403059665791273,True,TRACKING,RIGHT + UP + FORWARD,RIGHT + UP + FORWARD,0.11719796084717019,0.11116413010985156,True,True,True,turbid
96,True,0.7236871260802127,0,349.3621902149176,120.29005494091783,38.23824795660623,True,344.92907801418437,114.88137641187285,351.2162127426394,117.88884244585998,6.9933030260987366,3.033681093938849,True,TRACKING,UP + FORWARD,UP + FORWARD,0.09755066482074817,0.09175684442161743,True,True,True,turbid
97,True,0.7420784400620429,0,343.13009344994,117.81368187084831,38.558798046143764,True,338.90087597971416,112.55094513600737,345.0585443611768,115.21989379093367,6.751494527192301,3.232129254927391,True,TRACKING,UP + FORWARD,UP + FORWARD,0.07830795112867754,0.07228154203106243,True,True,True,turbid
98,True,0.7437998228520815,0,336.8808510138055,115.55506544873937,38.87603259703764,True,332.34822749298644,110.04636572302984,338.7033859270816,112.63312975698176,7.133754176414728,3.4437394931785135,True,TRACKING,UP + FORWARD,UP + FORWARD,0.05844808102213008,0.05275265941814222,True,True,True,turbid
99,True,0.7209545740004186,0,330.6190952896916,113.5185741338256,39.18981245972916,True,326.29757458040734,107.999103541013,332.5004802537445,110.31611664899738,7.009999776440483,3.7142083039453637,True,TRACKING,UP + FORWARD,UP + FORWARD,0.0390640007929516,0.03318467278028621,True,True,True,turbid
100,True,0.7293280301444421,0,324.34946793651534,111.70814676636483,39.5,True,319.84686946249263,106.04656428430792,326.1736748581186,108.18134046665264,7.233734113126174,3.970654047951654,True,TRACKING,UP + FORWARD,UP + FORWARD,0.01929273393162063,0.013592087301610434,True,True,True,turbid
101,True,0.7554950805945154,0,318.07661644820485,110.12728494940677,39.80645915934321,True,313.8464862298195,104.81286799620132,320.010080543969,106.49710423142699,6.792424399065059,4.112966746133672,True,TRACKING,UP + FORWARD,UP + FORWARD,3.150169990320251e-05,-0.006010573599359859,True,True,True,turbid
102,True,0.7170149253731344,0,311.8051907086471,108.77904627623514,40.10905551464295,True,307.3843299557585,102.92569335426477,313.69720524986377,104.71139879284587,7.3352402977386975,4.486142560518819,True,TRACKING,UP + FORWARD,UP + FORWARD,-0.019696233594175716,-0.025608779035477803,True,True,True,turbid
103,True,0.7287562189054726,0,305.53983954486256,107.66603841658286,40.40765633713685,True,301.0845149515653,101.83012775515934,307.3908601007146,103.2707632740026,7.342191122529837,4.7691425515673815,True,TRACKING,UP + FORWARD,UP + FORWARD,-0.03940356218526695,-0.0451880014223045,True,True,True,turbid
104,True,0.7426865671641791,0,299.2852072809638,106.79041407305792,40.70213065063534,True,294.84526103312226,100.9428846683182,301.1180605669184,102.1068239711604,7.342119777218139,5.029450010729515,True,TRACKING,UP + FORWARD,UP + FORWARD,-0.05900606072837995,-0.06473372724698816,True,True,True,turbid
105,True,0.752636815920398,0,293.0459302954522,106.1538668175356,40.99234928897204,True,288.44542612477915,100.33324271668705,294.7817433458488,101.22003334392372,7.419184830408195,5.230273385900608,True,TRACKING,UP + FORWARD,UP + FORWARD,-0.07880705204422256,-0.0842314678267119,True,True,True,turbid
106,True,0.7337008173351074,0,286.82663358440374,105.75762781556901,41.27818495266037,True,282.43103601206315,100.13517828632251,288.60638967895596,100.67760581512312,7.1367511324755215,5.38276465035488,True,TRACKING,UP + FORWARD,LEFT + UP + FORWARD,-0.09810503225326261,-0.10366677004873832,False,True,True,turbid
107,True,0.7452955711841855,0,280.6319273330937,105.60246344515407,41.559512264731275,True,276.34433529796985,99.62327002837807,282.4753624884629,100.1504379217506,7.357594673184636,5.755244172048138,True,TRACKING,LEFT + UP + FORWARD,LEFT + UP + FORWARD,-0.11726449222355342,-0.12302522708408219,True,True,True,turbid
108,True,0.7549895457137427,0,274.46640349859854,105.68867381445445,41.836207825727726,True,269.83859014133054,99.99956911409858,276.1569763148967,100.07500351792459,7.33365998402703,5.862706767811949,True,TRACKING,LEFT + UP + FORWARD,LEFT + UP + FORWARD,-0.13700944901594775,-0.14229248906687958,True,True,True,turbid
109,True,0.7250678733031675,0,268.33463240591095,106.01609218135306,42.108150267831796,True,263.68542013755393,100.0548934170618,269.92119822622533,100.0649484674932,7.559832367429121,6.159001753953607,True,TRACKING,LEFT + UP + FORWARD,LEFT + UP + FORWARD,-0.15649625554304586,-0.16145427373152826,True,True,True,turbid
110,True,0.7397285067873303,0,262.2411593600896,106.58408527595314,42.37522030810058,True,257.5914667336599,100.7460536783486,263.7563324799426,100.4055010729209,7.463394298501452,6.361654842655693,True,TRACKING,LEFT + UP + FORWARD,LEFT + UP + FORWARD,-0.17576146100017934,-0.18049637699971993,True,True,True,turbid
111,True,0.7366515837104073,0,256.1905012769553,107.39155452540503,42.63730080078771,True,251.25825977301386,101.28621269440941,257.50729612647825,100.84585688366516,7.84870722644864,6.676833552875872,True,TRACKING,LEFT + UP + FORWARD,LEFT + UP + FORWARD,-0.19528969960475545,-0.19940468350951476,True,True,True,turbid
112,True,0.7475113122171946,0,250.1871433348323,108.43693817868945,42.89427678872721,True,245.1128096776866,102.48980860054685,251.31005290208242,101.66783274210601,7.817749822248098,6.861611640701125,True,TRACKING,LEFT + UP + FORWARD,LEFT + UP + FORWARD,-0.21465608468099245,-0.21816517707864902,True,True,True,turbid
113,True,0.7243047158403869,0,244.23553564981432,109.71821432724808,43.146035553757656,True,239.32484596237808,103.7126943322316,245.31744943223026,102.69026353716882,7.7576506506052025,7.110740449514189,True,TRACKING,LEFT + UP + FORWARD,LEFT + UP + FORWARD,-0.23338297052428042,-0.23676395109433024,True,True,True,turbid
114,True,0.7338054931767145,0,238.34008997702216,111.23290481561892,43.392466666164,True,233.33578934653943,105.16793493578129,239.32661938938486,103.92909923647505,7.863007340934357,7.3701300001689125,True,TRACKING,LEFT + UP + FORWARD,LEFT + UP + FORWARD,-0.2521043144081723,-0.25518721882180573,True,True,True,turbid
115,True,0.7448609431680774,0,232.5051764402968,112.97808003451266,43.633462033115705,True,227.5295890845629,106.88148500713946,233.42810423697387,105.40529212180726,7.8692401451684395,7.6288211729399,True,TRACKING,LEFT + UP + FORWARD,LEFT + UP + FORWARD,-0.27053717425945667,-0.2734213236240725,True,True,True,turbid
116,True,0.7533252720677146,0,226.73512029275255,114.95036458705961,43.86891594607986,True,221.95429601756035,108.6736437754782,227.6912001272671,107.03946794864274,7.890089029713561,7.968461223704408,True,TRACKING,LEFT + UP + FORWARD,LEFT + UP + FORWARD,-0.2884649996022903,-0.2914527490851483,True,True,True,turbid
117,True,0.7209149251275301,0,221.03419871059162,117.14594381726862,44.098725127188416,True,215.96831343167096,110.79251541403262,221.82975677946905,108.91599168133769,8.125838180411357,8.26831450784681,True,TRACKING,LEFT + UP + FORWARD,LEFT + UP + FORWARD,-0.3067820100641592,-0.30926812902940115,True,True,True,turbid
118,True,0.7169656080302781,0,215.40663762255716,119.5605711880696,44.322788774539276,True,209.92988032175788,112.89974494800862,215.87981855061346,110.90786831467315,8.62331007978625,8.665631379533716,True,TRACKING,LEFT + UP + FORWARD,LEFT + UP + FORWARD,-0.3253755670293329,-0.3268542574295089,True,True,True,turbid
119,True,0.7298008885963468,0,209.85660857737366,122.18957649467166,44.54100860641134,True,204.75381591119333,115.60430157261794,210.31681723090338,113.25608494364555,8.33092664672144,8.945337517223065,True,TRACKING,LEFT + UP + FORWARD,LEFT + UP + FORWARD,-0.3427599461534269,-0.3441980981957073,True,True,True,turbid
120,True,0.7457627118644068,0,204.38822565149854,125.02787489734851,44.7532889043741,True,199.4140454099721,118.58946217092856,204.86543132043772,115.92277355728706,8.13606953700118,9.117598130168743,True,TRACKING,LEFT + UP + FORWARD,LEFT + UP + FORWARD,-0.3597955271236321,-0.36128679483906706,True,True,True,turbid
121,True,0.7521803521474412,0,199.00554239947587,128.06997675618354,44.95953655527297,True,193.79887119683036,121.68382297974134,199.33215125863404,118.8032982685142,8.239683553925175,9.272432450048601,True,TRACKING,LEFT + UP + FORWARD,LEFT + UP + FORWARD,-0.37708702731676863,-0.3781076800016379,True,True,True,turbid
122,True,0.7263008960855212,0,193.71254884915302,131.30999824875013,45.15966109207169,True,188.53746024702312,124.99415723689076,193.9348057528286,121.89872775270248,8.165255031349584,9.413894543758627,True,TRACKING,LEFT + UP + FORWARD,LEFT + UP + FORWARD,-0.39395373202241063,-0.3946482848463968,True,True,True,turbid
123,True,0.7333752554629775,0,188.51316854398843,134.74167275019303,45.35357473353425,True,183.44687316930288,128.32553456356177,188.69083946106574,125.11213115813213,8.17521730925289,9.631180520995644,True,TRACKING,LEFT + UP + FORWARD,LEFT + UP + FORWARD,-0.41034112668416955,-0.4108963483000362,True,True,True,turbid
124,True,0.7395063669234397,0,183.4112556346419,138.3583629536999,45.541192422728614,True,178.24317356572257,131.98939724037763,183.46700651339415,128.55076419925487,8.201999544535466,9.80775720991671,True,TRACKING,LEFT + UP + FORWARD,LEFT + UP + FORWARD,-0.4266656046456433,-0.4268398261417441,True,True,True,turbid
125,True,0.7343185033799717,0,178.41059202200398,142.15307370791885,45.72243186433546,True,172.95516547814955,135.31428049003472,178.21108599577184,131.93252234464478,8.748186752257263,10.222498365068413,True,TRACKING,LEFT + UP + FORWARD,LEFT + UP + FORWARD,-0.443090356263213,-0.44246689993123756,True,True,True,turbid
126,True,0.7489388460933816,0,173.5148845537817,146.1184655464961,45.89721356074568,True,168.36408932860164,139.4753916191705,173.28758766218675,135.70395698190765,8.40601705064005,10.416988649260164,True,TRACKING,LEFT + UP + FORWARD,LEFT + UP + FORWARD,-0.4584762885556664,-0.45776598576943217,True,True,True,turbid
127,True,0.7246792452830189,0,168.7277622767192,150.24686888356223,46.06546084693065,True,163.59267164710067,143.55937388829597,168.44012965464373,139.6316654351018,8.43159208489757,10.619099621789411,True,TRACKING,LEFT + UP + FORWARD,LEFT + UP + FORWARD,-0.47362459482923835,-0.4727257428852525,True,True,True,turbid
128,True,0.7284528301886792,0,164.05277374649046,154.53029884771328,46.22709992407002,True,158.6952229299363,147.9342179759377,163.56767629229,143.78294170551976,8.497742854368072,10.758299358259643,True,TRACKING,LEFT + UP + FORWARD,LEFT + UP + FORWARD,-0.4888510115865937,-0.4873350820422173,True,True,True,turbid
129,True,0.7396226415094339,0,159.4933843972572,158.960470725795,46.38205989192233,True,154.31246516164992,152.46732162764772,158.94007072696996,148.12513166658374,8.306798982559783,10.849457523111282,True,TRACKING,LEFT + UP + FORWARD,LEFT + UP + FORWARD,-0.5033122789782188,-0.5015831737585713,True,True,True,turbid
130,True,0.7436981132075472,0,155.05297397284193,163.52881598662125,46.53027277992422,True,149.90972077877086,156.96646573823875,154.4248957528704,152.54579870241125,8.33771516668494,11.00096136324723,True,TRACKING,LEFT + UP + FORWARD,LEFT + UP + FORWARD,-0.51742220077228,-0.515459456334869,True,True,True,turbid
131,True,0.7474716981132076,0,150.7348340214223,168.22649885363145,46.67167357700451,True,145.27604274388142,161.71206480523955,149.85046924837593,157.12893175382538,8.499191325214662,11.132748833352142,True,TRACKING,LEFT + UP + FORWARD,LEFT + UP + FORWARD,-0.5317172835988252,-0.5289536436830553,True,True,True,turbid
132,True,0.7530566037735849,0,146.5421654556004,173.04443339443833,46.806200260100276,True,141.28236179529281,166.5139230979748,145.56641552183436,161.82142742590008,8.38529064953632,11.265342911029808,True,TRACKING,LEFT + UP + FORWARD,LEFT + UP + FORWARD,-0.5451049514942676,-0.5420557329512488,True,True,True,turbid
133,True,0.7480754716981132,0,142.47807617965918,177.97330109420656,46.93379382136216,True,137.0689465165134,170.99851913076418,141.31768101917388,166.40997327833213,8.826452693482521,11.621405556379703,True,TRACKING,LEFT + UP + FORWARD,LEFT + UP + FORWARD,-0.5583822468150816,-0.554756011938565,True,True,True,turbid
134,True,0.7237393440254298,0,138.5455787857629,183.0035688788792,47.05439829403718,True,133.14753874978706,176.22084823709758,137.23260988448047,171.31541075771486,8.668571712482313,11.761671973026408,True,TRACKING,LEFT + UP + FORWARD,LEFT + UP + FORWARD,-0.5711480941109985,-0.5670450662944909,True,True,True,turbid
135,True,0.7289409044935703,0,134.7475883208083,188.12550755338762,47.16796077701761,True,129.43767556773952,181.35421531796797,133.33514272611,176.3348130378414,8.604973677046132,11.87499388281587,True,TRACKING,LEFT + UP + FORWARD,LEFT + UP + FORWARD,-0.5833276789809062,-0.578913786497474,True,True,True,turbid
136,True,0.7270625632134085,0,131.0869201255856,193.32921061918603,47.27443145804514,True,125.48601078441347,186.33299420083426,129.41057675526173,181.33390361933783,8.961988039516909,12.111875045418689,True,TRACKING,LEFT + UP + FORWARD,LEFT + UP + FORWARD,-0.595591947639807,-0.590353374607545,True,True,True,turbid
137,True,0.7347204161248374,0,127.56628774784699,198.60461343471385,47.37376363556019,True,122.18509195865217,191.75456437105652,125.79783435695694,186.54423399519717,8.710937968793075,12.189346972699857,True,TRACKING,LEFT + UP + FORWARD,LEFT + UP + FORWARD,-0.6068817676345095,-0.6013553507879782,True,True,True,turbid
138,True,0.7378991475220343,0,124.18830093083213,203.94151268172754,47.46591373918673,True,118.69377318760654,197.18312777833484,122.24580377228173,191.86368088676602,8.710086200691826,12.233041979751395,True,TRACKING,LEFT + UP + FORWARD,LEFT + UP + FORWARD,-0.6179818632116196,-0.6119115595911496,True,True,True,turbid
139,True,0.7370322207773443,0,120.95546367874057,209.32958609985076,47.550841348843726,True,115.3529352734571,202.43619334336844,118.79936952286943,197.14993711506725,8.882971812807407,12.369017398383743,True,TRACKING,LEFT + UP + FORWARD,LEFT + UP + FORWARD,-0.628751970241033,-0.6220141760039357,True,True,True,turbid
140,True,0.7477243172951885,0,117.870172400586,214.75841245117476,47.6285092124747,True,112.47129052471884,208.10810989083473,115.63533002379413,202.629023502951,8.56588872526559,12.333555720326473,True,TRACKING,LEFT + UP + FORWARD,LEFT + UP + FORWARD,-0.6386395936756434,-0.6316557112481688,True,True,True,turbid
141,True,0.7406444155468863,0,114.934714133807,220.21749167629386,47.6988832623877,True,109.51250291346184,213.13268737721836,112.57391646862798,207.88085544008467,8.92159326993983,12.560491998344027,True,TRACKING,LEFT + UP + FORWARD,LEFT + FORWARD,-0.6482065110355375,-0.6408290183318531,True,False,True,turbid
142,True,0.7478688050859702,0,112.15126484895215,225.69626520279206,47.76193263019859,True,106.76017144741179,218.81635344543352,109.66704395801989,213.3486044427591,8.740541965643338,12.595081567016633,True,TRACKING,LEFT + UP + FORWARD,LEFT + FORWARD,-0.6572904876311878,-0.6495272973470245,True,False,True,turbid
143,True,0.7478688050859702,0,109.52188783669615,231.18413636690178,47.817629660370805,True,104.06576344936708,224.1813686708861,106.86640370369349,218.76498655682258,8.87738974780132,12.699877085461074,True,TRACKING,LEFT + FORWARD,LEFT + FORWARD,-0.6660424884259578,-0.6577441005103245,True,True,True,turbid
144,True,0.7509030486923854,0,107.04853217838203,236.67049090883515,47.865949922346125,True,101.56830116843902,229.78502034921883,104.21735243606625,224.2750034530207,8.800149814047721,12.714703614341648,True,TRACKING,LEFT + FORWARD,LEFT + FORWARD,-0.6743207736372929,-0.6654733369425562,True,True,True,turbid
145,True,0.7530703655541107,0,104.73303130122254,242.14471750215057,47.90687222126065,True,99.13533686898448,235.37576114712238,101.67634465252536,229.82538230007154,8.783675374977467,12.69288592438722,True,TRACKING,LEFT + FORWARD,LEFT + FORWARD,-0.6822614229608582,-0.6727092771836796,True,True,True,turbid
146,True,0.7495313626532084,0,102.57710161923438,247.5962282774428,47.94037860724158,True,97.04191224623445,240.75419122462344,99.35912844937991,235.2897867623475,8.800669998762851,12.720214388380596,True,TRACKING,LEFT + FORWARD,LEFT + FORWARD,-0.6895027235956878,-0.6794465574398926,True,True,True,turbid
147,True,0.7541883304448296,0,100.58234126090954,253.01447930066672,47.96645438328061,True,95.09900731452456,246.14364550679204,97.22906788195223,240.71671613456977,8.790637530385855,12.746741593185092,True,TRACKING,LEFT + FORWARD,LEFT + FORWARD,-0.6961591628688992,-0.6856801835596577,True,True,True,turbid
148,True,0.7514809998555122,0,98.75022888456886,258.38899096648277,47.98508811168059,True,93.17857377156727,251.33972971199893,95.20382082675975,246.02822292328435,8.985289362741955,12.859455537861958,True,TRACKING,LEFT + FORWARD,LEFT + FORWARD,-0.7024880599163759,-0.6914055347357223,True,True,True,turbid
149,True,0.7511920242739488,0,97.08212258227508,263.7093682671828,47.996271619072374,True,91.45361163073085,256.77775589905156,93.3287162287453,251.40298941116794,8.929019294059314,12.866041341550542,True,TRACKING,LEFT + FORWARD,LEFT + FORWARD,-0.708347761785171,-0.6966183669303904,True,True,True,turbid
150,True,0.731734368501317,0,95.5792588731187,268.9653208979934,48.0,True,90.38190808609657,262.17225777260677,91.85531215742094,256.7876235918874,8.55325445832447,12.734366526078102,True,TRACKING,LEFT + FORWARD,LEFT + DOWN + FORWARD,-0.7129521495080595,-0.701314816021504,True,False,True,turbid
151,True,0.7585609016038145,0,94.24275178662168,274.1466831598691,47.996271619072374,True,88.91254061078622,267.25672514619885,90.38392638410357,262.0221743690431,8.711066100606754,12.723767009260095,True,TRACKING,LEFT + FORWARD,LEFT + DOWN + FORWARD,-0.7175502300496763,-0.7054914006668073,True,False,True,turbid
152,True,0.7566825603236527,0,93.0735920369398,279.2434336212829,47.98508811168059,True,87.58483248598618,272.3171359666275,88.98437943504487,267.16965516783534,8.83742499878044,12.747461937438024,True,TRACKING,LEFT + DOWN + FORWARD,LEFT + DOWN + FORWARD,-0.7219238142654848,-0.7091450248845631,True,True,True,turbid
153,True,0.7523479266002023,0,92.07264628847457,284.2457145009836,47.96645438328061,True,86.49693573231082,277.3216661750729,87.74065758367784,272.2456606714541,8.889937762755292,12.75803347111502,True,TRACKING,LEFT + DOWN + FORWARD,LEFT + DOWN + FORWARD,-0.7258104450510068,-0.7122729803485169,True,True,True,turbid
154,True,0.7546597312527091,0,91.24065651344011,289.14385073423347,47.94037860724158,True,85.9031425584738,282.1386384424409,86.82190007107582,277.19214955694747,8.806932182805888,12.742392613951097,True,TRACKING,LEFT + DOWN + FORWARD,LEFT + DOWN + FORWARD,-0.728681562277888,-0.7148729483954996,True,True,True,turbid
155,True,0.7488808664259928,0,90.57823944186038,293.9283686856464,47.90687222126065,True,85.01998487986063,286.92180258357166,85.92094247546822,282.05697607025957,8.943498326646763,12.752269510241149,True,TRACKING,LEFT + DOWN + FORWARD,LEFT + DOWN + FORWARD,-0.7314970547641618,-0.7169430017441863,True,True,True,turbid
156,True,0.7419448056639214,0,90.08588610440515,298.5900144724368,47.865949922346125,True,84.26708549395026,291.5074458183752,85.09401398470925,286.7822109443174,9.166308923646767,12.819633825428323,True,TRACKING,LEFT + DOWN + FORWARD,LEFT + DOWN + FORWARD,-0.7340812062977836,-0.7184816059237339,True,True,True,turbid
157,True,0.7514809998555122,0,89.76396146840304,303.11977186263823,47.817629660370805,True,84.37659483748236,296.21132211617305,84.7353044110958,291.4967665302452,8.760730398510873,12.664187489011768,True,TRACKING,LEFT + DOWN + FORWARD,LEFT + DOWN + FORWARD,-0.7352021737153256,-0.7194876204112405,True,True,True,turbid
158,True,0.7447668543380973,0,89.6127041673018,307.50887971367365,47.76193263019859,True,84.13953334655297,300.55086258179654,84.43741887882439,296.02381455602085,8.852660687081137,12.597233803206997,True,TRACKING,LEFT + DOWN + FORWARD,LEFT + DOWN + FORWARD,-0.7361330660036738,-0.7199602994771819,True,True,True,turbid
159,True,0.748446756249097,0,89.63222632377608,311.74884891754965,47.6988832623877,True,84.23529605479813,304.8789435552921,84.33635746681125,300.4513790556565,8.736272432484324,12.477141188211103,True,TRACKING,LEFT + DOWN + FORWARD,LEFT + DOWN + FORWARD,-0.7364488829162148,-0.7198992927381997,True,True,True,turbid
160,True,0.748880219621442,0,89.82251346661442,315.8314788199003,47.6285092124747,True,84.41653501843075,309.1374736703528,84.376446242621,304.7944263630046,8.604319143569425,12.307565768441906,True,TRACKING,LEFT + DOWN + FORWARD,LEFT + DOWN + FORWARD,-0.7363236054918094,-0.7193046454168299,True,True,True,turbid
161,True,0.7367432451957809,0,90.18342454144613,319.74887308112443,47.550841348843726,True,84.66114513268413,312.79141987082954,84.51879568765256,308.7929231169171,8.882664298614433,12.333728538825763,True,TRACKING,LEFT + DOWN + FORWARD,LEFT + DOWN + FORWARD,-0.7358787634760857,-0.7181767983079809,True,True,True,turbid
162,True,0.7415113422915763,0,90.71469201530071,323.49345494893794,47.46591373918673,True,85.34913033356612,316.6838937111311,84.93396301060935,312.7384084140241,8.669450756071011,12.210153717043955,True,TRACKING,LEFT + DOWN + FORWARD,LEFT + DOWN + FORWARD,-0.7345813655918458,-0.7165165874521853,True,True,True,turbid
163,True,0.7341424649617108,0,91.41592207492269,327.05798191280195,47.37376363556019,True,85.92721348918447,320.2603452908773,85.43058824989691,316.4993768524507,8.736920829610836,12.137065618075574,True,TRACKING,LEFT + DOWN + FORWARD,LEFT + DOWN + FORWARD,-0.7330294117190721,-0.7143252435158666,True,True,True,turbid
164,True,0.7350093917064008,0,92.28659491869368,330.4355597118854,47.27443145804514,True,86.98842709067122,323.644493643286,86.20950767028407,320.0719352478684,8.61331299106064,12.013979417992784,True,TRACKING,LEFT + DOWN + FORWARD,LEFT + DOWN + FORWARD,-0.7305952885303623,-0.7116043908790822,True,True,True,turbid
165,True,0.7296633434474787,0,93.32606514194654,333.6196556694654,47.16796077701761,True,87.80329919210357,326.8620153466518,87.00640343119382,323.4669752972601,8.727350483924724,11.958889700909381,True,TRACKING,LEFT + DOWN + FORWARD,LEFT + DOWN + FORWARD,-0.7281049892775193,-0.708356046431417,True,True,True,turbid
166,True,0.7217165149544863,0,94.5335622153852,336.6041113279775,47.05439829403718,True,89.05108216227305,329.7305364652785,88.02874279673344,326.5987558812693,8.792247660632647,11.933977261761555,True,TRACKING,LEFT + DOWN + FORWARD,LEFT + DOWN + FORWARD,-0.724910178760208,-0.7045826180769212,True,True,True,turbid
167,True,0.7462641509433963,0,95.90819105625559,339.383154360278,46.93379382136216,True,90.52137283336785,332.185657067882,89.27505781505064,329.3922064745757,8.990093316561476,11.99239326616659,True,TRACKING,LEFT + DOWN + FORWARD,LEFT + DOWN + FORWARD,-0.7210154443279667,-0.7002869029492013,True,True,True,turbid
168,True,0.7572830188679245,0,97.44893269184516,341.95140973407774,46.806200260100276,True,92.19902020820575,335.4144383207457,90.7370390116282,332.4033223976607,8.38412645089475,11.671139128567692,True,TRACKING,LEFT + DOWN + FORWARD,LEFT + DOWN + FORWARD,-0.7164467530886618,-0.6954720853379839,True,True,True,turbid
169,True,0.7462641509433963,0,99.15464501481733,344.30391010795717,46.67167357700451,True,93.75783003556752,337.69843571946546,92.24743452359786,335.05087905856305,8.529824372006432,11.546780519740722,True,TRACKING,LEFT + DOWN + FORWARD,LEFT + DOWN + FORWARD,-0.7117267671137567,-0.6901417343286959,True,True,True,turbid
170,True,0.7397735849056604,0,101.02406362982325,346.4361054388537,46.53027277992422,True,95.692688194517,339.76998641446335,93.97006135905744,337.4104327365132,8.535848339768334,11.455204745692834,True,TRACKING,LEFT + DOWN + FORWARD,LEFT + DOWN + FORWARD,-0.7063435582529455,-0.6842998011568023,True,True,True,turbid
171,True,0.7353962264150944,0,103.05580279076139,348.3438717824396,46.38205989192233,True,97.63880126182966,341.72264283210654,95.80443131044355,339.56653778430984,8.554798558538772,11.385252762248674,True,TRACKING,LEFT + DOWN + FORWARD,LEFT + DOWN + FORWARD,-0.7006111521548639,-0.6779506162788707,True,True,True,turbid
172,True,0.7292075471698113,0,105.24835642799111,350.02351926936853,46.22709992407002,True,99.81357789086796,343.3787461125247,97.80900460065575,341.4726419484173,8.584277957608707,11.334083931612492,True,TRACKING,LEFT + DOWN + FORWARD,LEFT + DOWN + FORWARD,-0.6943468606229508,-0.6710988861625278,True,True,True,turbid
173,True,0.7286037735849057,0,107.60009926473867,351.4717992419652,46.065460846930655,True,102.46805349182763,344.95666171371965,100.1385290462417,343.21465183106847,8.293666910794489,11.129039198908385,True,TRACKING,LEFT + DOWN + FORWARD,LEFT + DOWN + FORWARD,-0.6870670967304947,-0.6637496897976917,True,True,True,turbid
174,True,0.751296965885867,0,110.10928802186808,352.68591053755404,45.89721356074568,True,104.72265694786864,346.1282023796763,102.43059299705517,344.67142710537235,8.486420364987396,11.099292858952834,True,TRACKING,LEFT + DOWN + FORWARD,LEFT + DOWN + FORWARD,-0.6799043968842027,-0.6559084749316623,True,True,True,turbid
175,True,0.7434365665775822,0,112.77406271012381,353.6635049062732,45.722431864335455,True,107.4717437619615,347.04575163398687,104.95116837950835,345.85858936967963,8.479931874779275,11.050537644899244,True,TRACKING,LEFT + DOWN + FORWARD,LEFT + DOWN + FORWARD,-0.6720275988140364,-0.6475810540308631,True,True,True,turbid
176,True,0.7406068228265996,0,115.59244800888663,354.402691552897,45.541192422728614,True,110.38561380610543,347.9633819157421,107.66839109280689,346.9109856427109,8.281052530832556,10.90487668219998,True,TRACKING,LEFT + DOWN + FORWARD,LEFT + DOWN + FORWARD,-0.6635362778349785,-0.6387735999722293,True,True,True,turbid
177,True,0.7318031756013206,0,118.56235473042236,354.90204079388093,45.35357473353426,True,113.51703377386197,348.167107195301,110.59271243333443,347.53904641900596,8.415140767211684,10.850294212968304,True,TRACKING,LEFT + DOWN + FORWARD,LEFT + DOWN + FORWARD,-0.6543977736458298,-0.6294926414674301,True,True,True,turbid
178,True,0.7223706964313787,0,121.68158136853663,355.16058682255584,45.15966109207169,True,116.5070668749535,348.4808450494681,113.54988965414395,348.009945734237,8.449529596340582,10.828484571345882,True,TRACKING,LEFT + DOWN + FORWARD,LEFT + DOWN + FORWARD,-0.6451565948308001,-0.619745058223323,True,True,True,turbid
179,True,0.7531676814217542,0,124.94781573048681,355.17782957712495,44.959536555272976,True,119.6031514879952,348.8361151562675,116.57652057106958,348.42303044525227,8.293538307663358,10.756667418770107,True,TRACKING,LEFT + DOWN + FORWARD,LEFT + DOWN + FORWARD,-0.6356983732154076,-0.6095380758422287,True,True,True,turbid
180,True,0.7479019252920849,0,128.35863665094536,354.9537357078483,44.7532889043741,True,123.0858432036097,348.58247790938145,119.83118188733964,348.5027541773169,8.270143691181575,10.69264454906265,True,TRACKING,LEFT + DOWN + FORWARD,LEFT + DOWN + FORWARD,-0.6255275566020636,-0.5988792604657958,True,True,True,turbid
181,True,0.7446108277110416,0,131.91151578673882,354.4887386415455,44.54100860641133,True,126.7022056046529,348.37227131958605,123.26669374599626,348.43751274845147,8.034182290300745,10.552264350619739,True,TRACKING,LEFT + DOWN + FORWARD,LEFT + DOWN + FORWARD,-0.6147915820437617,-0.5877765131664412,True,True,True,turbid
182,True,0.7286490044429818,0,135.6038194910355,353.7837377432917,44.322788774539276,True,130.52804477900017,347.1825130283729,126.89736926249822,347.8100128884122,8.327043692943596,10.558771908882294,True,TRACKING,LEFT + DOWN + FORWARD,LEFT + DOWN + FORWARD,-0.6034457210546931,-0.576238064090514,True,True,True,turbid
183,True,0.725851571499095,0,139.4328107655931,352.8400965769281,44.098725127188416,True,134.39544344995932,346.555813863381,130.64640635622877,347.1829133758966,8.054022516507043,10.450101636583735,True,TRACKING,LEFT + DOWN + FORWARD,LEFT + DOWN + FORWARD,-0.5917299801367851,-0.5642724663575216,True,True,True,turbid
184,True,0.7464156158231128,0,143.39565128961524,351.65964026775134,43.868915946079866,True,138.27018793273984,345.20237388724036,134.4582971444843,346.19264363156844,8.2441896952672,10.476848349361763,True,TRACKING,LEFT + DOWN + FORWARD,LEFT + DOWN + FORWARD,-0.5798178214234866,-0.5518885897199524,True,True,True,turbid
185,True,0.7426153048885817,0,147.489403523718,350.2446519724825,43.633462033115705,True,142.43594638666823,343.9975341049198,138.44712176557627,345.09508886824415,8.035167122544507,10.405808933386945,True,TRACKING,LEFT + DOWN + FORWARD,LEFT + DOWN + FORWARD,-0.5673527444825741,-0.5390956139883812,True,True,True,turbid
186,True,0.7357056486439799,0,151.71103288744177,348.5978684633442,43.392466666164,True,146.5446948696316,342.48081635932664,142.49590831760395,343.78795261378536,8.006833016713678,10.394893521218286,True,TRACKING,LEFT + DOWN + FORWARD,LEFT + DOWN + FORWARD,-0.5547002865074877,-0.5259030222267445,True,True,True,turbid
187,True,0.7284505095871481,0,156.05741000869932,346.72247483478475,43.146035553757656,True,151.22323600973235,340.55190592051906,146.85957216366813,342.1699292671522,7.8386962549897525,10.262840355810793,True,TRACKING,LEFT + DOWN + FORWARD,LEFT + DOWN + FORWARD,-0.5410638369885371,-0.5123205937228146,True,True,True,turbid
188,True,0.7447192634049468,0,160.52531304348923,344.6220983430905,42.89427678872721,True,155.4032824837736,338.56385133738473,151.13142732372086,340.3668903022685,7.933319219393838,10.312704998531892,True,TRACKING,LEFT + DOWN + FORWARD,LEFT + DOWN + FORWARD,-0.5277142896133723,-0.49835839673909615,True,True,True,turbid
189,True,0.7464253393665158,0,165.11143006415438,342.30080139079746,42.63730080078771,True,160.48823895457375,336.23107239162,155.80983313914732,338.29898134694423,7.629908659948776,10.12592065042415,True,TRACKING,LEFT + DOWN + FORWARD,LEFT + DOWN + FORWARD,-0.5130942714401646,-0.4840267810495176,True,True,True,turbid
190,True,0.7366515837104073,0,169.81236151442047,339.76307366947424,42.375220308100594,True,165.14276705763652,333.66477487703366,160.4763000983919,335.981878111989,7.680778642345422,10.072709794678078,True,TRACKING,LEFT + DOWN + FORWARD,LEFT + DOWN + FORWARD,-0.4985115621925253,-0.469336370267436,True,True,True,turbid
191,True,0.7223529411764706,0,174.62462272938762,337.01382347607205,42.108150267831796,True,169.78096586035338,330.95693944072735,165.12863297937264,333.46940877635814,7.755440418348663,10.135911251384245,True,TRACKING,LEFT + DOWN + FORWARD,LEFT + DOWN + FORWARD,-0.4839730219394605,-0.4542980539706637,True,True,True,turbid
192,True,0.755559779509599,0,179.54464651861178,334.0583682196374,41.836207825727726,True,174.98380915471728,328.21061017095116,170.05622106704496,330.8400094736546,7.4160307210711185,10.019383741916705,True,TRACKING,LEFT + DOWN + FORWARD,LEFT + DOWN + FORWARD,-0.4685743091654845,-0.4389229796293382,True,True,True,turbid
193,True,0.7346512069948679,0,184.5687858103617,330.90242413674804,41.55951226473128,True,179.62175569138097,324.8647355833112,174.83898837921296,327.8523725284829,7.805561483096838,10.196654984075392,True,TRACKING,LEFT + DOWN + FORWARD,LEFT + DOWN + FORWARD,-0.4536281613149595,-0.4232225443426197,True,True,True,turbid
194,True,0.7308496483558259,0,189.6933163550862,327.55209523556465,41.27818495266038,True,185.11057670897347,321.51587619683806,179.97478254409322,324.68412436266044,7.578749431637045,10.132875029488963,True,TRACKING,LEFT + DOWN + FORWARD,LEFT + DOWN + FORWARD,-0.4375788045497087,-0.4072083863903556,True,True,True,turbid
195,True,0.7502487562189055,0,194.91443948609458,324.01386148988144,40.99234928897205,True,189.96497205942484,318.23597292262957,184.96987730175903,321.460048642645,7.607971089800788,10.26724291603284,True,TRACKING,LEFT + DOWN + FORWARD,LEFT + DOWN + FORWARD,-0.42196913343200304,-0.39089237660595444,True,True,True,turbid
196,True,0.7430845771144279,0,200.22828493539686,320.2945663060108,40.70213065063535,True,195.65065602348838,314.5045417010735,190.3102666626237,317.9822951718593,7.3809939290667055,10.183991567990065,True,TRACKING,LEFT + DOWN + FORWARD,LEFT + DOWN + FORWARD,-0.405280416679301,-0.3742866095768848,True,True,True,turbid
197,True,0.7291542288557213,0,205.63091370262322,316.40140328674124,40.40765633713685,True,200.93560606060606,310.5309109614665,195.62293636161488,314.2566030666629,7.51721983144664,10.235222442242504,True,TRACKING,LEFT + DOWN + FORWARD,LEFT + DOWN + FORWARD,-0.3886783238699535,-0.35740339467930243,True,True,True,turbid
198,True,0.7168159203980099,0,211.11832097489156,312.34190231796896,40.10905551464293,True,206.52807117708628,306.4033209629841,201.07550376935058,310.3299620148235,7.505807199497298,10.242366972889185,True,TRACKING,LEFT + DOWN + FORWARD,LEFT + DOWN + FORWARD,-0.37163905072077946,-0.3402552469534639,True,True,True,turbid
199,True,0.7467029516432908,0,216.68643909545793,308.1239150049165,39.80645915934322,True,212.1581147304699,302.4899106370712,206.61680924991023,306.40993632594734,7.228258903183001,10.214458778530844,True,TRACKING,LEFT + DOWN + FORWARD,LEFT + DOWN + FORWARD,-0.35432247109403053,-0.322854877826694,True,True,True,turbid
200,True,0.738957504710069,0,222.33114057895563,303.75559948610066,39.50000000000001,True,217.85530468560327,298.32638990046127,212.23605696775675,302.36816311320433,7.0362933188590135,10.189980019898558,True,TRACKING,LEFT + DOWN + FORWARD,LEFT + DOWN + FORWARD,-0.33676232197576017,-0.30521518569076367,True,True,True,turbid
201,True,0.7282813481264392,0,228.04824117097928,299.24540465442806,39.189812459729154,True,223.69450603596943,293.8651391968465,217.9652815018631,298.1166511550254,6.9211462937771175,10.14594303903965,True,TRACKING,LEFT + DOWN + FORWARD,LEFT + DOWN + FORWARD,-0.3188584953066778,-0.28734924634068976,True,True,True,turbid
202,True,0.7471773300863405,0,233.83350294975196,294.60205381593204,38.87603259703765,True,229.57662047611794,289.0360895386021,223.77095098899053,293.57637034681375,7.007211052255074,10.11469122325769,True,TRACKING,LEFT + DOWN + FORWARD,LEFT + DOWN + FORWARD,-0.3007157781594046,-0.2692703032820251,True,True,True,turbid
203,True,0.7403057832927099,0,239.682637467576,289.83452781775895,38.558798046143764,True,235.30466944059177,284.36317871269324,229.53781021479114,288.9697745297535,7.007300840894417,10.181616680958024,True,TRACKING,LEFT + DOWN + FORWARD,LEFT + DOWN + FORWARD,-0.2826943430787777,-0.250991757913825,True,True,True,turbid
204,True,0.7241302902725459,0,245.59130892973374,284.9520476780363,38.23824795660623,True,241.32361592604263,279.47305389221555,235.43071307041689,284.22141421098456,6.944967708982998,10.186831375827467,True,TRACKING,LEFT + DOWN + FORWARD,LEFT + DOWN + FORWARD,-0.2642790216549472,-0.23252715959458206,True,True,True,turbid
205,True,0.7596086652690426,0,251.55513740848812,279.9640567512206,37.914522932288605,True,247.41500894642667,274.8426481423008,241.42286100842176,279.5320311766427,6.585551595871774,10.14148268964805,True,TRACKING,LEFT + DOWN + FORWARD,LEFT + DOWN + FORWARD,-0.245553559348682,-0.2138901955984746,True,True,True,turbid
206,True,0.7314232471465176,0,257.56970208979635,274.88020246341375,37.58776496968576,True,253.18072420960507,269.5588010064544,247.30179260901343,274.54541609154853,6.8978576600954336,10.273365905113009,True,TRACKING,LEFT + DOWN + FORWARD,LEFT + DOWN + FORWARD,-0.22718189809683303,-0.1950946809693864,True,True,True,turbid
207,True,0.7279291870486839,0,263.63054455033205,269.7103176529822,37.25811739563954,True,259.51197539002413,264.58421226104156,253.40688399951878,269.56481417629504,6.575680072625377,10.224695903545662,True,TRACKING,LEFT + DOWN + FORWARD,LEFT + DOWN + FORWARD,-0.20810348750150381,-0.17615454828021235,True,True,True,turbid
208,True,0.7512953367875648,0,269.73317206238636,264.46440155256226,36.92572480447086,True,265.6169204737733,259.1745628877608,259.51190223664605,264.3696885320279,6.702680078922747,10.221708634413723,True,TRACKING,LEFT + DOWN + FORWARD,LEFT + DOWN + FORWARD,-0.18902530551048108,-0.15708383730504263,True,True,True,turbid
209,True,0.7372316802368616,0,275.8730609241957,259.1526004492385,36.59073299455592,True,271.8344549899338,253.9578947368421,265.6731786132899,259.16379163443503,6.579916817913376,10.199888450319227,True,TRACKING,LEFT + FORWARD,LEFT + FORWARD,-0.16977131683346905,-0.13789668461188836,True,True,True,turbid
210,True,0.7239082161361954,0,282.045659813234,253.78518806029854,36.2532889043741,True,277.9546493232554,248.68547489306846,271.8139139682727,253.92463326375173,6.53784683341043,10.23269602796103,True,TRACKING,LEFT + FORWARD,LEFT + FORWARD,-0.15058151884914786,-0.11860731308364372,True,True,True,turbid
211,True,0.7446145860368544,0,288.24639315997473,248.3725456625211,35.91354054805601,True,284.1970759182695,243.12235604290248,278.00549494327106,248.5234946533271,6.630343970407756,10.242010636721178,True,TRACKING,LEFT + FORWARD,FORWARD,-0.13123282830227795,-0.09923002137507897,False,True,True,turbid
212,True,0.732675837010122,0,294.4706645396287,242.92514201343175,35.57163695045952,True,290.3792283781313,237.873956238191,284.1923616607012,243.19872544575907,6.500332883753175,10.281943297130807,True,TRACKING,LEFT + FORWARD,FORWARD,-0.1118988698103088,-0.0797791733136604,False,True,True,turbid
213,True,0.7233324682065922,0,300.71386007934314,237.4535131033567,35.22772808180254,True,296.8948765432099,232.61944444444444,290.5436191019555,237.90908494510177,6.160588855648026,10.180439442436905,True,TRACKING,FORWARD,FORWARD,-0.09205119030638897,-0.0602691872520527,True,True,True,turbid
214,True,0.7553103448275862,0,306.9713518783304,231.96824177744233,34.881964791881146,True,303.2324908839431,227.0605431912486,296.8880549929493,232.48481406817518,6.169650472131991,10.09652034169636,True,TRACKING,FORWARD,FORWARD,-0.07222482814703338,-0.04071452538021756,True,True,True,turbid
215,True,0.7346206896551725,0,313.2385014383982,226.47993726704965,34.53449874390192,True,309.4248125161624,221.63744504784069,303.15643375455585,227.06112955800793,6.163923595298989,10.098805536331891,True,TRACKING,FORWARD,FORWARD,-0.05263614451701297,-0.021129683005005617,True,True,True,turbid
216,True,0.7213793103448276,0,319.5106631023348,220.99921467011418,34.18548234795732,True,315.7221783221388,216.30929803766625,309.43930603834735,221.6852137978371,6.028924858470893,10.094693056926788,True,TRACKING,FORWARD,FORWARD,-0.033002168630164516,-0.0015291778052038297,True,True,True,turbid
217,True,0.7487540310759309,0,325.7831874976001,215.53667442016013,33.83506869417373,True,322.0859954171721,210.94129936649142,315.7626507277597,216.31325658216426,5.89802519182991,10.050583913886141,True,TRACKING,FORWARD,UP + FORWARD,-0.01324171647575092,0.018072460930000388,True,False,True,turbid
218,True,0.7368729832795541,0,332.0514249827721,210.1028817836785,33.48341148556099,True,328.52435844654866,205.53588582407025,322.1435045871542,210.92457120311724,5.770411635752289,9.94193442283336,True,TRACKING,UP + FORWARD,UP + FORWARD,0.006698451834856911,0.03766070307116287,True,True,True,turbid
219,True,0.7136990319741859,0,338.31072909419106,204.7083464255189,33.13066497059318,True,334.5948685236374,200.01169466298109,328.3691865553958,205.46813293304916,5.9888360770975355,9.970533766439024,True,TRACKING,UP + FORWARD,UP + FORWARD,0.026153707985611875,0.057221028419347064,True,True,True,turbid
220,True,0.7429105640386413,0,344.5564599902503,199.3635020818263,32.77698387555012,True,341.04288710493955,194.84197584436248,334.7060368301677,200.15505438870582,5.726202400934205,9.882175443049858,True,TRACKING,UP + FORWARD,UP + FORWARD,0.045956365094274074,0.07673893746953216,True,True,True,turbid
221,True,0.7270177625428482,0,350.7839878907759,194.07868637983157,32.42252333664937,True,347.08697581539826,189.64462687671028,340.896506322783,194.89984063270805,5.773108518182239,9.921521358361142,True,TRACKING,UP + FORWARD,UP + FORWARD,0.06530158225869691,0.0961999621586747,True,True,True,turbid
222,True,0.7092552196946089,0,356.9886965089487,188.86412084353128,32.067438831998324,True,353.26304215953894,184.61995753715496,347.079774241161,189.7598990849315,5.647426183888284,9.949329583787307,True,TRACKING,UP + FORWARD,RIGHT + UP + FORWARD,0.08462429450362804,0.11558967659046467,False,True,True,turbid
223,True,0.7390869710096635,0,363.1659864732268,183.7298911239226,31.711886113396396,True,359.7477414330218,179.20506230529594,353.4137578370914,184.48248069511374,5.670844292762789,9.781224587653872,True,TRACKING,RIGHT + UP + FORWARD,RIGHT + UP + FORWARD,0.10441799324091061,0.1348937077288337,True,True,True,turbid
224,True,0.7290903032322559,0,369.31127873672466,178.68592749203816,31.356021138017066,True,365.7744099771095,174.51353698002998,359.5940839071004,179.49800883757186,5.469760799837379,9.751069247453842,True,TRACKING,RIGHT + UP + FORWARD,RIGHT + UP + FORWARD,0.12373151220968878,0.15409774605226456,True,True,True,turbid
225,True,0.7074308563812063,0,375.4200179715298,173.74198563250468,31.000000000000004,True,371.966927337895,169.48338220918865,365.7805056224977,174.49069552338025,5.4826579358168175,9.66854512467295,True,TRACKING,RIGHT + UP + FORWARD,RIGHT + UP + FORWARD,0.14306408007030527,0.17318755616103054,True,True,True,turbid
226,True,0.7320099255583127,0,381.48767594543557,168.90762777477326,30.643978861982944,True,378.09576427255985,164.57826887661142,371.93813494752874,169.53448219999584,5.499855749534137,9.570092984977968,True,TRACKING,RIGHT + UP + FORWARD,RIGHT + UP + FORWARD,0.1623066717110273,0.19214898732948615,True,True,True,turbid
227,True,0.7139312300602623,0,387.5097548785891,164.19220419851953,30.288113886603607,True,384.1575195396375,160.06072318131064,378.04782724358313,164.79760269065324,5.3203963351683905,9.481275331112755,True,TRACKING,RIGHT + UP + FORWARD,RIGHT + UP + FORWARD,0.1813994601361973,0.2109679839955909,True,True,True,turbid
228,True,0.7573221757322176,0,393.48179077756595,159.60483514898084,29.932561168001683,True,390.326724062962,155.6073571614923,384.18727565327254,160.20247992607278,5.092570690138444,9.313709823443302,True,TRACKING,RIGHT + UP + FORWARD,RIGHT + UP + FORWARD,0.2005852364164767,0.2296305961798936,True,True,True,turbid
229,True,0.7306960821605173,0,399.3993567443995,155.15439319720986,29.577476663350637,True,396.1773452284401,151.11273317112733,390.1823104408563,155.65760654860006,5.16878844366919,9.230772786645543,True,TRACKING,RIGHT + UP + FORWARD,RIGHT + UP + FORWARD,0.21931972012767603,0.2481229898262484,True,True,True,turbid
230,True,0.7124381894256371,0,405.2580662581131,150.84948607936343,29.223016124449885,True,402.16023683967063,146.82116754556387,396.1712736402635,151.23938704708195,5.081721884904829,9.09515381092776,True,TRACKING,RIGHT + UP + FORWARD,RIGHT + UP + FORWARD,0.23803523012582345,0.2664314570566034,True,True,True,turbid
231,True,0.7427639624949042,0,411.0535764263207,146.69844004821732,28.869335029406827,True,408.0000951565325,142.5664668379484,402.08568439839803,146.9029269425152,5.1377962664285795,8.97022309167497,True,TRACKING,RIGHT + UP + FORWARD,RIGHT + UP + FORWARD,0.25651776374499385,0.28454242633225224,True,True,True,turbid
232,True,0.7231960864247859,0,416.78159120448845,142.7092837691037,28.516588514439007,True,413.5306940371456,138.78084066471163,407.8081892177718,142.84188380361343,5.099117337057782,8.974381649136717,True,TRACKING,RIGHT + UP + FORWARD,RIGHT + UP + FORWARD,0.27440059130553696,0.3024424725140264,True,True,True,turbid
233,True,0.7142274765593152,0,422.43786458046895,138.88973279142468,28.164931305826276,True,419.4028107680126,135.20061361836895,413.6054999928922,139.0212487109912,4.7771489318957965,8.833343684300948,True,TRACKING,RIGHT + UP + FORWARD,RIGHT + UP + FORWARD,0.2925171874777881,0.32011832681396546,True,True,True,turbid
234,True,0.7487986020096112,0,428.01820372194663,135.2471746257712,27.81451765204269,True,425.0757391656541,131.63791008505467,419.34061957927315,135.32957939802293,4.6567035754825,8.677975403264757,True,TRACKING,RIGHT + UP + FORWARD,RIGHT + UP + FORWARD,0.3104394361852286,0.33755688663108324,True,True,True,turbid
235,True,0.7186544342507645,0,433.5184720844637,131.78865445551384,27.46550125609809,True,430.50691584837926,127.97856614929785,424.92376771382624,131.6540727736604,4.85656708635462,8.595757991459836,True,TRACKING,RIGHT + UP + FORWARD,RIGHT + UP + FORWARD,0.327886774105707,0.35474522526394914,True,True,True,turbid
236,True,0.6989951944080385,0,438.9345924777218,128.5208615104955,27.118035208118854,True,435.7622772707518,124.86962190352021,430.34302249228904,128.26184733859031,4.836851707455841,8.595473410803923,True,TRACKING,RIGHT + UP + FORWARD,RIGHT + UP + FORWARD,0.34482194528840326,0.37167060149288067,True,True,True,turbid
237,True,0.7369165487977369,0,444.2625500878851,125.4501161291885,26.772271918197468,True,441.4094348019581,121.9279038718291,435.8762286471236,125.09487560520971,4.5327967107165525,8.393841977167108,True,TRACKING,RIGHT + UP + FORWARD,RIGHT + UP + FORWARD,0.3621132145222612,0.38832046902464085,True,True,True,turbid
238,True,0.719000471475719,0,449.4983954536458,122.58235753433411,26.428363049540486,True,446.57483458818155,119.04380561259411,441.22553161765256,122.06934060890191,4.590049873032307,8.288755178835034,True,TRACKING,RIGHT + UP + FORWARD,RIGHT + UP + FORWARD,0.3788297863051643,0.4046824857926431,True,True,True,turbid
239,True,0.702027345591702,0,454.6382473938465,119.9231323457096,26.086459451943995,True,451.90030388031784,116.47744273024776,446.5629177489852,119.27339166957483,4.40103528835832,8.101426529901945,True,TRACKING,RIGHT + UP + FORWARD,RIGHT + UP + FORWARD,0.39550911796557886,0.42074452310577026,True,True,True,turbid
240,True,0.744518103008669,0,459.6782958844876,117.47758385224073,25.746711095625898,True,457.0004768717215,114.1716738197425,451.78169731035337,116.72253274465866,4.2543807784569765,7.932614399810451,True,TRACKING,RIGHT + UP + FORWARD,RIGHT + UP + FORWARD,0.41181780409485425,0.4364946746390238,True,True,True,turbid
241,True,0.7225905150433453,0,464.61480488298776,115.2504420642097,25.40926700544408,True,461.99090462143556,111.84623893805309,456.88630096589446,114.28438584135588,4.298075325853196,7.7886479842294145,True,TRACKING,RIGHT + UP + FORWARD,RIGHT + UP + FORWARD,0.4277696905184202,0.45192126525933674,True,True,True,turbid
242,True,0.706272310045895,0,469.4441150976048,113.24601456479648,25.074275195529147,True,466.7959748427673,110.13245283018868,461.8411379043309,112.20841933577228,4.087409140825628,7.673452030262359,True,TRACKING,RIGHT + UP + FORWARD,RIGHT + UP + FORWARD,0.443253555951034,0.46701285968001505,True,True,True,turbid
243,True,0.739542665923034,0,474.1626466999642,111.46817817865104,24.74188260436047,True,471.5069033530572,108.15963182117027,466.67402062869405,110.18402557847128,4.242576071709279,7.597931845960178,True,TRACKING,RIGHT + UP + FORWARD,RIGHT + UP + FORWARD,0.4583563144646689,0.4817582709373882,True,True,True,turbid
244,True,0.7295036252091467,0,478.7669019786802,109.92037147360742,24.41223503031425,True,476.29438442043477,106.75310124049619,471.4842025245644,108.46856340948374,4.018077127854123,7.42599878764016,True,TRACKING,RIGHT + UP + FORWARD,RIGHT + UP + FORWARD,0.4733881328892638,0.49614656868337564,True,True,True,turbid
245,True,0.694366982710541,0,483.253467932111,108.60558811004432,24.085477067711405,True,480.5743157894737,105.27887719298245,476.02925915701906,106.87372030123309,4.271400441201533,7.428900223674563,True,TRACKING,RIGHT + UP + FORWARD,RIGHT + UP + FORWARD,0.48759143486568457,0.5101670872878469,True,True,True,turbid
246,True,0.7329305135951661,0,487.6190187983166,107.52637105075522,23.76175204339378,True,485.07095567069655,104.40184225676454,480.5501074138578,105.63778127899882,4.0317869346994994,7.316849013565452,True,TRACKING,RIGHT + UP + FORWARD,RIGHT + UP + FORWARD,0.5017190856683056,0.5238094337447393,True,True,True,turbid
247,True,0.721113127646703,0,491.86031852035086,106.68480764252556,23.44120195385624,True,489.2615903755868,103.7475058685446,484.90584889472234,104.6926435737717,3.921878335927882,7.23418035789982,True,TRACKING,RIGHT + UP + FORWARD,RIGHT + UP + FORWARD,0.5153307777960073,0.5370634953760964,True,True,True,turbid
248,True,0.6999395039322444,0,495.9742231450574,106.08252557893208,23.12396740296235,True,493.62382682409924,103.09264305177112,489.2648378594108,103.89264331277141,3.803125082323232,7.05772167564689,True,TRACKING,RIGHT + UP + FORWARD,RIGHT + UP + FORWARD,0.5289526183106588,0.5499194473283044,True,True,True,turbid
249,True,0.7369808833223468,0,499.957683153591,105.72068975217002,22.810187540270846,True,497.60698621553877,102.66588345864662,493.4359120374748,103.27926338570902,3.854558027260497,6.96376774410654,True,TRACKING,RIGHT + UP + FORWARD,RIGHT + UP + FORWARD,0.5419872251171087,0.5623677598549719,True,True,True,turbid
250,True,0.7231377719182597,0,503.80774572193855,105.6,22.5,True,501.3205496963886,102.76542026206455,497.3782308669317,103.02234182388679,3.771072309068827,6.926975021150076,True,TRACKING,RIGHT + UP + FORWARD,RIGHT + UP + FORWARD,0.5543069714591615,0.5743992053810579,True,True,True,turbid
251,True,0.7013843111404087,0,507.5215569097612,105.72068975217002,22.19354084065679,True,505.3216287504121,102.79854929113088,501.3499298086719,102.91044555750884,3.6576753246206968,6.781331248989903,True,TRACKING,RIGHT + UP + FORWARD,RIGHT + UP + FORWARD,0.5667185306520997,0.5860048653430038,True,True,True,turbid
252,True,0.7509104151493081,0,511.09636377593904,106.08252557893206,21.890944485357068,True,508.7822608103507,103.25553285665644,505.0660953095113,103.08298920708265,3.653349201369081,6.735083980414822,True,TRACKING,RIGHT + UP + FORWARD,RIGHT + UP + FORWARD,0.5783315478422228,0.5971761367998095,True,True,True,turbid
253,True,0.7378004369992717,0,514.529516419247,106.68480764252556,21.592343662863154,True,512.4399930627818,103.96184530003468,508.75304418614655,103.52241725355867,3.4322924956706258,6.5854646329632995,True,TRACKING,RIGHT + UP + FORWARD,RIGHT + UP + FORWARD,0.5898532630817079,0.6079047388101468,True,True,True,turbid
254,True,0.7166788055353241,0,517.8184699426491,107.52637105075513,21.29786934936466,True,515.7718828152912,104.9247945694891,512.2624635007189,104.22360591152389,3.310093511933439,6.463548959178009,True,TRACKING,RIGHT + UP + FORWARD,RIGHT + UP + FORWARD,0.6008201984397467,0.6181827185707786,True,True,True,turbid
255,True,0.6882738528769119,0,520.9607863397587,108.60558811004432,21.00765071102796,True,518.878398510242,105.96852886405958,515.5704310054805,105.09606738779173,3.3601221018517418,6.432158761232623,True,TRACKING,RIGHT + UP + FORWARD,RIGHT + UP + FORWARD,0.6111575968921266,0.6280024573117459,True,True,True,turbid
256,True,0.7390612569610183,0,523.9541363020611,109.92037147360745,20.721815047339625,True,521.927799886299,107.31476217547849,518.7491154458897,106.20541478163511,3.3007937052078344,6.394774846420227,True,TRACKING,RIGHT + UP + FORWARD,RIGHT + UP + FORWARD,0.6210909857684055,0.637356675943941,True,True,True,turbid
257,True,0.7104216388225935,0,526.7963009455633,111.46817817865107,20.440487735268725,True,524.6613380698639,108.86895598973751,521.7052267578767,107.53718538568631,3.363632332457789,6.432086809338726,True,TRACKING,RIGHT + UP + FORWARD,RIGHT + UP + FORWARD,0.6303288336183648,0.6462384404548853,True,True,True,turbid
258,True,0.6945107398568019,0,529.4851734555889,113.24601456479645,20.16379217427228,True,527.510505050505,110.55858585858586,524.6078659041909,109.04788562213608,3.3349045505083517,6.435247902771603,True,TRACKING,RIGHT + UP + FORWARD,RIGHT + UP + FORWARD,0.6393995809505967,0.6546411670487153,True,True,True,turbid
259,True,0.7404782993799823,0,532.0187606484984,115.25044206420965,19.891849732168208,True,529.9902830587241,112.59611322348964,527.2990744814575,110.82199942281287,3.340685996452613,6.4719812842358,True,TRACKING,RIGHT + UP + FORWARD,RIGHT + UP + FORWARD,0.6478096077545548,0.6625586270265575,True,True,True,turbid
260,True,0.7227635075287865,0,534.3951844491796,117.47758385224078,19.624779691899406,True,532.4626380766732,114.90859865713665,529.8808562790654,112.86529903997476,3.214719336824274,6.453861636024354,True,TRACKING,RIGHT + UP + FORWARD,RIGHT + UP + FORWARD,0.6558776758720792,0.6699849514036863,True,True,True,turbid
261,True,0.7121346324180691,0,536.6126832832098,119.92313234570955,19.362699199212294,True,534.8485048372911,117.40435356200528,532.3646805581782,115.13482630099003,3.075154004319581,6.40104694013201,True,TRACKING,RIGHT + UP + FORWARD,RIGHT + UP + FORWARD,0.6636396267443068,0.6769146352600306,True,True,True,turbid
262,True,0.6820194862710364,0,538.6696133826601,122.58235753433405,19.105723211272792,True,536.9193659545141,120.08729611762003,534.6420232563462,117.61106120930503,3.047736460540324,6.398067628341282,True,TRACKING,RIGHT + UP + FORWARD,RIGHT + UP + FORWARD,0.6707563226760819,0.683342541820813,True,True,True,turbid
263,True,0.7383548067393458,0,540.564450004574,125.45011612918844,18.853964446242344,True,538.6369260052343,123.1570306923626,536.6394746307902,120.38404595083381,2.9955950308100006,6.408626899486623,True,TRACKING,RIGHT + UP + FORWARD,RIGHT + UP + FORWARD,0.6769983582212195,0.6892639062642939,True,True,True,turbid
264,True,0.7205153617443013,0,542.2957885612143,128.52086151049545,18.60753333383601,True,540.387018057589,126.20253782332844,538.5132463441896,123.29329188708112,3.003003422240747,6.452527395619348,True,TRACKING,RIGHT + UP + FORWARD,RIGHT + UP + FORWARD,0.6828538948255926,0.6946743392537946,True,True,True,turbid
265,True,0.6987115956392468,0,543.8623456612445,131.78865445551378,18.36653796688431,True,542.0918932527694,129.44536757301108,540.3025697984795,126.3693297300461,2.9369193288860376,6.483909674971564,True,TRACKING,RIGHT + UP + FORWARD,RIGHT + UP + FORWARD,0.6884455306202483,0.6995698301913891,True,True,True,turbid
266,True,0.6838453914767096,0,545.2629600610686,135.2471746257713,18.131084053920144,True,543.2906048906049,133.01544401544402,541.7965873445421,129.69238687274506,2.9783899065647557,6.547626042395028,True,TRACKING,RIGHT + UP + FORWARD,RIGHT + UP + FORWARD,0.6931143354516941,0.7039467501908394,True,True,True,turbid
267,True,0.7469478357380688,0,546.4965935256287,138.88973279142442,17.901274872811584,True,544.7605075337034,136.55696537139835,543.2785474391228,133.12467612207172,2.907885556086119,6.602401003856384,True,TRACKING,RIGHT + UP + FORWARD,RIGHT + UP + FORWARD,0.6977454607472587,0.7078018547675896,True,True,True,turbid
268,True,0.7269700332963374,0,547.562331598018,142.70928376910362,17.677211225460727,True,545.8429774517793,140.5354523227384,544.560762445451,136.83006422240504,2.7715919319759723,6.601108986823666,True,TRACKING,RIGHT + UP + FORWARD,RIGHT + UP + FORWARD,0.7017523826420344,0.7111322862438062,True,True,True,turbid
269,True,0.7169811320754716,0,548.4593842773411,146.69844004821724,17.45899139358867,True,546.8298926507019,144.53564547206165,545.6953275480764,140.68285484723333,2.707937100439216,6.620217134874798,True,TRACKING,RIGHT + UP + FORWARD,RIGHT + UP + FORWARD,0.7052978985877388,0.7139355758666909,True,True,True,turbid
270,True,0.6881243063263041,0,549.18708660432,150.84948607936352,17.246711095625894,True,547.5528735632183,148.64080459770113,546.6241005556474,144.66182972246725,2.7475309190517234,6.697461360599961,True,TRACKING,RIGHT + UP + FORWARD,RIGHT + UP + FORWARD,0.7082003142363981,0.7162096456385001,True,True,True,turbid
271,True,0.6736958934517203,0,549.7448991542078,155.1543931972096,17.040463444727038,True,548.2047661076788,153.05678140629595,547.4144333316631,148.8593055643816,2.6023037921024446,6.7126149342140256,True,TRACKING,RIGHT + UP + FORWARD,RIGHT + UP + FORWARD,0.7106701041614472,0.7179528098568995,True,True,True,turbid
272,True,0.7277289836888331,0,550.1324084366499,159.60483514898075,16.84033890792831,True,548.4181313598519,157.34905951279677,547.9162823457575,153.10418253858919,2.8332436564539143,6.868020035769034,True,TRACKING,RIGHT + UP + FORWARD,RIGHT + UP + FORWARD,0.7122383823304922,0.7191637763645311,True,True,True,turbid
273,True,0.7239648682559598,0,550.3493272021916,164.19220419851962,16.64642526646574,True,548.7177819083023,162.10470879801733,548.31703212703,157.60444566830324,2.6494484507403713,6.894112395730497,True,TRACKING,RIGHT + UP + FORWARD,RIGHT + UP + FORWARD,0.7134907253969687,0.7198416475068488,True,True,True,turbid
274,True,0.7076537013801757,0,550.3954946552084,168.90762777477318,16.458807577271386,True,548.7500792895654,166.87377101173485,548.5335557082976,162.23910834001904,2.6160972952187307,6.923580583319349,True,TRACKING,RIGHT + UP + FORWARD,RIGHT + UP + FORWARD,0.7141673615884301,0.7199859207975262,True,True,True,turbid
275,True,0.6888331242158093,0,550.270876573099,173.7419856325044,16.27756813566455,True,548.6663401893568,171.64250734573946,548.5999479488272,166.94080784287925,2.6424129282438167,7.003429288106026,True,TRACKING,RIGHT + UP + FORWARD,RIGHT + UP + FORWARD,0.714374837340085,0.7195964892909344,True,True,True,turbid
276,True,0.6787954830614805,0,549.9755653316533,178.68592749203808,16.10278643925432,True,548.409211398277,176.7455268389662,548.5045796735521,171.84316734092272,2.493715970002469,6.999083175104556,True,TRACKING,RIGHT + UP + FORWARD,RIGHT + UP + FORWARD,0.7140768114798505,0.7186736416614167,True,True,True,turbid
277,True,0.7267605633802817,0,549.5097798365774,183.72989112392253,15.934539153069354,True,547.9604578563996,181.7773152965661,548.2325187649758,176.8102413187444,2.4925791782486972,7.0365438441986985,True,TRACKING,RIGHT + UP + FORWARD,RIGHT + UP + FORWARD,0.7132266211405494,0.7172180619893045,True,True,True,turbid
278,True,0.7193229901269393,0,548.8738653612246,188.86412084353117,15.77290007592998,True,547.3762306610407,186.862517580872,547.8043747130082,181.8363794498082,2.499865059614749,7.108653834845927,True,TRACKING,RIGHT + UP + FORWARD,RIGHT + UP + FORWARD,0.7118886709781507,0.7152308292538269,True,True,True,turbid
279,True,0.7108603667136812,0,548.0682932906543,194.07868637983168,15.617940108077665,True,546.620320855615,192.0573975044563,547.2123477843115,186.94688847713223,2.4864096384847745,7.182978771705832,True,TRACKING,RIGHT + UP + FORWARD,RIGHT + UP + FORWARD,0.7100385868259735,0.7127134165332947,True,True,True,turbid
280,True,0.6770098730606487,0,547.0936607722083,199.36350208182603,15.469727220075786,True,545.5841769778777,197.32170978627673,546.3982623810946,192.1342991317045,2.539184338229706,7.262572148792011,True,TRACKING,RIGHT + UP + FORWARD,RIGHT + UP + FORWARD,0.7074945699409205,0.7096676899131509,True,True,True,turbid
281,True,0.689703808180536,0,545.9506902728621,204.7083464255188,15.328326422995493,True,544.5217071376011,202.8664459161148,545.4599847593479,197.50037252390965,2.3312207719139466,7.224657754334945,True,TRACKING,RIGHT + UP + FORWARD,RIGHT + UP + FORWARD,0.7045624523729621,0.706095907102694,True,True,True,turbid
282,True,0.6600846262341326,0,544.6402290436813,210.10288178367838,15.193799739899731,True,543.1836027713625,208.13818321785988,544.3217937653552,202.81927787088478,2.44577197459996,7.29056149997687,True,TRACKING,RIGHT + UP + FORWARD,RIGHT + UP + FORWARD,0.7010056055167351,0.702000715761504,True,True,True,turbid
283,True,0.6558533145275035,0,543.1632484917789,215.53667442016024,15.066206178637845,True,541.6775067750677,213.67866821525357,542.9996502702115,208.24897304306916,2.3789946419122923,7.289537416033698,True,TRACKING,RIGHT + UP + FORWARD,RIGHT + UP + FORWARD,0.696873907094411,0.6973851515368089,True,True,True,turbid
284,True,0.7357259380097879,0,541.520843460239,220.99921467011384,14.945601705962826,True,540.0340136054422,219.0772308923569,541.5168319378269,213.66310196771303,2.4299556907639297,7.336113799188137,True,TRACKING,RIGHT + UP + FORWARD,RIGHT + FORWARD,0.6922400998057089,0.6922526358132469,True,False,True,turbid
285,True,0.7259380097879282,0,539.7142314165411,226.47993726704954,14.83203922298239,True,538.2691839220463,224.5099472188388,539.8930079299366,219.0865245932759,2.443158417171331,7.395573811845741,True,TRACKING,RIGHT + FORWARD,RIGHT + FORWARD,0.687165649781052,0.686606973176691,True,True,True,turbid
286,True,0.7259380097879282,0,537.7447515500869,231.96824177744247,14.725568541954855,True,536.3414436334144,230.13584752635848,538.1172257816755,224.6111860598172,2.3080168544448116,7.366478526775222,True,TRACKING,RIGHT + FORWARD,RIGHT + FORWARD,0.6816163305677361,0.6804523485940216,True,True,True,turbid
287,True,0.7063621533442088,0,535.613863779498,237.45351310335658,14.626236364439812,True,534.1070681723128,235.67544960267668,536.1121469769942,230.14331783124692,2.330652872969911,7.327157775104987,True,TRACKING,RIGHT + FORWARD,RIGHT + FORWARD,0.6753504593031068,0.6737933243109314,True,True,True,turbid
288,True,0.6949429037520392,0,533.3231476704196,242.9251420134314,14.534086260813273,True,531.9070063694268,241.04501061571122,534.0095766732104,235.59416422347908,2.3537948629970025,7.3630442163989915,True,TRACKING,RIGHT + FORWARD,RIGHT + FORWARD,0.6687799271037825,0.6666348364700614,True,True,True,turbid
289,True,0.6916802610114192,0,530.8743012646345,248.372545662521,14.449158651156274,True,529.4582267689684,246.4931798806479,531.7339017210894,241.04367205206347,2.3531431574282538,7.379112503736352,True,TRACKING,RIGHT + FORWARD,RIGHT + FORWARD,0.6616684428784044,0.6589821914519828,True,True,True,turbid
290,True,0.6949429037520392,0,528.2691398213537,253.78518806029842,14.371490787525305,True,526.9058524173028,252.08481764206954,529.3198770691961,246.5642448470665,2.1794063653279467,7.296990451735798,True,TRACKING,RIGHT + FORWARD,RIGHT + FORWARD,0.6541246158412377,0.6508410619417304,True,True,True,turbid
291,True,0.6557911908646004,0,525.5095944716172,259.15260044923843,14.301116737612292,True,524.0464591790708,257.1777176364456,526.6831681241334,251.87098124175606,2.4578297354697836,7.3755849531177216,True,TRACKING,RIGHT + FORWARD,RIGHT + FORWARD,0.645884900387917,0.6422174827238039,True,True,True,turbid
292,True,0.6737357259380098,0,522.597710786802,264.46440155256215,14.238067369801415,True,521.1969298245614,262.63947368421054,523.9400489743474,257.25522746298327,2.300554069971461,7.333080039355769,True,TRACKING,RIGHT + FORWARD,RIGHT + DOWN + FORWARD,0.6373126530448356,0.6331178462087564,True,False,True,turbid
293,True,0.6753670473083198,0,519.5356472622992,269.7103176529819,14.182370339629198,True,518.2292213473315,267.9711286089239,521.0846351608395,262.6131780359536,2.1752073929330678,7.264210504481377,True,TRACKING,RIGHT + FORWARD,RIGHT + DOWN + FORWARD,0.6283894848776235,0.623548897694685,True,False,True,turbid
294,True,0.6737357259380098,0,516.3256737174835,274.88020246341364,14.134050077653878,True,515.0289093298292,273.2360928602716,518.0567722453343,267.92463544811255,2.0939661564200156,7.167748225033554,True,TRACKING,RIGHT + DOWN + FORWARD,RIGHT + DOWN + FORWARD,0.6189274132666697,0.6135177303671359,True,True,True,turbid
295,True,0.6492659053833605,0,512.9701696131616,279.96405675122054,14.093127778739355,True,511.6607468123861,278.16575591985423,514.8587595288602,273.04519568398337,2.2245165657471553,7.171987893004898,True,TRACKING,RIGHT + DOWN + FORWARD,RIGHT + DOWN + FORWARD,0.6089336235276882,0.60303178004113,True,True,True,turbid
296,True,0.6574225122349103,0,509.4716222877468,284.9520476780364,14.059621392758428,True,508.14510332434855,283.1900269541779,511.5019314266044,278.11761131908065,2.205531589336721,7.129633619194279,True,TRACKING,RIGHT + DOWN + FORWARD,RIGHT + DOWN + FORWARD,0.5984435357081388,0.5920988196492087,True,True,True,turbid
297,True,0.6476345840130505,0,505.8326251134664,289.83452781775867,14.033545616719383,True,504.50913242009125,287.99269406392693,508.0055319233478,283.0551526915038,2.268035380273274,7.119090609545034,True,TRACKING,RIGHT + DOWN + FORWARD,RIGHT + DOWN + FORWARD,0.5875172872604619,0.5807269534795825,True,True,True,turbid
298,True,0.634584013050571,0,502.0558755739697,294.6020538159319,14.014911888319407,True,500.53454715219414,292.64145658263305,504.27003953777097,287.8483046370684,2.481608687549515,7.107436248718385,True,TRACKING,RIGHT + DOWN + FORWARD,RIGHT + DOWN + FORWARD,0.5758438735555342,0.5689246111686552,True,True,True,turbid
299,True,0.6541598694942904,0,498.14417326476143,299.2454046544281,14.003728380927626,True,496.77928539122564,297.5214834916327,500.5246624644983,292.68489406435054,2.1988231131355183,6.979042056943333,True,TRACKING,RIGHT + DOWN + FORWARD,RIGHT + DOWN + FORWARD,0.5641395702015572,0.5567005414523795,True,True,True,turbid
0,True,0.867862969004894,0,409.7219860679131,230.39999999999998,14.0,True,409.29764309764306,229.93737373737375,409.29764309764306,229.93737373737375,0.6277658921040006,0.6277658921040006,True,TRACKING,RIGHT + FORWARD,RIGHT + FORWARD,0.27905513468013454,0.2803812064622285,True,True,True,noisy
1,True,0.8531810766721044,0,415.4659554431149,235.88722116606954,14.003728380927626,True,415.0305526948163,235.39272227943698,412.1640978962297,232.66504800840536,0.6588662247427859,4.613530439684392,True,TRACKING,RIGHT + FORWARD,RIGHT + FORWARD,0.28801280592571776,0.2983311107597341,True,True,True,noisy
2,True,0.8499184339314845,0,421.13915865897377,241.36382932953273,14.014911888319407,True,420.6797520661157,240.70454545454547,416.4219249811727,236.68479673147542,0.8035606046712741,6.644218511206834,True,TRACKING,RIGHT + FORWARD,RIGHT + FORWARD,0.30131851556616474,0.31605987080929304,True,True,True,noisy
3,True,0.8580750407830342,0,426.737390333572,246.81923201471687,14.033545616719383,True,426.36574547935857,246.44762879563288,421.3938352302656,241.56621276355415,0.5255557535570595,7.49318306163397,True,TRACKING,RIGHT + FORWARD,RIGHT + FORWARD,0.31685573509458004,0.3335543447924126,True,True,True,noisy
4,True,0.8629690048939641,0,432.2565006592334,252.24287776011445,14.059621392758427,True,431.83638832315,251.84521384928718,426.6151117767078,246.70571330642065,0.5784729560695788,7.904774425063208,True,TRACKING,RIGHT + FORWARD,RIGHT + FORWARD,0.3331722243022119,0.3508015645601043,True,True,True,noisy
5,True,0.8760195758564437,0,437.69239847865555,257.6242765262885,14.093127778739355,True,437.4585838343353,257.3623914495658,432.0368478055216,252.03405237799322,0.3510741820593877,7.952097801496772,True,TRACKING,RIGHT + FORWARD,RIGHT + FORWARD,0.3501151493922549,0.3677887452457986,True,True,True,noisy
6,True,0.8580750407830342,0,443.04105431756693,262.9530199849791,14.134050077653876,True,442.7035519125683,262.6420765027322,437.37019985904493,257.3380644403627,0.45890491665670424,7.980370671701747,True,TRACKING,RIGHT + FORWARD,RIGHT + FORWARD,0.3667818745595154,0.38450329474239664,True,True,True,noisy
7,True,0.8694942903752039,0,448.29850337166016,268.2188016501702,14.182370339629198,True,448.0319865319865,267.94444444444446,442.7010931955157,262.6412544424036,0.3824958851586074,7.901900628005312,True,TRACKING,RIGHT + FORWARD,RIGHT + DOWN + FORWARD,0.38344091623598653,0.400932823036438,True,False,True,noisy
8,True,0.8760195758564437,0,453.4608484455864,273.4114368121798,14.238067369801415,True,453.36573146292585,273.13794255177015,448.03341232922077,267.88959849708687,0.2895623436627316,7.742593956501802,True,TRACKING,RIGHT + DOWN + FORWARD,RIGHT + DOWN + FORWARD,0.4001044135288149,0.41706515139245753,True,True,True,noisy
9,True,0.8525641025641025,0,458.52426284183474,278.5208822362191,14.301116737612292,True,458.37892302609845,278.29963660389825,453.2061676776596,273.09461755049256,0.2647136034647936,7.597794720495283,True,TRACKING,RIGHT + DOWN + FORWARD,RIGHT + DOWN + FORWARD,0.41626927399268626,0.4328883213807336,True,True,True,noisy
10,True,0.8693548387096774,0,463.4849931973521,283.53725558732106,14.371490787525303,True,463.2089503126028,283.2602829878249,458.2075589951312,278.1774502691587,0.3910415516187219,7.521889709864936,True,TRACKING,RIGHT + DOWN + FORWARD,RIGHT + DOWN + FORWARD,0.431898621859785,0.44839060374172524,True,True,True,noisy
11,True,0.933115823817292,0,468.3393622658033,288.4508545440668,14.449158651156274,True,468.08880550343963,288.0503439649781,463.1481822492854,283.1138971170684,0.472427153250229,7.445230993158478,True,TRACKING,RIGHT + DOWN + FORWARD,RIGHT + DOWN + FORWARD,0.4473380695290169,0.4635605070806353,True,True,True,noisy
12,True,0.9216965742251223,0,473.08377164340726,293.25217556414293,14.534086260813272,True,473.0285442435775,293.0647002854424,468.08836324643147,288.0892987012554,0.1954406452501235,7.183968440487156,True,TRACKING,RIGHT + DOWN + FORWARD,RIGHT + DOWN + FORWARD,0.46277613514509836,0.4783867863856477,True,True,True,noisy
13,True,0.9086538461538461,0,477.7147044363307,297.93193226543406,14.62623636443981,True,477.34973692355305,297.6326214794181,472.71905008499226,292.8609600903368,0.4720044830386494,7.118379113158929,True,TRACKING,RIGHT + DOWN + FORWARD,RIGHT + DOWN + FORWARD,0.47724703151560083,0.4928584513635334,True,True,True,noisy
14,True,0.9494290375203915,0,482.2287278676595,302.481073387099,14.725568541954857,True,482.17589175891754,302.24876998769986,477.4474709219549,297.5548650390183,0.23823627716908827,6.864979728269286,True,TRACKING,RIGHT + DOWN + FORWARD,RIGHT + DOWN + FORWARD,0.4920233466311091,0.5069647745864359,True,True,True,noisy
15,True,0.9182389937106918,0,486.62249582201724,306.8908002958915,14.83203922298239,True,486.28453850676067,306.48059964726633,481.8660047143578,302.0177323431423,0.5314882115982786,6.809625461752967,True,TRACKING,RIGHT + DOWN + FORWARD,RIGHT + DOWN + FORWARD,0.5058312647323682,0.5206952994438039,True,True,True,noisy
16,True,0.9430379746835443,0,490.89275132594446,311.15258400386665,14.945601705962822,True,490.54163040324914,310.63939657673336,486.2038175588035,306.32856445993787,0.6218096474984082,6.727351962907955,True,TRACKING,RIGHT + DOWN + FORWARD,RIGHT + DOWN + FORWARD,0.519386929871261,0.5340398478935764,True,True,True,noisy
17,True,0.8772919605077574,0,495.0363289621986,315.25818166455787,15.066206178637843,True,494.57122384637427,314.66666666666663,490.38752070258886,310.49761556330225,0.7524711034293748,6.653901700434092,True,TRACKING,RIGHT + DOWN + FORWARD,RIGHT + DOWN + FORWARD,0.5324610021955902,0.5469885280068706,True,True,True,noisy
18,True,0.8913963328631875,0,499.05015721618696,319.19965251571875,15.193799739899726,True,498.6082910321489,318.69712351945856,494.4979058673689,314.59736954138043,0.6691644914956645,6.4733299714057715,True,TRACKING,RIGHT + DOWN + FORWARD,RIGHT + DOWN + FORWARD,0.5453059558355278,0.5595317413005843,True,True,True,noisy
19,True,0.9040902679830748,0,502.93126075279145,322.9693732377946,15.328326422995492,True,502.35333333333335,322.4716666666667,498.4256196003511,318.53451810402356,0.7627004215977699,6.322083695436126,True,TRACKING,RIGHT + DOWN + FORWARD,RIGHT + DOWN + FORWARD,0.5575800612510973,0.5716601898524732,True,True,True,noisy
20,True,0.8803301237964236,0,506.6767626218993,326.5600526984185,15.469727220075786,True,506.1175040518639,325.94975688816857,502.2715618261075,322.24213749609606,0.8277868833018829,6.168483261361079,True,TRACKING,RIGHT + DOWN + FORWARD,RIGHT + DOWN + FORWARD,0.5695986307065859,0.5833648831934353,True,True,True,noisy
21,True,0.9101123595505618,0,510.28388639100257,329.96474605441364,15.617940108077669,True,509.6581897730379,329.17418649165984,505.9648757995727,325.708161993878,1.0082066653191095,6.064021796900915,True,TRACKING,RIGHT + DOWN + FORWARD,RIGHT + DOWN + FORWARD,0.5811402368736648,0.594637144971883,True,True,True,noisy
22,True,0.918732782369146,0,513.7499582032876,333.17686818402774,15.77290007592998,True,513.1723691031623,332.51995852773456,509.5686224513675,329.11406026080624,0.8747225074929977,5.830092357010896,True,TRACKING,RIGHT + DOWN + FORWARD,RIGHT + DOWN + FORWARD,0.5924019451605235,0.6054686193852739,True,True,True,noisy
23,True,0.9210526315789473,0,517.0724087596885,336.1902064234184,15.93453915306935,True,516.3294056035611,335.286200576067,512.9490140274643,332.20013041843663,1.1701624938703024,5.7378646414206935,True,TRACKING,RIGHT + DOWN + FORWARD,RIGHT + DOWN + FORWARD,0.6029656688358258,0.6158512773740267,True,True,True,noisy
24,True,0.8695106649937264,0,520.248775223434,338.99893258275677,16.10278643925432,True,519.52984883423,338.1562900333077,516.2394314308472,335.17821022587214,1.107655911931067,5.538299104919543,True,TRACKING,RIGHT + DOWN + FORWARD,RIGHT + DOWN + FORWARD,0.6132482232213974,0.6257774225732312,True,True,True,noisy
25,True,0.8740648379052369,0,523.2767030456769,341.5976142187083,16.27756813566454,True,522.6068826927907,340.6644059281587,519.423157061819,337.9213080770154,1.1487110248844443,5.325884292505453,True,TRACKING,RIGHT + DOWN + FORWARD,RIGHT + DOWN + FORWARD,0.6231973658181843,0.6352396970177402,True,True,True,noisy
26,True,0.8913857677902621,0,526.153947710854,343.9812251414874,16.458807577271386,True,525.2392592592593,342.97679012345674,522.3312081605391,340.44904910023604,1.3585082513283178,5.204767550614772,True,TRACKING,RIGHT + DOWN + FORWARD,RIGHT + DOWN + FORWARD,0.6322850255016845,0.6442310865964188,True,True,True,noisy
27,True,0.903822441430333,0,528.8783764004808,346.1451551361657,16.646425266465744,True,528.0915125651967,345.24110953058323,525.2113603628679,342.84507931540963,1.1985212356278767,4.933305893906099,True,TRACKING,RIGHT + DOWN + FORWARD,RIGHT + DOWN + FORWARD,0.6412855011339623,0.6527449262515024,True,True,True,noisy
28,True,0.9054726368159204,0,531.4479695741472,348.0852188794295,16.84033890792831,True,530.420164013507,346.8613121080559,527.8157621881875,344.8531957117328,1.598227785860632,4.861985628439148,True,TRACKING,RIGHT + DOWN + FORWARD,RIGHT + DOWN + FORWARD,0.6494242568380859,0.6607749049192101,True,True,True,noisy
29,True,0.8481152993348116,0,533.860822466546,349.79766403454204,17.04046344472703,True,532.9539990753583,348.52935737401754,530.3848806317728,346.69127654287513,1.5591441395637378,4.661739470102418,True,TRACKING,RIGHT + DOWN + FORWARD,RIGHT + DOWN + FORWARD,0.6574527519742901,0.6683150702079562,True,True,True,noisy
30,True,0.8779134295227525,0,536.1151464994192,351.27917850885314,17.246711095625894,True,535.213422818792,350.1085011185682,532.7991517252824,348.3998888307217,1.4776979218799389,4.391597703876905,True,TRACKING,RIGHT + DOWN + FORWARD,RIGHT + DOWN + FORWARD,0.6649973491415075,0.675359832810685,True,True,True,noisy
31,True,0.8745910577971646,0,538.2092706073807,352.5268968598189,17.458991393588665,True,537.3473570658036,351.55922330097087,535.073254395543,349.9795560658463,1.2958730916442562,4.040240438581124,True,TRACKING,RIGHT + DOWN + FORWARD,RIGHT + DOWN + FORWARD,0.6721039199860719,0.6819039706480648,True,True,True,noisy
32,True,0.8894907908992417,0,540.1416424766278,353.53840583714197,17.677211225460724,True,539.437957731743,352.64867127014014,537.255606063643,351.3141136679932,1.1343719936164876,3.6437181327334986,True,TRACKING,RIGHT + DOWN + FORWARD,RIGHT + DOWN + FORWARD,0.6789237689488843,0.6879426327394619,True,True,True,noisy
33,True,0.920824295010846,0,541.9108296956272,354.31174905031276,17.901274872811584,True,541.1691995947315,353.3787234042553,539.2124028291872,352.34641853612425,1.1918691466580817,3.33826775192245,True,TRACKING,RIGHT + DOWN + FORWARD,RIGHT + DOWN + FORWARD,0.6850387588412101,0.6934713427988349,True,True,True,noisy
34,True,0.8874629812438302,0,543.5155208169205,354.84543075252463,18.13108405392014,True,542.9830210772834,354.0374707259953,541.0977119532354,353.19194463105976,0.967654575343275,2.929132304145908,True,TRACKING,RIGHT + DOWN + FORWARD,RIGHT + DOWN + FORWARD,0.6909303498538606,0.6984860025528764,True,True,True,noisy
35,True,0.9167492566897919,0,544.9545263292617,355.1384187336433,18.366537966884298,True,544.2853881278539,354.32001522070016,542.6915500405446,353.75597992587996,1.0571330297464516,2.651829319640704,True,TRACKING,RIGHT + DOWN + FORWARD,RIGHT + DOWN + FORWARD,0.6959110938767019,0.7029828947789429,True,True,True,noisy
36,True,0.9495049504950495,0,546.2267795393684,355.19014631663623,18.607533333836002,True,545.6388278388279,354.5139194139194,544.1651889396862,354.1349496698997,0.8960859479573033,2.315943817103934,True,TRACKING,RIGHT + DOWN + FORWARD,RIGHT + DOWN + FORWARD,0.7005162154365194,0.7069586860605263,True,True,True,noisy
37,True,0.95635305528613,0,547.3313373626303,355.0005134536001,18.853964446242344,True,546.8619669277632,354.4852915578764,545.5135779337247,354.31012061388805,0.6969664317314193,1.9444514945096298,True,TRACKING,RIGHT + DOWN + FORWARD,RIGHT + DOWN + FORWARD,0.7047299310428897,0.7104104292582196,True,True,True,noisy
38,True,0.9097345132743363,0,548.2673810221906,354.5698869192663,19.10572321127279,True,547.7521761392729,354.0489844683393,546.6328770364988,354.1795525411137,0.73264959889705,1.6804654730193747,True,TRACKING,RIGHT + DOWN + FORWARD,RIGHT + DOWN + FORWARD,0.7082277407390588,0.7133355656943458,True,True,True,noisy
39,True,0.929140832595217,0,549.0342166558819,353.8990996016108,19.362699199212294,True,548.6624874623872,353.26078234704113,547.647682249443,353.72016744407745,0.7386687422503003,1.3980323233882184,True,TRACKING,RIGHT + DOWN + FORWARD,RIGHT + DOWN + FORWARD,0.7113990070295095,0.715731927049631,True,True,True,noisy
40,True,0.9331597222222222,0,549.6312758305658,352.98944889094037,19.62477969189941,True,549.164274322169,352.4081339712919,548.405978285806,353.0641507076847,0.7456657727499257,1.2275725781473048,True,TRACKING,RIGHT + DOWN + FORWARD,RIGHT + DOWN + FORWARD,0.7137686821431437,0.717597736970518,True,True,True,noisy
41,True,0.9439655172413793,0,550.0581159634966,351.8426941705694,19.891849732168208,True,549.5807303807303,351.257498057498,548.9933543332681,352.1608243825914,0.7552161845372126,1.111271416445065,True,TRACKING,RIGHT + DOWN + FORWARD,RIGHT + DOWN + FORWARD,0.715604232291463,0.7189316123859267,True,True,True,noisy
42,True,0.9220365950676214,0,550.3144206503947,350.46105341394355,20.163792174272277,True,549.9157608695652,349.9248188405797,549.4545576014167,351.0428216115855,0.6681894480771987,1.038180475054961,True,TRACKING,RIGHT + DOWN + FORWARD,RIGHT + DOWN + FORWARD,0.7170454925044272,0.7197325645324835,True,True,True,noisy
43,True,0.9382911392405063,0,550.399999899988,348.8471988947888,20.440487735268725,True,550.0194871794871,348.2234432234432,549.7370223904519,349.6331324175144,0.73065796922961,1.0282172339999516,True,TRACKING,RIGHT + DOWN + FORWARD,RIGHT + DOWN + FORWARD,0.7179281949701621,0.7199999996874624,True,True,True,noisy
44,True,0.9489395129615082,1,550.3147902748469,347.00425201858525,20.721815047339625,True,549.8091537132988,346.3860103626943,549.7730880518753,348.0095713901044,0.7986808357867361,1.1419756289536114,True,TRACKING,RIGHT + DOWN + FORWARD,RIGHT + DOWN + FORWARD,0.7180409001621104,0.7197337196088966,True,True,True,noisy
45,True,0.9206117989803351,0,550.0588549384092,344.93577728536087,21.007650711027956,True,549.5692775245199,344.497858820279,549.6711827881976,346.2537151051917,0.6568551029338627,1.3737721037312423,True,TRACKING,RIGHT + DOWN + FORWARD,RIGHT + DOWN + FORWARD,0.7177224462131175,0.7189339216825289,True,True,True,noisy
46,True,0.9195979899497487,0,549.632383608158,342.64577539548316,21.29786934936466,True,549.1944779520171,342.1325559576464,549.4328303701074,344.19313553141905,0.6746521733853978,1.5601746328856967,True,TRACKING,RIGHT + DOWN + FORWARD,RIGHT + DOWN + FORWARD,0.7169775949065855,0.7176011987754937,True,True,True,noisy
47,True,0.9520348837209303,0,549.03569241499,340.1386755117814,21.59234366286315,True,548.6360734237829,339.5347166799681,549.0344518969451,341.86392610569357,0.724197216687991,1.7252510399009462,True,TRACKING,RIGHT + DOWN + FORWARD,RIGHT + DOWN + FORWARD,0.7157326621779536,0.7157365387968436,True,True,True,noisy
48,True,0.981118373275236,0,548.2692236688772,337.4193266929678,21.89094448535706,True,547.7856224279835,336.83101851851853,548.4100371624643,339.34747231210605,0.761561992432472,1.9332806233390623,True,TRACKING,RIGHT + DOWN + FORWARD,RIGHT + DOWN + FORWARD,0.7137813661327008,0.7133413239652413,True,True,True,noisy
49,True,0.9281476598549769,0,547.3335455309943,334.4929885149238,22.193540840656787,True,546.772997032641,333.91765578635017,547.5915170975527,336.6325640492281,0.8032573482852042,2.1550714132357887,True,TRACKING,RIGHT + DOWN + FORWARD,RIGHT + DOWN + FORWARD,0.7112234909298522,0.7104173297843573,True,True,True,noisy
50,True,0.951878707976269,0,546.2293515925583,331.3653208979934,22.5,True,545.8611713665944,330.6628103157387,546.7263442320735,333.6476871824834,0.7931442472657093,2.3358504961382165,True,TRACKING,RIGHT + DOWN + FORWARD,RIGHT + DOWN + FORWARD,0.7085198257252298,0.7069667237267445,True,True,True,noisy
51,True,0.9551365409622887,0,544.9574603606886,328.0423731599582,22.810187540270842,True,544.485644257703,327.47093837535016,545.6059942448883,330.5593127789168,0.7410453077218201,2.5991501004056645,True,TRACKING,RIGHT + DOWN + FORWARD,RIGHT + DOWN + FORWARD,0.7050187320152759,0.7029920636271519,True,True,True,noisy
52,True,0.9148170365926814,0,543.5188146516716,324.53057231586575,23.12396740296235,True,543.1325654923215,323.9950316169828,544.369279868605,327.2771721979498,0.6602970946919735,2.875256857652496,True,TRACKING,RIGHT + DOWN + FORWARD,RIGHT + DOWN + FORWARD,0.7011539995893905,0.6984962957864738,True,True,True,noisy
53,True,0.9385542168674699,0,541.914480892078,320.83671064734347,23.441201953856233,True,541.3711843711843,320.21922521922517,542.8702321198946,323.7481987085875,0.8224714971071303,3.06434709852513,True,TRACKING,RIGHT + DOWN + FORWARD,RIGHT + DOWN + FORWARD,0.6964694753746705,0.6934827527877439,True,True,True,noisy
54,True,0.9545726240286909,0,540.1456483282515,316.96793256543805,23.761752043393763,True,539.5916854656783,316.28671178429477,541.2309587927864,320.01745524644116,0.8780299572176875,3.236894713515011,True,TRACKING,RIGHT + DOWN + FORWARD,RIGHT + DOWN + FORWARD,0.6913467462274575,0.6879551510257859,True,True,True,noisy
55,True,0.9230340211935304,0,538.213628144755,312.9317207923918,24.085477067711395,True,537.4692678833648,312.22372561359344,539.3501133380755,316.1205904300173,1.0272922524475243,3.3853342760215566,True,TRACKING,RIGHT + DOWN + FORWARD,RIGHT + DOWN + FORWARD,0.685469104181486,0.6819175879523595,True,True,True,noisy
56,True,0.9288888888888889,0,536.1198524924273,308.73588188907945,24.41223503031425,True,535.3498759305211,307.84284532671626,537.3499946342984,311.9817178783668,1.1791429970967857,3.4711238754271005,True,TRACKING,RIGHT + DOWN + FORWARD,RIGHT + DOWN + FORWARD,0.6792187332321824,0.6753745390388353,True,True,True,noisy
57,True,0.9398454746136865,0,533.865873426771,304.3885311561002,24.74188260436047,True,533.0699103455223,303.4351767905712,535.2099524899104,307.708447334469,1.2419507933023037,3.58167446306393,True,TRACKING,RIGHT + DOWN + FORWARD,RIGHT + DOWN + FORWARD,0.67253110153097,0.6683308544586595,True,True,True,noisy
58,True,0.8939316675165732,0,531.4533617574582,299.8980769377259,25.07427519552914,True,530.5710471670128,298.6778404034411,532.8904998284615,303.1931438689551,1.5058075030083067,3.594834059648295,True,TRACKING,RIGHT + DOWN + FORWARD,RIGHT + DOWN + FORWARD,0.6652828119639423,0.6607917554920568,True,True,True,noisy
59,True,0.9078411405295316,0,528.8841058098076,295.27320435906455,25.409267005444086,True,527.8886948083455,293.9142163998059,530.3895973184035,298.5536801343805,1.6845448451263452,3.6094356892579773,True,TRACKING,RIGHT + DOWN + FORWARD,RIGHT + DOWN + FORWARD,0.657467491620011,0.6527628306556487,True,True,True,noisy
60,True,0.8986452584044154,0,526.1600100991509,290.5228585278941,25.746711095625894,True,525.1591600152033,289.131508931965,527.7743786668034,293.84259453317276,1.7139295751663544,3.6914540518565357,True,TRACKING,RIGHT + DOWN + FORWARD,RIGHT + DOWN + FORWARD,0.6492949333337605,0.6442500315598465,True,True,True,noisy
61,True,0.8708156529938709,0,523.2830939190701,285.65622723365493,26.086459451943984,True,521.9654751852894,284.05084904775305,524.8699269260464,288.9467217904629,2.0768625971352783,3.653134738880088,True,TRACKING,RIGHT + DOWN + FORWARD,RIGHT + DOWN + FORWARD,0.6402185216438951,0.635259668497094,True,True,True,noisy
62,True,0.8939465039887377,0,520.2554898445534,280.6827231770651,26.428363049540486,True,519.0258425951025,279.1423149905123,521.9478847605744,284.0445183904876,1.971012364060891,3.7637571134126575,True,TRACKING,RIGHT + DOWN + FORWARD,RIGHT + DOWN + FORWARD,0.6310871398767951,0.6257984057642293,True,True,True,noisy
63,True,0.8842398884239888,0,517.0794421511795,275.6119657647273,26.772271918197468,True,515.5982262832572,273.95547791812237,518.7730555219158,278.999998154305,2.2221504074509943,3.787755235276479,True,TRACKING,RIGHT + DOWN + FORWARD,RIGHT + DOWN + FORWARD,0.6211657985059869,0.6158732567224359,True,True,True,noisy
64,True,0.8715596330275229,0,513.7573051514995,270.45376250393974,27.118035208118854,True,512.4359174471036,268.80705861949355,515.6044864845097,273.90352838689927,2.1113263955103654,3.9131781871329214,True,TRACKING,RIGHT + DOWN + FORWARD,RIGHT + DOWN + FORWARD,0.6112640202640929,0.6054915785984359,True,True,True,noisy
65,True,0.8999563128003495,0,510.2915414498546,265.2180900336958,27.465501256098094,True,508.9007217186975,263.6544142329641,512.2526041016037,268.77897130993165,2.092716305276407,4.065174312072267,True,TRACKING,RIGHT + DOWN + FORWARD,RIGHT + DOWN + FORWARD,0.6007893878175115,0.5946610670307957,True,True,True,noisy
66,True,0.8951439621830684,0,506.68472011691733,259.9150748285608,27.81451765204268,True,505.2966585167074,258.3331703341483,508.77463130915555,263.55607082203994,2.1045514570615573,4.1981639577288545,True,TRACKING,RIGHT + FORWARD,RIGHT + FORWARD,0.5899207228411111,0.5833897503653667,True,True,True,noisy
67,True,0.8757637474541752,0,502.9395147853138,254.55497361274735,28.16493130582626,True,501.6461896731711,252.71805990524368,505.2104104911633,258.1370653636418,2.2465399650382065,4.241267336383291,True,TRACKING,RIGHT + FORWARD,RIGHT + FORWARD,0.5787825327848853,0.5716859837041056,True,True,True,noisy
68,True,0.9111292295148797,0,499.0587016677374,249.1481535222705,28.516588514439,True,497.7505211952745,247.6295266774766,501.4804658432189,252.88329602055921,2.0043861010947928,4.451542564568831,True,TRACKING,RIGHT + FORWARD,RIGHT + FORWARD,0.567126455760059,0.5595584427116794,True,True,True,noisy
69,True,0.9018036072144289,0,495.04515749902157,243.70507205355244,28.869335029406827,True,493.6202093215872,242.1709961599277,497.550337582403,247.52714609024346,2.0937684102531637,4.569920917490659,True,TRACKING,RIGHT + FORWARD,RIGHT + FORWARD,0.5548448049450094,0.5470161171844424,True,True,True,noisy
70,True,0.899581589958159,0,490.9018574037004,238.2362568372583,29.22301612444989,True,489.6347471214108,236.7994461448768,493.5925423519069,242.16329611756015,1.9157226921519241,4.760401558643845,True,TRACKING,RIGHT + FORWARD,RIGHT + FORWARD,0.5424766948497091,0.5340683043865637,True,True,True,noisy
71,True,0.8981203007518797,0,486.63187269063326,232.75228527648298,29.577476663350634,True,485.28690450758387,231.26276436658833,489.4397234297454,236.71303024207424,2.006891116734678,4.855051642937404,True,TRACKING,RIGHT + FORWARD,RIGHT + FORWARD,0.5294991357179544,0.5207246021582289,True,True,True,noisy
72,True,0.9518574677786201,0,482.2383685763333,227.2637640886715,29.93256116800167,True,481.29210256410255,226.12355555555553,485.36591299692395,231.41829289881488,1.481720238403183,5.200158049240335,True,TRACKING,RIGHT + FORWARD,RIGHT + FORWARD,0.5167684781153874,0.5069949018010416,True,True,True,noisy
73,True,0.9178761061946903,0,477.72460183868304,221.78130879084213,30.288113886603607,True,476.82656851041247,220.71554582835918,481.0962407536682,226.06691936358703,1.393669455389316,5.4529264578082515,True,TRACKING,RIGHT + FORWARD,RIGHT + FORWARD,0.5034257523552131,0.4928893807458845,True,True,True,noisy
74,True,0.9362380446333688,0,473.0939184027793,216.31552316778948,30.64397886198293,True,472.12189248991274,215.07783417935698,476.6090666217905,220.57237677147202,1.5737561460947953,5.520604097814155,True,TRACKING,RIGHT + FORWARD,RIGHT + FORWARD,0.48940333319309526,0.47841849500868533,True,True,True,noisy
75,True,0.9603508771929825,0,468.34975086069494,210.87697876297918,30.999999999999996,True,467.7160171545777,210.07595251414008,472.1625418881841,215.32416464280607,1.0214017141156266,5.857886792097758,True,TRACKING,RIGHT + UP + FORWARD,RIGHT + UP + FORWARD,0.47550794340057523,0.4635929714396717,True,True,True,noisy
76,True,0.9430189936687771,0,463.4956159269976,205.47619443180196,31.35602113801707,True,462.8193027210884,204.68835034013603,467.49092230463623,210.00625749147105,1.0383149162272933,6.040194067724859,True,TRACKING,RIGHT + UP + FORWARD,RIGHT + UP + FORWARD,0.4609091322019882,0.4484237997718674,True,True,True,noisy
77,True,0.9502307185234015,0,458.53511183191097,200.12361599673318,31.71188611339639,True,457.9370946822308,199.5377313995991,462.71400849343354,204.77199444553509,0.8371889108621582,6.250647927292859,True,TRACKING,RIGHT + UP + FORWARD,RIGHT + UP + FORWARD,0.44598127654197983,0.4329222244747218,True,True,True,noisy
78,True,0.9311311935182299,0,453.4719156540498,194.82959604374696,32.06743883199833,True,452.8409495890096,194.15600390871987,457.77747904122157,199.46399917712748,0.922954245671285,6.325785997300362,True,TRACKING,RIGHT + UP + FORWARD,RIGHT + UP + FORWARD,0.4305546220038174,0.4170997364189056,True,True,True,noisy
79,True,0.925419515226849,0,448.3097805947084,189.6043738990632,32.42252333664936,True,447.59827323514475,188.80288922747022,452.6878761381831,194.13344420229885,1.071737095332509,6.2992220471614,True,TRACKING,RIGHT + UP + FORWARD,RIGHT + UP + FORWARD,0.4146496129318223,0.40096806435846377,True,True,True,noisy
80,True,0.9785514454460678,0,443.0525331957199,184.45805582495217,32.7769838755501,True,442.58015225666117,183.9589450788472,447.6340141974222,189.04619464057302,0.6872083297395822,6.483902062829581,True,TRACKING,RIGHT + UP + FORWARD,RIGHT + UP + FORWARD,0.3988562943669443,0.38453916623662465,True,True,True,noisy
81,True,0.921677911410971,0,437.70407050295177,179.40059547290363,33.13066497059317,True,437.25073415558757,178.859255699717,442.44237417650487,183.95272517014502,0.706089650027004,6.570647341268118,True,TRACKING,RIGHT + UP + FORWARD,RIGHT + UP + FORWARD,0.3826324193015777,0.36782522032172427,True,True,True,noisy
82,True,0.9275447345262541,0,432.26835717753806,174.441774631964,33.48341148556099,True,431.63297422898177,173.69587029995773,437.03767420274335,178.82429773505137,0.9798391520151679,6.47710534390229,True,TRACKING,RIGHT + UP + FORWARD,RIGHT + UP + FORWARD,0.365742731883573,0.35083861617980644,True,True,True,noisy
83,True,0.9320612893899971,0,426.74942255698994,169.59118430947856,33.83506869417374,True,426.2246978078262,169.02064126203646,431.6311860052848,173.92246949854393,0.7751486511434224,6.5262275285286195,True,TRACKING,RIGHT + UP + FORWARD,RIGHT + UP + FORWARD,0.34884745626651503,0.33359194549059357,True,True,True,noisy
84,True,0.9202758620689655,0,421.15135766836477,164.85820618083025,34.18548234795732,True,420.6844978712747,164.22594540445778,426.1578419382797,169.07420745150085,0.785946410054857,6.545193003968787,True,TRACKING,RIGHT + UP + FORWARD,RIGHT + UP + FORWARD,0.3317432560571241,0.3160979927136399,True,True,True,noisy
85,True,0.9486896551724138,0,415.4783121957053,160.25199444405413,34.534498743901906,True,414.9909353716497,159.74672938409526,420.5743886549647,164.41046841779806,0.7020177700327696,6.577453995956439,True,TRACKING,RIGHT + UP + FORWARD,RIGHT + UP + FORWARD,0.3142949645467647,0.2983697256115791,True,True,True,noisy
86,True,0.929776810016331,0,409.7344914039985,155.78145811442164,34.881964791881146,True,409.1141890258641,155.0403674160019,414.8442888404144,159.72541791689997,0.9664318204629984,6.4548314280674415,True,TRACKING,RIGHT + UP + FORWARD,RIGHT + UP + FORWARD,0.29638840262629496,0.2804202856374953,True,True,True,noisy
87,True,0.9169478328575136,0,403.9241530219341,151.45524379324212,35.227728081802525,True,403.29385342789595,150.75645390070923,409.06907113415514,155.2409359088046,0.9410552014365462,6.387616705414627,True,TRACKING,RIGHT + UP + FORWARD,RIGHT + UP + FORWARD,0.2783408472942348,0.26226297819354405,True,True,True,noisy
88,True,0.941359626362221,0,398.05160408577296,147.2817189442054,35.57163695045952,True,397.5973990038738,146.7292473713337,403.33323506901445,150.98509164006916,0.7152112242228418,6.450627501848603,True,TRACKING,RIGHT + UP + FORWARD,RIGHT + UP + FORWARD,0.26041635959067017,0.2439112627680405,True,True,True,noisy
89,True,0.9748443983402489,0,392.12119774666564,143.26895570961457,35.91354054805602,True,391.61241580192967,142.52981066812305,397.47282543547203,146.7574511540961,0.8973262838292584,6.388232884434277,True,TRACKING,RIGHT + UP + FORWARD,RIGHT + UP + FORWARD,0.2421025794858501,0.22537874295833013,True,True,True,noisy
90,True,0.9403095062638173,1,386.13733004378685,139.42471529780786,36.2532889043741,True,385.5017214397496,138.6723898949251,391.48727343761084,142.7149205245106,0.984881621997752,6.2807121213237425,True,TRACKING,RIGHT + UP + FORWARD,RIGHT + UP + FORWARD,0.22339772949253386,0.2066791563868339,True,True,True,noisy
91,True,0.953774280796656,0,380.1044366456779,135.75643297196757,36.590732994555914,True,379.53219072731264,134.87255548231158,385.5097320824617,138.79373800341108,1.0529505248615656,6.2001968205007945,True,TRACKING,RIGHT + UP + FORWARD,RIGHT + UP + FORWARD,0.20471791275769285,0.18782636451774337,True,True,True,noisy
92,True,0.9572481572481573,0,374.02698956221434,132.27120366934997,36.92572480447086,True,373.1236382727392,131.1045631535197,379.31668517760045,134.94915057846538,1.475497761900415,5.928935768877563,True,TRACKING,RIGHT + UP + FORWARD,RIGHT + UP + FORWARD,0.1853646411800014,0.1688343423819198,True,True,True,noisy
93,True,0.9319822967621709,0,367.90949382963333,128.97576827874988,37.25811739563952,True,367.0888404123358,127.83061722058257,373.2027627949681,131.38988389952397,1.4088445540029755,5.817787429069738,True,TRACKING,RIGHT + UP + FORWARD,RIGHT + UP + FORWARD,0.16625863373427538,0.14971716821760417,True,True,True,noisy
94,True,0.9220598469032707,0,361.7564841710811,125.87650060274066,37.58776496968575,True,360.4506125246295,124.2719952026043,366.82668765979884,127.83093955106413,2.0687528455746107,5.433856367233954,True,TRACKING,RIGHT + UP + FORWARD,RIGHT + UP + FORWARD,0.14633339893687136,0.1304890130346285,True,True,True,noisy
95,True,0.9193919852602487,0,355.5725216351525,122.97939502990786,37.914522932288605,True,354.2302645502645,121.25777777777778,360.5284761050317,124.54435866442095,2.183030014627366,5.197171912190713,True,TRACKING,RIGHT + UP + FORWARD,RIGHT + UP + FORWARD,0.12665148782822405,0.11116413010985156,True,True,True,noisy
96,True,0.8978506536671836,0,349.3621902149176,120.29005494091783,38.23824795660623,True,347.60081053698076,118.24776258020938,354.0646433210062,121.39606062231516,2.69692722490928,4.8307674113173515,True,TRACKING,RIGHT + UP + FORWARD,UP + FORWARD,0.10645201037814438,0.09175684442161743,False,True,True,noisy
97,True,0.9139951359717002,0,343.13009344994,117.81368187084831,38.558798046143764,True,341.6080518087695,115.74965969558222,347.8363475648879,118.57286015894869,2.564526914939094,4.767093398244589,True,TRACKING,UP + FORWARD,UP + FORWARD,0.08698858614027465,0.07228154203106243,True,True,True,noisy
98,True,0.8978341719536207,0,336.8808510138055,115.55506544873937,38.87603259703764,True,335.12540562743885,113.22813719449579,341.4808765961634,115.90049867672224,2.914821367582082,4.612977289489043,True,TRACKING,UP + FORWARD,UP + FORWARD,0.06712773936301061,0.05275265941814222,True,True,True,noisy
99,True,0.8813205181780193,0,330.6190952896916,113.5185741338256,39.18981245972916,True,328.8331917991023,111.08107889522422,335.1570341976328,113.49078878597322,3.0217270419254323,4.538023970602412,True,TRACKING,UP + FORWARD,UP + FORWARD,0.04736573186760253,0.03318467278028621,True,True,True,noisy
100,True,0.9006068215107763,0,324.34946793651534,111.70814676636483,39.5,True,322.5034329483668,109.52875342302656,328.8302335729998,111.50977110449989,2.8561513479603433,4.485154801377595,True,TRACKING,UP + FORWARD,UP + FORWARD,0.027594479915624425,0.013592087301610434,True,True,True,noisy
101,True,0.9098137685708307,0,318.07661644820485,110.12728494940677,39.80645915934321,True,316.2314400188546,107.80371592426741,322.5308367959272,109.65674351438365,2.9670943817170476,4.479005263240654,True,TRACKING,UP + FORWARD,UP + FORWARD,0.007908864987272501,-0.006010573599359859,True,True,True,noisy
102,True,0.8766169154228856,0,311.8051907086471,108.77904627623514,40.10905551464295,True,309.7930151338766,106.3616608459449,316.1619259649019,108.00920218016427,3.14525084250564,4.424228975239507,True,TRACKING,UP + FORWARD,UP + FORWARD,-0.011993981359681527,-0.025608779035477803,True,True,True,noisy
103,True,0.8798572561459159,0,305.53983954486256,107.66603841658286,40.40765633713685,True,303.5932865846649,105.0378587577116,309.8776062747834,106.52353046893793,3.2705346269622257,4.485704472392241,True,TRACKING,UP + FORWARD,UP + FORWARD,-0.031632480391301954,-0.0451880014223045,True,True,True,noisy
104,True,0.8972018257590791,0,299.2852072809638,106.79041407305792,40.70213065063534,True,297.131343958404,104.24064654685203,303.50447511659365,105.38208850789499,3.3377300145401834,4.448100939307942,True,TRACKING,UP + FORWARD,UP + FORWARD,-0.051548515260644835,-0.06473372724698816,True,True,True,noisy
105,True,0.9190797302657675,0,293.0459302954522,106.1538668175356,40.99234928897204,True,291.24687958883993,103.86314243759176,297.3756773527168,104.62261547274338,2.912730957337318,4.5925418082821725,True,TRACKING,UP + FORWARD,UP + FORWARD,-0.07070100827275994,-0.0842314678267119,True,True,True,noisy
106,True,0.8939566704675028,0,286.82663358440374,105.75762781556901,41.27818495266037,True,284.83491130699747,103.54086407661335,291.10529432985714,104.08173977467837,2.9801005192216423,4.595164686959999,True,TRACKING,UP + FORWARD,LEFT + UP + FORWARD,-0.09029595521919642,-0.10366677004873832,False,True,True,noisy
107,True,0.9012462235649547,0,280.6319273330937,105.60246344515407,41.559512264731275,True,278.7603478878239,103.41384451544197,284.9328211088405,103.74779214506017,2.879733050032682,4.68374774103493,True,TRACKING,LEFT + UP + FORWARD,LEFT + UP + FORWARD,-0.10958493403487335,-0.12302522708408219,True,True,True,noisy
108,True,0.9250377643504532,0,274.46640349859854,105.68867381445445,41.836207825727726,True,272.910075427306,103.80132862777663,278.9214482680733,103.7745603864184,2.4462683661383116,4.848840491644588,True,TRACKING,LEFT + UP + FORWARD,LEFT + UP + FORWARD,-0.12837047416227101,-0.14229248906687958,True,True,True,noisy
109,True,0.9044343891402715,0,268.33463240591095,106.01609218135306,42.108150267831796,True,266.74560595201524,104.002798539299,272.83352711004426,103.8886794628587,2.564830668936199,4.976538800581208,True,TRACKING,LEFT + UP + FORWARD,LEFT + UP + FORWARD,-0.1473952277811117,-0.16145427373152826,True,True,True,noisy
110,True,0.9238835653588863,0,262.2411593600896,106.58408527595314,42.37522030810058,True,260.8019874616513,104.91316526610645,266.8177572858478,104.40092236448257,2.2052640278571167,5.070645804241765,True,TRACKING,LEFT + UP + FORWARD,LEFT + UP + FORWARD,-0.16619450848172565,-0.18049637699971993,True,True,True,noisy
111,True,0.9534841628959276,0,256.1905012769553,107.39155452540503,42.63730080078771,True,255.16027321873682,106.29332167945356,260.9890152522923,105.34712202196806,1.5058171322797593,5.215883494923386,True,TRACKING,LEFT + UP + FORWARD,LEFT + UP + FORWARD,-0.1844093273365866,-0.19940468350951476,True,True,True,noisy
112,True,0.9683257918552036,0,250.1871433348323,108.43693817868945,42.89427678872721,True,249.35931274106656,107.20990723916994,255.17416399667943,106.27851463056899,1.4801717530451282,5.434074649355757,True,TRACKING,LEFT + UP + FORWARD,LEFT + UP + FORWARD,-0.2025807375103768,-0.21816517707864902,True,True,True,noisy
113,True,0.9310999827318253,0,244.23553564981432,109.71821432724808,43.146035553757656,True,243.52987053501792,108.8276087973795,249.35201726584867,107.55306171397424,1.136284059587705,5.555742071585395,True,TRACKING,LEFT + UP + FORWARD,LEFT + UP + FORWARD,-0.2207749460442229,-0.23676395109433024,True,True,True,noisy
114,True,0.9405769562964242,0,238.34008997702216,111.23290481561892,43.392466666164,True,237.70617352272026,110.43875668695813,243.52909539428447,108.99590920046619,1.016130563111911,5.650657183247817,True,TRACKING,LEFT + UP + FORWARD,LEFT + UP + FORWARD,-0.23897157689286103,-0.25518721882180573,True,True,True,noisy
115,True,0.9389365351629503,0,232.5051764402968,112.97808003451266,43.633462033115705,True,231.92716374534555,112.32328277782821,237.728129569815,110.65959598914719,0.8734174963247947,5.714421025944641,True,TRACKING,LEFT + UP + FORWARD,LEFT + UP + FORWARD,-0.2570995950943281,-0.2734213236240725,True,True,True,noisy
116,True,0.9428180106146208,0,226.73512029275255,114.95036458705961,43.86891594607986,True,226.07232196289647,114.24886295631357,231.90022576635573,112.45422947273039,0.965093862792303,5.736637086519666,True,TRACKING,LEFT + UP + FORWARD,LEFT + UP + FORWARD,-0.2753117944801383,-0.2914527490851483,True,True,True,noisy
117,True,0.9266085239427349,0,221.03419871059162,117.14594381726862,44.098725127188416,True,220.57130242825608,116.58857983811625,226.2357640973059,114.52140465542331,0.7245188565224763,5.8261898599619615,True,TRACKING,LEFT + UP + FORWARD,LEFT + UP + FORWARD,-0.2930132371959191,-0.30926812902940115,True,True,True,noisy
118,True,0.934264585045193,0,215.40663762255716,119.5605711880696,44.322788774539276,True,214.9794360946056,119.01840848188277,220.60760009595575,116.76990656865304,0.6902474523415263,5.902357128111087,True,TRACKING,LEFT + UP + FORWARD,LEFT + UP + FORWARD,-0.3106012497001383,-0.3268542574295089,True,True,True,noisy
119,True,0.9380036178260155,0,209.85660857737366,122.18957649467166,44.54100860641134,True,209.30454571809588,121.51377051081347,214.95607290702583,119.14183853973326,0.8726322985155244,5.940811652574662,True,TRACKING,LEFT + UP + FORWARD,LEFT + UP + FORWARD,-0.32826227216554427,-0.3441980981957073,True,True,True,noisy
120,True,0.9469012000657571,0,204.38822565149854,125.02787489734851,44.7532889043741,True,203.89695301974947,124.34557284948546,209.42651296338767,121.74370569460936,0.840764463582854,6.014158826416477,True,TRACKING,LEFT + UP + FORWARD,LEFT + UP + FORWARD,-0.34554214698941355,-0.36128679483906706,True,True,True,noisy
121,True,0.9442081151832461,0,199.00554239947587,128.06997675618354,44.95953655527297,True,198.34906251780927,127.31484014361429,203.88778774059847,124.52927291911183,1.000598390302296,6.030995210806222,True,TRACKING,LEFT + UP + FORWARD,LEFT + UP + FORWARD,-0.36285066331062976,-0.3781076800016379,True,True,True,noisy
122,True,0.9268982864329508,0,193.71254884915302,131.30999824875013,45.15966109207169,True,193.18210188933872,130.64774516419251,198.53494481496858,127.58850904165217,0.8485005157230686,6.091386112344281,True,TRACKING,LEFT + UP + FORWARD,LEFT + UP + FORWARD,-0.3795782974532232,-0.3946482848463968,True,True,True,noisy
123,True,0.9291424988242671,0,188.51316854398843,134.74167275019303,45.35357473353425,True,187.91047443522936,134.06160118399373,193.22270962509896,130.82505511282295,0.9087010090704525,6.125330269628416,True,TRACKING,LEFT + UP + FORWARD,LEFT + UP + FORWARD,-0.39617903242156577,-0.4108963483000362,True,True,True,noisy
124,True,0.9377554228230116,0,183.4112556346419,138.3583629536999,45.541192422728614,True,182.60535024053834,137.5078835405022,187.91402993281866,134.1664693266626,1.171664942088087,6.151987366755339,True,TRACKING,LEFT + UP + FORWARD,LEFT + UP + FORWARD,-0.41276865645994165,-0.4268398261417441,True,True,True,noisy
125,True,0.9481213645653199,0,178.41059202200398,142.15307370791885,45.72243186433546,True,177.75317519354215,141.4143317629556,182.83360256318042,137.7904005448091,0.9889067436279739,6.2125630278875965,True,TRACKING,LEFT + UP + FORWARD,LEFT + UP + FORWARD,-0.4286449919900612,-0.44246689993123756,True,True,True,noisy
126,True,0.9423406576281752,0,173.5148845537817,146.1184655464961,45.89721356074568,True,172.67759428148878,145.3490263741681,177.7555984223346,141.56971345948858,1.1371418732898733,6.218906629303269,True,TRACKING,LEFT + UP + FORWARD,LEFT + UP + FORWARD,-0.4445137549302044,-0.45776598576943217,True,True,True,noisy
127,True,0.9332830188679245,0,168.7277622767192,150.24686888356223,46.06546084693065,True,168.06683497570376,149.38257729999728,172.91121669901918,145.47614537974295,1.0880371494800956,6.345163012354761,True,TRACKING,LEFT + UP + FORWARD,LEFT + UP + FORWARD,-0.4596524478155651,-0.4727257428852525,True,True,True,noisy
128,True,0.9318250377073907,0,164.05277374649046,154.53029884771328,46.22709992407002,True,163.1788054264198,153.41144006742243,168.04501106271948,149.4437927235827,1.419741383041656,6.466104185667704,True,TRACKING,LEFT + UP + FORWARD,LEFT + UP + FORWARD,-0.47485934042900163,-0.4873350820422173,True,True,True,noisy
129,True,0.9431115135053568,0,159.4933843972572,158.960470725795,46.38205989192233,True,158.58034582288042,158.0370909875644,163.31267844279995,153.74044185557355,1.2985644301592398,6.468052907348848,True,TRACKING,LEFT + UP + FORWARD,LEFT + UP + FORWARD,-0.48964787986625014,-0.5015831737585713,True,True,True,noisy
130,True,0.9353869271224643,0,155.05297397284193,163.52881598662125,46.53027277992422,True,153.76826745072415,161.95401829467494,158.54047294676207,157.84723007512423,2.0323529758709205,6.666563399744691,True,TRACKING,LEFT + UP + FORWARD,LEFT + UP + FORWARD,-0.5045610220413685,-0.515459456334869,True,True,True,noisy
131,True,0.9362214199759326,0,150.7348340214223,168.22649885363145,46.67167357700451,True,149.30180916571302,166.38777178355403,153.92114105623756,162.11750092933914,2.331196575863157,6.89002236274462,True,TRACKING,LEFT + UP + FORWARD,LEFT + UP + FORWARD,-0.5189964341992577,-0.5289536436830553,True,True,True,noisy
132,True,0.9187490647912614,0,146.5421654556004,173.04443339443833,46.806200260100276,True,144.79218496855864,170.80434961693715,149.3566630123981,166.46092527313814,2.842605677059503,7.159886568965012,True,TRACKING,LEFT + UP + FORWARD,LEFT + UP + FORWARD,-0.533260428086256,-0.5420557329512488,True,True,True,noisy
133,True,0.9237937772433489,0,142.47807617965918,177.97330109420656,46.93379382136216,True,140.5513923352633,175.4778604907637,144.9540276738307,170.9693928819509,3.152671001161928,7.428665159178485,True,TRACKING,LEFT + UP + FORWARD,LEFT + UP + FORWARD,-0.5470186635192791,-0.554756011938565,True,True,True,noisy
134,True,0.8909117179598324,0,138.5455787857629,183.0035688788792,47.05439829403718,True,136.4689139197173,180.24225608746065,140.711470796774,175.60582448470578,3.4550521411289834,7.708288417339227,True,TRACKING,LEFT + UP + FORWARD,LEFT + UP + FORWARD,-0.5602766537600813,-0.5670450662944909,True,True,True,noisy
135,True,0.8968357173818813,0,134.7475883208083,188.12550755338762,47.16796077701761,True,132.58072209885682,185.53990185596402,136.6460964478154,180.5728631703349,3.373524276833296,7.787603629176945,True,TRACKING,LEFT + UP + FORWARD,LEFT + UP + FORWARD,-0.5729809486005768,-0.578913786497474,True,True,True,noisy
136,True,0.8953908394740644,0,131.0869201255856,193.32921061918603,47.27443145804514,True,128.8223888385378,190.38205487352724,132.7342426431766,185.47745902193105,3.716695970776741,8.022697465438814,True,TRACKING,LEFT + UP + FORWARD,LEFT + UP + FORWARD,-0.5852054917400731,-0.590353374607545,True,True,True,noisy
137,True,0.8903281519861831,0,127.56628774784699,198.60461343471385,47.37376363556019,True,125.36739279353336,195.74604740375392,129.05081771835498,190.61175321284247,3.606457926201826,8.129553724510977,True,TRACKING,LEFT + UP + FORWARD,LEFT + UP + FORWARD,-0.5967161946301407,-0.6013553507879782,True,True,True,noisy
138,True,0.9000144487790782,0,124.18830093083213,203.94151268172754,47.46591373918673,True,121.79116795103022,201.09703776575392,125.4209928346926,195.8543954892982,3.719850006446109,8.180525277384652,True,TRACKING,LEFT + UP + FORWARD,LEFT + UP + FORWARD,-0.6080593973915857,-0.6119115595911496,True,True,True,noisy
139,True,0.9007512279687951,0,120.95546367874057,209.32958609985076,47.550841348843726,True,118.54259122792651,206.3511831654794,121.98179203130955,201.1027893273888,3.8331237265928935,8.290569040945114,True,TRACKING,LEFT + UP + FORWARD,LEFT + UP + FORWARD,-0.6188068999021576,-0.6220141760039357,True,True,True,noisy
140,True,0.8948655256723717,0,117.870172400586,214.75841245117476,47.6285092124747,True,115.51173172192279,211.7146823452556,118.74676187661618,206.4087358363222,3.850524041276993,8.395564822101175,True,TRACKING,LEFT + UP + FORWARD,LEFT + UP + FORWARD,-0.6289163691355745,-0.6316557112481688,True,True,True,noisy
141,True,0.9082648204240589,0,114.934714133807,220.21749167629386,47.6988832623877,True,112.68435957601747,217.34072335949512,115.71556072631682,211.87472959790864,3.6523816317987943,8.37922433746565,True,TRACKING,LEFT + UP + FORWARD,LEFT + FORWARD,-0.6383888727302599,-0.6408290183318531,True,False,True,noisy
142,True,0.903605803763827,0,112.15126484895215,225.69626520279206,47.76193263019859,True,109.86120967741935,222.8454569892473,112.7883852018681,217.36009329357796,3.6567007204689777,8.360483505400271,True,TRACKING,LEFT + FORWARD,LEFT + FORWARD,-0.6475362962441622,-0.6495272973470245,True,True,True,noisy
143,True,0.909859558612783,0,109.52188783669615,231.18413636690178,47.817629660370805,True,107.45090696624439,228.57591692561016,110.11964608405624,222.96800510959406,3.33043096606261,8.237847277025471,True,TRACKING,LEFT + FORWARD,LEFT + FORWARD,-0.6558761059873243,-0.6577441005103245,True,True,True,noisy
144,True,0.9080377574370709,0,107.04853217838203,236.67049090883515,47.865949922346125,True,104.8568778652251,234.06537350610805,107.48826197464066,228.51668930785104,3.404406748667231,8.165650178762785,True,TRACKING,LEFT + FORWARD,LEFT + FORWARD,-0.664099181329248,-0.6654733369425562,True,True,True,noisy
145,True,0.9169173470849449,0,104.73303130122254,242.14471750215057,47.90687222126065,True,102.70789889415482,239.5926803580832,105.09808043439774,234.0546848329671,3.257921860765769,8.098264595460426,True,TRACKING,LEFT + FORWARD,LEFT + FORWARD,-0.6715684986425071,-0.6727092771836796,True,True,True,noisy
146,True,0.9175213675213675,0,102.57710161923438,247.5962282774428,47.94037860724158,True,100.81433216283,245.48253348940042,102.95620629861386,239.76860916118375,2.752283018410304,7.836794075841961,True,TRACKING,LEFT + FORWARD,LEFT + FORWARD,-0.6782618553168317,-0.6794465574398926,True,True,True,noisy
147,True,0.9381781838949171,0,100.58234126090954,253.01447930066672,47.96645438328061,True,99.25224327018942,251.19341974077767,101.10422478440165,245.4810144509807,2.2550872678415357,7.551520049205156,True,TRACKING,LEFT + FORWARD,LEFT + FORWARD,-0.6840492975487449,-0.6856801835596577,True,True,True,noisy
148,True,0.9436720653576035,0,98.75022888456886,258.38899096648277,47.98508811168059,True,97.32413386633866,256.5718275932759,99.21417932537015,251.0264210221283,2.3099414983816375,7.377173320251572,True,TRACKING,LEFT + FORWARD,LEFT + FORWARD,-0.6899556896082183,-0.6914055347357223,True,True,True,noisy
149,True,0.9441906936911219,0,97.08212258227508,263.7093682671828,47.996271619072374,True,95.97837688163922,262.45005789659166,97.59627810350469,256.73823945936,1.6745498443314724,6.990063859169538,True,TRACKING,LEFT + FORWARD,LEFT + FORWARD,-0.6950116309265478,-0.6966183669303904,True,True,True,noisy
150,True,0.932067101067517,0,95.5792588731187,268.9653208979934,48.0,True,94.79167601246105,268.0426417445483,96.19397705798286,262.39044060195414,1.2131049347042948,6.60355429704703,True,TRACKING,LEFT + FORWARD,LEFT + DOWN + FORWARD,-0.6993938216938036,-0.701314816021504,True,False,True,noisy
151,True,0.9659873708381171,0,94.24275178662168,274.1466831598691,47.996271619072374,True,93.73326442213033,273.5208702500492,94.9636207400566,267.95565542600167,0.8069815194126754,6.232854598780724,True,TRACKING,LEFT + DOWN + FORWARD,LEFT + DOWN + FORWARD,-0.7032386851873231,-0.7054914006668073,True,True,True,noisy
152,True,0.9528871014076414,0,93.0735920369398,279.2434336212829,47.98508811168059,True,92.15747186665668,278.2837787259525,93.56054630335663,273.11971707597706,1.3267304490857146,6.1430471905101145,True,TRACKING,LEFT + DOWN + FORWARD,LEFT + DOWN + FORWARD,-0.7076232928020105,-0.7091450248845631,True,True,True,noisy
153,True,0.9594419674960448,0,92.07264628847457,284.2457145009836,47.96645438328061,True,91.4973929374552,283.690266142783,92.52896962040592,278.40499160938003,0.7996494835155794,5.858521560920181,True,TRACKING,LEFT + DOWN + FORWARD,LEFT + DOWN + FORWARD,-0.7108469699362315,-0.7122729803485169,True,True,True,noisy
154,True,0.9593156986774009,0,91.24065651344011,289.14385073423347,47.94037860724158,True,90.63906424062384,288.4742418616165,91.58401693051488,283.43961673549825,0.9001607106509331,5.714558765848904,True,TRACKING,LEFT + DOWN + FORWARD,LEFT + DOWN + FORWARD,-0.713799947092141,-0.7148729483954996,True,True,True,noisy
155,True,0.9423269093504639,0,90.57823944186038,293.9283686856464,47.90687222126065,True,89.94429155820008,293.2942853601091,90.76415424435748,288.3669510478037,0.8966334718946195,5.564524279423642,True,TRACKING,LEFT + DOWN + FORWARD,LEFT + DOWN + FORWARD,-0.7163620179863829,-0.7169430017441863,True,True,True,noisy
156,True,0.9370179948586118,0,90.08588610440515,298.5900144724368,47.865949922346125,True,89.42557166342849,297.73250136999945,90.09486295389299,293.0497262089016,1.0822864139468955,5.54029553606058,True,TRACKING,LEFT + DOWN + FORWARD,LEFT + DOWN + FORWARD,-0.7184535532690844,-0.7184816059237339,True,True,True,noisy
157,True,0.9426605504587156,0,89.76396146840304,303.11977186263823,47.817629660370805,True,89.13491766933213,302.35844356425775,89.61489031161256,297.70408488657966,0.9875813278229191,5.4177382395642955,True,TRACKING,LEFT + DOWN + FORWARD,LEFT + DOWN + FORWARD,-0.7199534677762107,-0.7194876204112405,True,True,True,noisy
158,True,0.9350927246790299,0,89.6127041673018,307.50887971367365,47.76193263019859,True,89.13389994781183,306.9486567757648,89.37439512971218,302.3263708311722,0.7369553722991903,5.187985111254979,True,TRACKING,LEFT + DOWN + FORWARD,LEFT + DOWN + FORWARD,-0.7207050152196495,-0.7199602994771819,True,True,True,noisy
159,True,0.9375,0,89.63222632377608,311.74884891754965,47.6988832623877,True,89.04675953664868,311.08103654883166,89.21057733318042,306.70370369000193,0.8881130100623533,5.062734265030891,True,TRACKING,LEFT + DOWN + FORWARD,LEFT + DOWN + FORWARD,-0.7212169458338111,-0.7198992927381997,True,True,True,noisy
160,True,0.9350761275495547,0,89.82251346661442,315.8314788199003,47.6285092124747,True,89.15035751282244,314.87715707824856,89.18046742300143,310.7904303841252,1.167271867564398,5.081770602255653,True,TRACKING,LEFT + DOWN + FORWARD,LEFT + DOWN + FORWARD,-0.7213110393031206,-0.7193046454168299,True,True,True,noisy
161,True,0.9455801900374317,0,90.18342454144613,319.74887308112443,47.550841348843726,True,89.63725193915583,318.92026795607933,89.40885968107864,314.8553491701023,0.9924167293750964,4.9544451748567875,True,TRACKING,LEFT + DOWN + FORWARD,LEFT + DOWN + FORWARD,-0.7205973134966293,-0.7181767983079809,True,True,True,noisy
162,True,0.9426512968299712,0,90.71469201530071,323.49345494893794,47.46591373918673,True,89.86837905615928,322.7530460774628,89.63861936861896,318.80419762378256,1.124478066380057,4.8111398444090225,True,TRACKING,LEFT + DOWN + FORWARD,LEFT + DOWN + FORWARD,-0.7198793144730657,-0.7165165874521853,True,True,True,noisy
163,True,0.9476954197370322,0,91.41592207492269,327.05798191280195,47.37376363556019,True,90.73776081424936,326.23343511450383,90.18819009143417,322.5188163691432,1.0676048510857,4.7022706914871755,True,TRACKING,LEFT + DOWN + FORWARD,LEFT + DOWN + FORWARD,-0.7181619059642682,-0.7143252435158666,True,True,True,noisy
164,True,0.9413379569426383,0,92.28659491869368,330.4355597118854,47.27443145804514,True,91.52824184566427,329.4105268560577,90.85821596854922,325.96467161260045,1.2750653861270995,4.6935175318244475,True,TRACKING,LEFT + DOWN + FORWARD,LEFT + DOWN + FORWARD,-0.7160680750982837,-0.7116043908790822,True,True,True,noisy
165,True,0.9325729136586774,0,93.32606514194654,333.6196556694654,47.16796077701761,True,92.25651001141196,332.52484697582736,91.55736298998059,329.2447592942139,1.5305405100546092,4.718900888613515,True,TRACKING,LEFT + DOWN + FORWARD,LEFT + DOWN + FORWARD,-0.7138832406563107,-0.708356046431417,True,True,True,noisy
166,True,0.9153690888119954,0,94.5335622153852,336.6041113279775,47.05439829403718,True,93.20639327357817,335.0726051664419,92.38187813177939,332.15868223032794,2.02654595874818,4.938783682028579,True,TRACKING,LEFT + DOWN + FORWARD,LEFT + DOWN + FORWARD,-0.7113066308381895,-0.7045826180769212,True,True,True,noisy
167,True,0.9389805097451275,0,95.90819105625559,339.383154360278,46.93379382136216,True,94.39891550663646,337.2379680587029,93.39039681920792,334.6983251445154,2.6229252664045974,5.318544218202305,True,TRACKING,LEFT + DOWN + FORWARD,LEFT + DOWN + FORWARD,-0.7081550099399753,-0.7002869029492013,True,True,True,noisy
168,True,0.9280888755442126,0,97.44893269184516,341.95140973407774,46.806200260100276,True,95.61377138945926,339.63893223819304,94.50208410433359,337.16862869135423,2.952180410264236,5.617731846604494,True,TRACKING,LEFT + DOWN + FORWARD,LEFT + DOWN + FORWARD,-0.7046809871739576,-0.6954720853379839,True,True,True,noisy
169,True,0.9384150943396227,0,99.15464501481733,344.30391010795717,46.67167357700451,True,97.68115108701603,342.1794534800942,96.09161759567482,339.6740410857242,2.585440062917375,5.551380380900901,True,TRACKING,LEFT + DOWN + FORWARD,LEFT + DOWN + FORWARD,-0.6997136950135162,-0.6901417343286959,True,True,True,noisy
170,True,0.920615756112285,0,101.02406362982325,346.4361054388537,46.53027277992422,True,99.07613547595133,343.93312688316036,97.58387653581308,341.8035839844423,3.1716440126388066,5.770194300660601,True,TRACKING,LEFT + DOWN + FORWARD,LEFT + DOWN + FORWARD,-0.6950503858255841,-0.6842998011568023,True,True,True,noisy
171,True,0.9079523162818771,0,103.05580279076139,348.3438717824396,46.38205989192233,True,101.0574644382229,345.57515341760694,99.32067048701799,343.6893687010246,3.4145508569924363,5.967881723138377,True,TRACKING,LEFT + DOWN + FORWARD,LEFT + DOWN + FORWARD,-0.6896229047280688,-0.6779506162788707,True,True,True,noisy
172,True,0.9005283018867924,0,105.24835642799111,350.02351926936853,46.22709992407002,True,103.04387166752296,347.3552548952446,101.18227107727049,345.52231179813464,3.4611252258991088,6.065799104688248,True,TRACKING,LEFT + DOWN + FORWARD,LEFT + DOWN + FORWARD,-0.6838054028835298,-0.6710988861625278,True,True,True,noisy
173,True,0.8925283018867924,0,107.60009926473867,351.4717992419652,46.065460846930655,True,105.38263073024648,348.76935038009674,103.28245090375847,347.1458310891157,3.4957683779788735,6.1119626821949025,True,TRACKING,LEFT + DOWN + FORWARD,LEFT + DOWN + FORWARD,-0.6772423409257547,-0.6637496897976917,True,True,True,noisy
174,True,0.894540363975735,0,110.10928802186808,352.68591053755404,45.89721356074568,True,107.58757062146891,349.7687714059893,105.4350107626137,348.4573012475525,3.8560030290940146,6.303174154651766,True,TRACKING,LEFT + DOWN + FORWARD,LEFT + DOWN + FORWARD,-0.6705155913668321,-0.6559084749316623,True,True,True,noisy
175,True,0.8914330218068536,0,112.77406271012381,353.6635049062732,45.722431864335455,True,110.22327294152305,350.8508764177346,107.82914185206837,349.65408883264354,3.7970261334546267,6.366133798775492,True,TRACKING,LEFT + DOWN + FORWARD,LEFT + DOWN + FORWARD,-0.6630339317122863,-0.6475810540308631,True,True,True,noisy
176,True,0.8959084496002508,0,115.59244800888663,354.402691552897,45.541192422728614,True,113.25909090909092,351.5672608437314,110.54411638057965,350.6106748381875,3.6720869627020747,6.313877017649378,True,TRACKING,LEFT + DOWN + FORWARD,LEFT + DOWN + FORWARD,-0.6545496363106886,-0.6387735999722293,True,True,True,noisy
177,True,0.8860144245845093,0,118.56235473042236,354.90204079388093,45.35357473353426,True,116.21940661917215,351.9416238314245,113.38176149987589,351.276149334806,3.7753773908856503,6.323419572776767,True,TRACKING,LEFT + DOWN + FORWARD,LEFT + DOWN + FORWARD,-0.6456819953128878,-0.6294926414674301,True,True,True,noisy
178,True,0.8869674579468637,0,121.68158136853663,355.16058682255584,45.15966109207169,True,119.44682072194531,352.22193022202083,116.4142911109106,351.7490397784134,3.691863724925557,6.275587613321878,True,TRACKING,LEFT + DOWN + FORWARD,LEFT + DOWN + FORWARD,-0.6362053402784044,-0.619745058223323,True,True,True,noisy
179,True,0.913114486362894,0,124.94781573048681,355.17782957712495,44.959536555272976,True,122.72355217023333,352.6369544190545,119.56892164057197,352.19299709873394,3.376891315155246,6.151562935919505,True,TRACKING,LEFT + DOWN + FORWARD,LEFT + DOWN + FORWARD,-0.6263471198732126,-0.6095380758422287,True,True,True,noisy
180,True,0.9095081967213114,0,128.35863665094536,354.9537357078483,44.7532889043741,True,126.11647397075916,352.2655533125344,122.84269780566557,352.22927520563417,3.5005168296832028,6.1520944704215506,True,TRACKING,LEFT + DOWN + FORWARD,LEFT + DOWN + FORWARD,-0.6161165693572951,-0.5988792604657958,True,True,True,noisy
181,True,0.9107054760730143,0,131.91151578673882,354.4887386415455,44.54100860641133,True,129.8579865276368,351.99280243609854,126.35034216665119,352.1110388208664,3.2321324167875867,6.0481491772290275,True,TRACKING,LEFT + DOWN + FORWARD,LEFT + DOWN + FORWARD,-0.605155180729215,-0.5877765131664412,True,True,True,noisy
182,True,0.9084345257630456,0,135.6038194910355,353.7837377432917,44.322788774539276,True,133.83698453608247,351.57550932744226,130.09366335136684,351.84327407415435,2.82806974712589,5.841850728559405,True,TRACKING,LEFT + DOWN + FORWARD,LEFT + DOWN + FORWARD,-0.5934573020269787,-0.576238064090514,True,True,True,noisy
183,True,0.9180516702320224,0,139.4328107655931,352.8400965769281,44.098725127188416,True,137.99703635808126,350.9867094408799,134.04534985472407,351.4149917575171,2.3444598579064806,5.5727604302042515,True,TRACKING,LEFT + DOWN + FORWARD,LEFT + DOWN + FORWARD,-0.5811082817039873,-0.5642724663575216,True,True,True,noisy
184,True,0.9256283125320568,0,143.39565128961524,351.65964026775134,43.868915946079866,True,141.66570129546585,349.6335949177877,137.85552557509496,350.5242933376524,2.664129640683184,5.655263529171208,True,TRACKING,LEFT + DOWN + FORWARD,LEFT + DOWN + FORWARD,-0.5692014825778282,-0.5518885897199524,True,True,True,noisy
185,True,0.9630333390913802,0,147.489403523718,350.2446519724825,43.633462033115705,True,146.40125947664464,349.144809244314,142.1283925258698,349.8345512909832,1.5471624006180815,5.376673831284137,True,TRACKING,LEFT + DOWN + FORWARD,LEFT + DOWN + FORWARD,-0.5558487733566568,-0.5390956139883812,True,True,True,noisy
186,True,0.9367175441605213,0,151.71103288744177,348.5978684633442,43.392466666164,True,150.93053895885038,347.52048288752025,146.5294657423601,348.67751708925175,1.3303873314044727,5.182179269631546,True,TRACKING,LEFT + DOWN + FORWARD,LEFT + DOWN + FORWARD,-0.5420954195551247,-0.5259030222267445,True,True,True,noisy
187,True,0.9452598860300466,0,156.05741000869932,346.72247483478475,43.146035553757656,True,155.14409787075084,345.7507782343419,150.83678180655545,347.2141476617968,1.3335416546310792,5.24372968352126,True,TRACKING,LEFT + DOWN + FORWARD,LEFT + DOWN + FORWARD,-0.5286350568545142,-0.5123205937228146,True,True,True,noisy
188,True,0.9339019189765458,0,160.52531304348923,344.6220983430905,42.89427678872721,True,159.81730499110404,343.84030964197643,155.32704339882974,345.5272286518866,1.0547364483281587,5.276482557015578,True,TRACKING,LEFT + DOWN + FORWARD,LEFT + DOWN + FORWARD,-0.514602989378657,-0.49835839673909615,True,True,True,noisy
189,True,0.9618168657256605,0,165.11143006415438,342.30080139079746,42.63730080078771,True,164.57535753575357,341.68046518937604,159.95120046729164,343.6038469206313,0.8198724037921977,5.32220792013598,True,TRACKING,LEFT + DOWN + FORWARD,LEFT + DOWN + FORWARD,-0.5001524985397137,-0.4840267810495176,True,True,True,noisy
190,True,0.9369028303587524,0,169.81236151442047,339.76307366947424,42.375220308100594,True,169.1899154300303,339.0073719483006,164.57055794866096,341.30560943446596,0.9790425013029015,5.46405721129343,True,TRACKING,LEFT + DOWN + FORWARD,LEFT + DOWN + FORWARD,-0.48571700641043447,-0.469336370267436,True,True,True,noisy
191,True,0.9292307692307692,0,174.62462272938762,337.01382347607205,42.108150267831796,True,174.1058990760483,336.4033081346514,169.33822851235465,338.8544587845587,0.801126213928648,5.597669350428571,True,TRACKING,LEFT + DOWN + FORWARD,LEFT + DOWN + FORWARD,-0.4708180358988917,-0.4542980539706637,True,True,True,noisy
192,True,0.9410439354111904,0,179.54464651861178,334.0583682196374,41.836207825727726,True,179.05357025983375,333.44839321945153,174.1958993860942,336.1514260020051,0.7830870914445917,5.74369104043256,True,TRACKING,LEFT + DOWN + FORWARD,LEFT + DOWN + FORWARD,-0.45563781441845563,-0.4389229796293382,True,True,True,noisy
193,True,0.9353318250377074,0,184.5687858103617,330.90242413674804,41.55951226473128,True,184.07167246809215,330.2688546328526,179.1337859270932,333.21014031742885,0.8053148398786211,5.904640353290354,True,TRACKING,LEFT + DOWN + FORWARD,LEFT + DOWN + FORWARD,-0.4402069189778338,-0.4232225443426197,True,True,True,noisy
194,True,0.9265985622398789,0,189.6933163550862,327.55209523556465,41.27818495266038,True,189.14281864726487,326.936371597952,184.13830228717904,330.07325595769044,0.8259317915127596,6.1003633237239505,True,TRACKING,LEFT + DOWN + FORWARD,LEFT + DOWN + FORWARD,-0.4245678053525655,-0.4072083863903556,True,True,True,noisy
195,True,0.9460311207405948,0,194.91443948609458,324.01386148988144,40.99234928897205,True,194.3605756084222,323.38084495488107,189.24943894780063,326.7270504562857,0.841115407405038,6.281212101679798,True,TRACKING,LEFT + DOWN + FORWARD,LEFT + DOWN + FORWARD,-0.40859550328812305,-0.39089237660595444,True,True,True,noisy
196,True,0.9538308457711443,0,200.22828493539686,320.2945663060108,40.70213065063535,True,199.7395281155805,319.6625090946887,194.49448353169055,323.1947797754872,0.7989865751696086,6.425551860009906,True,TRACKING,LEFT + DOWN + FORWARD,LEFT + DOWN + FORWARD,-0.392204738963467,-0.3742866095768848,True,True,True,noisy
197,True,0.9360730593607306,0,205.63091370262322,316.40140328674124,40.40765633713685,True,205.08120559893084,315.76535133994514,199.7878445653107,319.48006555771616,0.8406789388870073,6.60451499522398,True,TRACKING,LEFT + DOWN + FORWARD,LEFT + DOWN + FORWARD,-0.37566298573340406,-0.35740339467930243,True,True,True,noisy
198,True,0.9271641791044776,0,211.11832097489156,312.34190231796896,40.10905551464293,True,210.5679210893106,311.68257031557124,205.17788282731067,315.5813179366437,0.8588706092499132,6.766285460705021,True,TRACKING,LEFT + DOWN + FORWARD,LEFT + DOWN + FORWARD,-0.3588191161646542,-0.3402552469534639,True,True,True,noisy
199,True,0.9433492425814485,0,216.68643909545793,308.1239150049165,39.80645915934322,True,216.14978902953584,307.42725156409136,210.66383592842325,311.50428475036756,0.8793936792111465,6.906420818596046,True,TRACKING,LEFT + DOWN + FORWARD,LEFT + DOWN + FORWARD,-0.34167551272367735,-0.322854877826694,True,True,True,noisy
200,True,0.9436560934891486,0,222.33114057895563,303.75559948610066,39.50000000000001,True,221.8027331486611,303.0515974145891,216.2332845385422,307.2779410824783,0.8802461752731775,7.042069199544896,True,TRACKING,LEFT + DOWN + FORWARD,LEFT + DOWN + FORWARD,-0.32427098581705566,-0.30521518569076367,True,True,True,noisy
201,True,0.9336403600586142,0,228.04824117097928,299.24540465442806,39.189812459729154,True,227.4461555882686,298.44253198958216,221.8397200634054,302.86023653603024,1.0035494830175598,7.184200990746158,True,TRACKING,LEFT + DOWN + FORWARD,LEFT + DOWN + FORWARD,-0.30675087480185814,-0.28734924634068976,True,True,True,noisy
202,True,0.9520592721725866,0,233.83350294975196,294.60205381593204,38.87603259703765,True,233.13971181556195,293.8544476464937,227.4897159394837,298.357342091262,1.0199319205039548,7.371961995458145,True,TRACKING,LEFT + DOWN + FORWARD,LEFT + DOWN + FORWARD,-0.2890946376891135,-0.2692703032820251,True,True,True,noisy
203,True,0.9311936689382282,0,239.682637467576,289.83452781775895,38.558798046143764,True,238.51995037419456,288.434826109577,233.00483315683914,293.3960841004195,1.8196170336098973,7.56820676032669,True,TRACKING,LEFT + DOWN + FORWARD,LEFT + DOWN + FORWARD,-0.2718598963848777,-0.250991757913825,True,True,True,noisy
204,True,0.9250331711632022,0,245.59130892973374,284.9520476780363,38.23824795660623,True,244.3627498980008,283.60481436148507,238.68379152741997,288.5004492309523,1.8232923253494588,7.765626197803003,True,TRACKING,LEFT + DOWN + FORWARD,LEFT + DOWN + FORWARD,-0.25411315147681257,-0.23252715959458206,True,True,True,noisy
205,True,0.9222298692360633,0,251.55513740848812,279.9640567512206,37.914522932288605,True,250.25130846208597,278.3373529288615,244.46754999475297,283.4189010799069,2.084738652002658,7.884785645963551,True,TRACKING,LEFT + DOWN + FORWARD,LEFT + DOWN + FORWARD,-0.23603890626639695,-0.2138901955984746,True,True,True,noisy
206,True,0.9091959334565619,0,257.56970208979635,274.88020246341375,37.58776496968576,True,256.12491917755074,273.0398293029872,250.29623458615185,278.2293651914471,2.3397373855061994,8.007510256341861,True,TRACKING,LEFT + DOWN + FORWARD,LEFT + DOWN + FORWARD,-0.21782426691827544,-0.1950946809693864,True,True,True,noisy
207,True,0.9121543109458518,0,263.63054455033205,269.7103176529822,37.25811739563954,True,262.3838858435569,268.1795440703036,256.34006021485436,273.2044546308754,1.9741898826113131,8.084562762829286,True,TRACKING,LEFT + DOWN + FORWARD,LEFT + DOWN + FORWARD,-0.19893731182858013,-0.17615454828021235,True,True,True,noisy
208,True,0.9252199413489736,0,269.73317206238636,264.46440155256226,36.92572480447086,True,268.37156928587416,262.56042086411463,262.3558147503643,267.88243774749503,2.3407487227353667,8.13070552529828,True,TRACKING,LEFT + DOWN + FORWARD,LEFT + DOWN + FORWARD,-0.1801380789051116,-0.15708383730504263,True,True,True,noisy
209,True,0.9053356282271945,0,275.8730609241957,259.1526004492385,36.59073299455592,True,274.08292773374126,257.04769851202894,268.2193712420528,262.465068129762,2.763184576685966,8.339748670376968,True,TRACKING,LEFT + FORWARD,LEFT + FORWARD,-0.16181446486858508,-0.13789668461188836,True,True,True,noisy
210,True,0.8953861337281026,0,282.045659813234,253.78518806029854,36.2532889043741,True,280.4346881933626,251.6949912665817,274.32702971770766,257.08002969817187,2.638968017330879,8.392450891737703,True,TRACKING,LEFT + FORWARD,LEFT + FORWARD,-0.14272803213216356,-0.11860731308364372,True,True,True,noisy
211,True,0.9161490683229814,0,288.24639315997473,248.3725456625211,35.91354054805601,True,286.51215981470756,246.16854854275235,280.41959476620764,251.6242891204621,2.8044907915316006,8.475412002548145,True,TRACKING,LEFT + FORWARD,FORWARD,-0.12368876635560114,-0.09923002137507897,False,True,True,noisy
212,True,0.8911635138636953,0,294.4706645396287,242.92514201343175,35.57163695045952,True,292.6144044597083,240.45836444178983,286.516999612958,246.04132678112597,3.0871820601094604,8.542329499156589,True,TRACKING,LEFT + FORWARD,FORWARD,-0.10463437620950629,-0.0797791733136604,False,True,True,noisy
213,True,0.8764599013755515,0,300.71386007934314,237.4535131033567,35.22772808180254,True,298.88122080032497,235.12416209628276,292.6991102066415,240.58274443870437,2.9638560763229718,8.603970262157638,True,TRACKING,FORWARD,FORWARD,-0.08531528060424538,-0.0602691872520527,True,True,True,noisy
214,True,0.9016662114176455,0,306.9713518783304,231.96824177744233,34.881964791881146,True,305.251721656902,229.8315859800596,298.97541593177175,235.20716520938197,2.742704157385368,8.627028263512074,True,TRACKING,FORWARD,FORWARD,-0.06570182521321329,-0.04071452538021756,True,True,True,noisy
215,True,0.9023448275862069,0,313.2385014383982,226.47993726704965,34.53449874390192,True,311.52595155709344,224.38979763028206,305.2506837444326,229.798481419832,2.7021307883120533,8.649737961695488,True,TRACKING,FORWARD,FORWARD,-0.04609161329864815,-0.021129683005005617,True,True,True,noisy
216,True,0.8897464167585446,0,319.5106631023348,220.99921467011418,34.18548234795732,True,318.07737241782166,219.07731931389728,311.6640280811271,224.43790036686465,2.3974995196162556,8.567043858711042,True,TRACKING,FORWARD,FORWARD,-0.026049912246477725,-0.0015291778052038297,True,True,True,noisy
217,True,0.8958453548759376,0,325.7831874976001,215.53667442016013,33.83506869417373,True,324.3233441910966,213.6160694896851,317.9936861361119,219.02698492827489,2.4124397979033785,8.535724861057998,True,TRACKING,FORWARD,UP + FORWARD,-0.006269730824650388,0.018072460930000388,True,False,True,noisy
218,True,0.9196245233206218,0,332.0514249827721,210.1028817836785,33.48341148556099,True,330.79039325227296,208.45437616387335,324.3920396941924,213.74068054607412,2.0755172376674818,8.47937278544812,True,TRACKING,UP + FORWARD,UP + FORWARD,0.01372512404435131,0.03766070307116287,True,True,True,noisy
219,True,0.8902904077442065,0,338.31072909419106,204.7083464255189,33.13066497059318,True,336.9776419312843,202.9071149600951,330.68484081273834,208.32389775308462,2.2408829009877977,8.43957247041935,True,TRACKING,UP + FORWARD,UP + FORWARD,0.03339012753980732,0.057221028419347064,True,True,True,noisy
220,True,0.9336829117828501,0,344.5564599902503,199.3635020818263,32.77698387555012,True,343.60947409777174,198.15810742549252,337.14715745525507,203.24100258928857,1.5328922199787773,8.362581792751367,True,TRACKING,UP + FORWARD,UP + FORWARD,0.05358486704767209,0.07673893746953216,True,True,True,noisy
221,True,0.9292834890965732,0,350.7839878907759,194.07868637983157,32.42252333664937,True,349.8516727126159,192.8969885414867,343.49941508393545,198.06899556538764,1.505198117384045,8.30587553328923,True,TRACKING,UP + FORWARD,UP + FORWARD,0.07343567213729826,0.0961999621586747,True,True,True,noisy
222,True,0.9105640386413213,0,356.9886965089487,188.86412084353128,32.067438831998324,True,355.9615248852806,187.78573949876457,349.730469984608,192.92736753207612,1.4892910626233589,8.318162413094194,True,TRACKING,UP + FORWARD,RIGHT + UP + FORWARD,0.09290771870190007,0.11558967659046467,False,True,True,noisy
223,True,0.9458567183889073,0,363.1659864732268,183.7298911239226,31.711886113396396,True,362.39723014740844,182.7538635282929,356.06385006600823,187.8406155301845,1.242423501031933,8.205997604860503,True,TRACKING,RIGHT + UP + FORWARD,RIGHT + UP + FORWARD,0.11269953145627572,0.1348937077288337,True,True,True,noisy
224,True,0.9434840425531915,0,369.31127873672466,178.68592749203816,31.356021138017066,True,368.6937949368618,177.87179022415563,362.378822501435,182.85620287717006,1.0218149216214645,8.0901264663813,True,TRACKING,RIGHT + UP + FORWARD,RIGHT + UP + FORWARD,0.13243382031698445,0.15409774605226456,True,True,True,noisy
225,True,0.9246917694101966,0,375.4200179715298,173.74198563250468,31.000000000000004,True,374.73660410084864,173.14668896735427,368.5577133011418,178.00144592226218,0.906329210705788,8.076770849123404,True,TRACKING,RIGHT + UP + FORWARD,RIGHT + UP + FORWARD,0.15174285406606813,0.17318755616103054,True,True,True,noisy
226,True,0.9617834394904459,0,381.48767594543557,168.90762777477326,30.643978861982944,True,380.95917851500786,168.30060031595576,374.7584459080748,173.15102311910897,0.8048551855626682,7.955434679767557,True,TRACKING,RIGHT + UP + FORWARD,RIGHT + UP + FORWARD,0.17112014346273377,0.19214898732948615,True,True,True,noisy
227,True,0.9384941675503712,0,387.5097548785891,164.19220419851953,30.288113886603607,True,387.01318084900174,163.56839180719777,380.8858133785383,168.35970746315337,0.797325320322386,7.825898316284794,True,TRACKING,RIGHT + UP + FORWARD,RIGHT + UP + FORWARD,0.1902681668079321,0.2109679839955909,True,True,True,noisy
228,True,0.9591301087364079,0,393.48179077756595,159.60483514898084,29.932561168001683,True,392.9666534075842,159.05369928400955,386.92623339306124,163.70670337358146,0.754398602602998,7.7330883580573735,True,TRACKING,RIGHT + UP + FORWARD,RIGHT + UP + FORWARD,0.20914447935331637,0.2296305961798936,True,True,True,noisy
229,True,0.9669075694180297,0,399.3993567443995,155.15439319720986,29.577476663350637,True,398.9538034274876,154.6455327507959,392.94001841027443,159.17611806218866,0.6763554628564575,7.609029018494159,True,TRACKING,RIGHT + UP + FORWARD,RIGHT + UP + FORWARD,0.2279375575321076,0.2481229898262484,True,True,True,noisy
230,True,0.9391403575503994,0,405.2580662581131,150.84948607936343,29.223016124449885,True,404.78263903426136,150.27702184076475,398.8613287222679,154.7265699514767,0.7441413505872002,7.479975297679254,True,TRACKING,RIGHT + UP + FORWARD,RIGHT + UP + FORWARD,0.2464416522570872,0.2664314570566034,True,True,True,noisy
231,True,0.9528985507246377,0,411.0535764263207,146.69844004821732,28.869335029406827,True,410.6473336208135,146.0092712376024,404.7543311715407,150.36792059453956,0.7999917915520953,7.290101388849546,True,TRACKING,RIGHT + UP + FORWARD,RIGHT + UP + FORWARD,0.26485728491106464,0.28454242633225224,True,True,True,noisy
232,True,0.9449392712550607,0,416.78159120448845,142.7092837691037,28.516588514439007,True,416.3056044600939,142.10981514084506,410.52996781581726,146.2388678676923,0.7654580439878066,7.179189292865189,True,TRACKING,RIGHT + UP + FORWARD,RIGHT + UP + FORWARD,0.28290614942442893,0.3024424725140264,True,True,True,noisy
233,True,0.9335507541785568,0,422.43786458046895,138.88973279142468,28.164931305826276,True,422.0201837626148,138.4222774514234,416.27507578921603,142.33057265955784,0.6268745971077537,7.058281992363816,True,TRACKING,RIGHT + UP + FORWARD,RIGHT + UP + FORWARD,0.3008596118413001,0.32011832681396546,True,True,True,noisy
234,True,0.9690496948561464,0,428.01820372194663,135.2471746257712,27.81451765204269,True,427.56549694011926,134.72863893407697,421.9202863646676,138.5296057968174,0.6883478000787979,6.92524010333652,True,TRACKING,RIGHT + UP + FORWARD,RIGHT + UP + FORWARD,0.31850089488958633,0.33755688663108324,True,True,True,noisy
235,True,0.9336801040312094,0,433.5184720844637,131.78865445551384,27.46550125609809,True,433.01001669449084,131.18626281898403,427.4651515295792,134.85793430790073,0.788290915432575,6.786985232962836,True,TRACKING,RIGHT + UP + FORWARD,RIGHT + UP + FORWARD,0.335828598529935,0.35474522526394914,True,True,True,noisy
236,True,0.9223046704495853,0,438.9345924777218,128.5208615104955,27.118035208118854,True,438.48358647721705,127.99444716642168,432.9743690033981,131.42619073716122,0.6931943985189096,6.630626047304828,True,TRACKING,RIGHT + UP + FORWARD,RIGHT + UP + FORWARD,0.35304490313561915,0.37167060149288067,True,True,True,noisy
237,True,0.9632248939179632,0,444.2625500878851,125.4501161291885,26.772271918197468,True,443.67673690445963,124.7046627739697,438.3255529539289,128.06542675556545,0.9480916573211782,6.487509895255984,True,TRACKING,RIGHT + UP + FORWARD,RIGHT + UP + FORWARD,0.36976735298102775,0.38832046902464085,True,True,True,noisy
238,True,0.9379699248120301,0,449.4983954536458,122.58235753433411,26.428363049540486,True,449.0320131158857,121.99490896539822,443.67878303490727,125.03016786048184,0.7500722006042988,6.313451044961953,True,TRACKING,RIGHT + UP + FORWARD,RIGHT + UP + FORWARD,0.3864961969840852,0.4046824857926431,True,True,True,noisy
239,True,0.9118340405469119,0,454.6382473938465,119.9231323457096,26.086459451943995,True,454.0900635005813,119.1977461765495,448.8844232677443,122.11395701851566,0.9092253159938517,6.156801508989175,True,TRACKING,RIGHT + UP + FORWARD,RIGHT + UP + FORWARD,0.4027638227117009,0.42074452310577026,True,True,True,noisy
240,True,0.9468354430379747,0,459.6782958844876,117.47758385224073,25.746711095625898,True,459.017094017094,116.82474037312747,453.95075864241915,119.46934869582157,0.9291891721633037,6.06397642239859,True,TRACKING,RIGHT + UP + FORWARD,RIGHT + UP + FORWARD,0.4185961207575598,0.4364946746390238,True,True,True,noisy
241,True,0.920061099796334,0,464.61480488298776,115.2504420642097,25.40926700544408,True,463.99118773946356,114.3735632183908,458.9709731909413,116.92145595710619,1.0760180537249167,5.886010839133819,True,TRACKING,RIGHT + UP + FORWARD,RIGHT + UP + FORWARD,0.43428429122169165,0.45192126525933674,True,True,True,noisy
242,True,0.8893421723610403,0,469.4441150976048,113.24601456479648,25.074275195529147,True,468.67103955476045,112.15961041542437,463.8210063728509,114.54053318626528,1.3333865796223767,5.7701932542795555,True,TRACKING,RIGHT + UP + FORWARD,RIGHT + UP + FORWARD,0.449440644915159,0.46701285968001505,True,True,True,noisy
243,True,0.9453430005577245,0,474.1626466999642,111.46817817865104,24.74188260436047,True,473.27707885854556,110.54924823565511,468.5490426156982,112.5448907109602,1.2761906761489108,5.715930431007671,True,TRACKING,RIGHT + UP + FORWARD,RIGHT + UP + FORWARD,0.46421575817405697,0.4817582709373882,True,True,True,noisy
244,True,0.9086859688195991,0,478.7669019786802,109.92037147360742,24.41223503031425,True,477.9597408115572,108.81123858083704,473.2543917136277,110.67806464589862,1.3717452108670056,5.564338987305336,True,TRACKING,RIGHT + UP + FORWARD,RIGHT + UP + FORWARD,0.4789199741050865,0.49614656868337564,True,True,True,noisy
245,True,0.886781929726715,0,483.253467932111,108.60558811004432,24.085477067711405,True,482.28687001202576,107.50224117196895,477.7706308628267,109.09015290893379,1.4668626400837295,5.50420796960297,True,TRACKING,RIGHT + UP + FORWARD,RIGHT + UP + FORWARD,0.49303322144633344,0.5101670872878469,True,True,True,noisy
246,True,0.8952662721893491,0,487.6190187983166,107.52637105075522,23.76175204339378,True,486.62853297442797,106.50269179004037,482.19958191862736,107.79642234948707,1.424423180147661,5.426161055191998,True,TRACKING,RIGHT + UP + FORWARD,RIGHT + UP + FORWARD,0.5068736934957105,0.5238094337447393,True,True,True,noisy
247,True,0.8921686746987951,0,491.86031852035086,106.68480764252556,23.44120195385624,True,490.87244241786505,105.5089442300947,486.5360121682462,106.65268328979089,1.5357584310548653,5.324403262817404,True,TRACKING,RIGHT + UP + FORWARD,RIGHT + UP + FORWARD,0.5204250380257693,0.5370634953760964,True,True,True,noisy
248,True,0.8735632183908046,0,495.9742231450574,106.08252557893208,23.12396740296235,True,494.99915642323447,104.80380814654133,490.76758429574033,105.72824571816611,1.6080651056180926,5.218678216460771,True,TRACKING,RIGHT + UP + FORWARD,RIGHT + UP + FORWARD,0.5336487009241886,0.5499194473283044,True,True,True,noisy
249,True,0.8939492517891997,0,499.957683153591,105.72068975217002,22.810187540270846,True,498.98049512378094,104.37059264816205,494.8740397097606,105.04941918316408,1.6666309237065025,5.127770942701452,True,TRACKING,RIGHT + UP + FORWARD,RIGHT + UP + FORWARD,0.5464813740930019,0.5623677598549719,True,True,True,noisy
250,True,0.8847413228552717,0,503.80774572193855,105.6,22.5,True,502.84960286958744,104.41993338457596,498.861821289674,104.73467628387002,1.5200641244203654,5.021051047675984,True,TRACKING,RIGHT + UP + FORWARD,RIGHT + UP + FORWARD,0.5589431915302313,0.5743992053810579,True,True,True,noisy
251,True,0.8686802363755746,0,507.5215569097612,105.72068975217002,22.19354084065679,True,506.5141020595566,104.5478158205431,502.6879616746153,104.64124605220655,1.546156051209198,4.952660052801555,True,TRACKING,RIGHT + UP + FORWARD,RIGHT + UP + FORWARD,0.5708998802331727,0.5860048653430038,True,True,True,noisy
252,True,0.9154624277456648,0,511.09636377593904,106.08252557893206,21.890944485357068,True,510.0630888979926,104.81619554827256,506.37552528630397,104.72872080023956,1.6343955212693555,4.911120383785211,True,TRACKING,RIGHT + UP + FORWARD,RIGHT + UP + FORWARD,0.5824235165196999,0.5971761367998095,True,True,True,noisy
253,True,0.860813704496788,0,514.529516419247,106.68480764252556,21.592343662863154,True,513.289559427681,105.21277801388298,509.83254235699246,104.97074940706128,1.9246725873600108,4.999956097412726,True,TRACKING,RIGHT + UP + FORWARD,RIGHT + UP + FORWARD,0.5932266948656014,0.6079047388101468,True,True,True,noisy
254,True,0.8872017353579176,0,517.8184699426491,107.52637105075513,21.29786934936466,True,517.0377118644068,106.4885593220339,513.4351271106996,105.72965436454759,1.2987056483330008,4.737286695240244,True,TRACKING,RIGHT + UP + FORWARD,RIGHT + UP + FORWARD,0.6044847722209361,0.6181827185707786,True,True,True,noisy
255,True,0.875455207574654,0,520.9607863397587,108.60558811004432,21.00765071102796,True,520.1270533507777,107.65372873964239,516.7810902307386,106.691691552095,1.2653643577788507,4.597049009776539,True,TRACKING,RIGHT + UP + FORWARD,RIGHT + UP + FORWARD,0.6149409069710583,0.6280024573117459,True,True,True,noisy
256,True,0.9148936170212766,0,523.9541363020611,109.92037147360745,20.721815047339625,True,523.1682326621924,108.93855331841908,519.9746614464655,107.81512243525704,1.2576213345106564,4.502032167787482,True,TRACKING,RIGHT + UP + FORWARD,RIGHT + UP + FORWARD,0.6249208170202045,0.637356675943941,True,True,True,noisy
257,True,0.9116945107398569,0,526.7963009455633,111.46817817865107,20.440487735268725,True,526.1576535288726,110.61533761075465,523.066157487669,109.21523002300584,1.0654611945517127,4.357722525413589,True,TRACKING,RIGHT + UP + FORWARD,RIGHT + UP + FORWARD,0.6345817421489656,0.6462384404548853,True,True,True,noisy
258,True,0.8878281622911695,0,529.4851734555889,113.24601456479645,20.16379217427228,True,528.9960765850595,112.42655367231639,526.0311170363643,110.82089184766112,0.954322745755246,4.220394050364533,True,TRACKING,RIGHT + UP + FORWARD,RIGHT + UP + FORWARD,0.6438472407386385,0.6546411670487153,True,True,True,noisy
259,True,0.95,0,532.0187606484984,115.25044206420965,19.891849732168208,True,531.4827089337176,114.45773294908741,528.756912985041,112.63931239837427,0.9569426221656712,4.178235071343879,True,TRACKING,RIGHT + UP + FORWARD,RIGHT + UP + FORWARD,0.6523653530782532,0.6625586270265575,True,True,True,noisy
260,True,0.9397697077059345,0,534.3951844491796,117.47758385224078,19.624779691899406,True,533.8040674603175,116.77380952380952,531.2804902226792,114.7065609610919,0.9190851972914911,4.168919282963664,True,TRACKING,RIGHT + UP + FORWARD,RIGHT + UP + FORWARD,0.6602515319458725,0.6699849514036863,True,True,True,noisy
261,True,0.9143109540636042,0,536.6126832832098,119.92313234570955,19.362699199212294,True,536.1886409736309,119.30425963488844,533.7345655981551,117.00541029799017,0.750210178891277,4.098373257375704,True,TRACKING,RIGHT + UP + FORWARD,RIGHT + UP + FORWARD,0.6679205174942346,0.6769146352600306,True,True,True,noisy
262,True,0.8937112488928255,0,538.6696133826601,122.58235753433405,19.105723211272792,True,538.2648902821317,122.10902124695228,535.9997279401434,119.55721577247122,0.6227744608232968,4.034819816984298,True,TRACKING,RIGHT + UP + FORWARD,RIGHT + UP + FORWARD,0.6749991498129482,0.683342541820813,True,True,True,noisy
263,True,0.935672514619883,0,540.564450004574,125.45011612918844,18.853964446242344,True,540.1385141212448,124.94837200935419,538.0691210306941,122.2527938909127,0.6581554060369641,4.055802779137252,True,TRACKING,RIGHT + UP + FORWARD,RIGHT + UP + FORWARD,0.681466003220919,0.6892639062642939,True,True,True,noisy
264,True,0.9295499021526419,0,542.2957885612143,128.52086151049545,18.60753333383601,True,541.9163470319635,128.08474885844748,539.9927340313288,125.16877137468009,0.5780744929474974,4.067009767170047,True,TRACKING,RIGHT + UP + FORWARD,RIGHT + UP + FORWARD,0.6874772938479026,0.6946743392537946,True,True,True,noisy
265,True,0.9178217821782179,0,543.8623456612445,131.78865445551378,18.36653796688431,True,543.4777904328018,131.32706909643127,541.7352622320653,128.24792023555568,0.6007859580931502,4.1305305629024,True,TRACKING,RIGHT + UP + FORWARD,RIGHT + UP + FORWARD,0.6929226944752042,0.6995698301913891,True,True,True,noisy
266,True,0.8919722497522299,0,545.2629600610686,135.2471746257713,18.131084053920144,True,544.9658823529412,134.81450980392157,543.3505722925033,131.53121501973862,0.52483712971977,4.179184462430986,True,TRACKING,RIGHT + UP + FORWARD,RIGHT + UP + FORWARD,0.6979705384140729,0.7039467501908394,True,True,True,noisy
267,True,0.9431693989071038,0,546.4965935256287,138.88973279142442,17.901274872811584,True,546.2685185185185,138.54066022544282,544.8095454055109,135.03593762259072,0.41697705595067597,4.206883473893571,True,TRACKING,RIGHT + UP + FORWARD,RIGHT + UP + FORWARD,0.7025298293922215,0.7078018547675896,True,True,True,noisy
268,True,0.9087947882736156,0,547.562331598018,142.70928376910362,17.677211225460727,True,547.1885043263288,142.27441285537702,545.9990248659199,138.65517523898387,0.5734627631014602,4.34508042648384,True,TRACKING,RIGHT + UP + FORWARD,RIGHT + UP + FORWARD,0.7062469527059996,0.7111322862438062,True,True,True,noisy
269,True,0.9194260485651214,0,548.4593842773411,146.69844004821724,17.45899139358867,True,548.2158971115327,146.39806029938856,547.1074609887263,142.5266177691862,0.38667039377195556,4.385407359199223,True,TRACKING,RIGHT + UP + FORWARD,RIGHT + UP + FORWARD,0.7097108155897697,0.7139355758666909,True,True,True,noisy
270,True,0.904550499445061,0,549.18708660432,150.84948607936352,17.246711095625894,True,548.8326822916666,150.50824652777777,547.9700716401965,146.517432148482,0.49198256919708955,4.499757402679258,True,TRACKING,RIGHT + UP + FORWARD,RIGHT + UP + FORWARD,0.712406473875614,0.7162096456385001,True,True,True,noisy
271,True,0.8867924528301887,0,549.7448991542078,155.1543931972096,17.040463444727038,True,549.4327796234772,154.69944629014395,548.7014256318369,150.60843921931297,0.5517203002537333,4.66417565718139,True,TRACKING,RIGHT + UP + FORWARD,RIGHT + UP + FORWARD,0.7146919550994901,0.7179528098568995,True,True,True,noisy
272,True,0.9205378973105135,0,550.1324084366499,159.60483514898075,16.84033890792831,True,549.7897506291466,159.07984442919238,549.2455881304918,154.8441418242527,0.626920751695856,4.842587241085575,True,TRACKING,RIGHT + UP + FORWARD,RIGHT + UP + FORWARD,0.7163924629077869,0.7191637763645311,True,True,True,noisy
273,True,0.958594730238394,0,550.3493272021916,164.19220419851962,16.64642526646574,True,549.9844691701437,163.68752897542882,549.6150286503178,159.26583539984074,0.6227507240875828,4.980793501429347,True,TRACKING,RIGHT + UP + FORWARD,RIGHT + UP + FORWARD,0.717546964532243,0.7198416475068488,True,True,True,noisy
274,True,0.9348370927318296,0,550.3954946552084,168.90762777477318,16.458807577271386,True,549.9867141162514,168.46809015421115,549.8008713832846,163.86696277702595,0.6002456571432149,5.075616263571092,True,TRACKING,RIGHT + UP + FORWARD,RIGHT + UP + FORWARD,0.7181277230727645,0.7199859207975262,True,True,True,noisy
275,True,0.903387703889586,0,550.270876573099,173.7419856325044,16.27756813566455,True,550.004191321499,173.33999013806707,549.9025313523919,168.6034764575465,0.48241206552997407,5.151694356495188,True,TRACKING,RIGHT + UP + FORWARD,RIGHT + UP + FORWARD,0.7184454104762246,0.7195964892909344,True,True,True,noisy
276,True,0.8883312421580929,0,549.9755653316533,178.68592749203808,16.10278643925432,True,549.5907268170425,178.25112781954888,549.7466290847171,173.4273021385477,0.5806474296202123,5.2636064075435,True,TRACKING,RIGHT + UP + FORWARD,RIGHT + UP + FORWARD,0.7179582158897411,0.7186736416614167,True,True,True,noisy
277,True,0.8953804347826086,0,549.5097798365774,183.72989112392253,15.934539153069354,True,549.05698005698,183.2237762237762,549.4018045708485,178.32553918116196,0.6791022990342231,5.405430471223284,True,TRACKING,RIGHT + UP + FORWARD,RIGHT + UP + FORWARD,0.7168806392839017,0.7172180619893045,True,True,True,noisy
278,True,0.9153952843273232,0,548.8738653612246,188.86412084353117,15.77290007592998,True,548.4063492063492,188.33227513227513,548.9040768885989,183.32890715671854,0.7081180803022328,5.535296134360302,True,TRACKING,RIGHT + UP + FORWARD,RIGHT + UP + FORWARD,0.7153252402768715,0.7152308292538269,True,True,True,noisy
279,True,0.9139633286318759,0,548.0682932906543,194.07868637983168,15.617940108077665,True,547.4884678747941,193.37314662273477,548.1962723816964,188.35102688972665,0.9132271687383482,5.7290890970846435,True,TRACKING,RIGHT + UP + FORWARD,RIGHT + UP + FORWARD,0.7131133511928013,0.7127134165332947,True,True,True,noisy
280,True,0.8942172073342737,0,547.0936607722083,199.36350208182603,15.469727220075786,True,546.5161471496771,198.5697837686043,547.3562097656868,193.4604053291655,0.9815858316788552,5.9089324962507295,True,TRACKING,RIGHT + UP + FORWARD,RIGHT + UP + FORWARD,0.7104881555177712,0.7096676899131509,True,True,True,noisy
281,True,0.870604781997187,0,545.9506902728621,204.7083464255188,15.328326422995493,True,545.3803786574871,203.99569707401034,546.368294211587,198.7280512015879,0.9127565046807742,5.994858131349684,True,TRACKING,RIGHT + UP + FORWARD,RIGHT + UP + FORWARD,0.7074009194112094,0.706095907102694,True,True,True,noisy
282,True,0.870604781997187,0,544.6402290436813,210.10288178367838,15.193799739899731,True,544.1340798162503,209.42262417456215,545.2511870139186,204.07533768807502,0.8479017957225735,6.058428630085483,True,TRACKING,RIGHT + UP + FORWARD,RIGHT + UP + FORWARD,0.7039099594184958,0.702000715761504,True,True,True,noisy
283,True,0.8450704225352113,0,543.1632484917789,215.53667442016024,15.066206178637845,True,542.4902135231317,214.69039145907473,543.8707002685252,209.38286457357486,1.0812820720078071,6.194341259920432,True,TRACKING,RIGHT + UP + FORWARD,RIGHT + UP + FORWARD,0.6995959383391412,0.6973851515368089,True,True,True,noisy
284,True,0.8875,0,541.520843460239,220.99921467011384,14.945601705962826,True,540.9421462829736,220.25,542.4064232757494,214.81643228678743,0.9466852934786636,6.245882612506482,True,TRACKING,RIGHT + UP + FORWARD,RIGHT + FORWARD,0.6950200727367168,0.6922526358132469,True,False,True,noisy
285,True,0.8964968152866242,0,539.7142314165411,226.47993726704954,14.83203922298239,True,538.9610750695088,225.64720420142106,540.6837491726291,220.23181824410426,1.1228040085723439,6.322891427524312,True,TRACKING,RIGHT + FORWARD,RIGHT + FORWARD,0.6896367161644659,0.686606973176691,True,True,True,noisy
286,True,0.8929712460063898,0,537.7447515500869,231.96824177744247,14.725568541954855,True,537.1643192488262,231.11424100156495,538.9240342107277,225.6730296228346,1.032578801615719,6.404717297836849,True,TRACKING,RIGHT + FORWARD,RIGHT + FORWARD,0.6841376069085239,0.6804523485940216,True,True,True,noisy
287,True,0.8848,0,535.613863779498,237.45351310335658,14.626236364439812,True,534.8436213991769,236.6457739791073,536.8838278049523,231.15940180097095,1.116116399523737,6.420953645118956,True,TRACKING,RIGHT + FORWARD,RIGHT + FORWARD,0.6777619618904758,0.6737933243109314,True,True,True,noisy
288,True,0.8878048780487805,0,533.3231476704196,242.9251420134314,14.534086260813273,True,532.5938622265752,241.96735226901728,534.7388450157637,236.56337703499412,1.203834894455329,6.517380809380819,True,TRACKING,RIGHT + FORWARD,RIGHT + FORWARD,0.6710588906742615,0.6666348364700614,True,True,True,noisy
289,True,0.8955954323001631,0,530.8743012646345,248.372545662521,14.449158651156274,True,530.2230919765167,247.66046966731898,532.4809684961401,242.11192335115655,0.9649485788754897,6.463495286479929,True,TRACKING,RIGHT + FORWARD,RIGHT + FORWARD,0.6640030265504379,0.6589821914519828,True,True,True,noisy
290,True,0.8727569331158238,0,528.2691398213537,253.78518806029842,14.371490787525305,True,527.7275769745648,252.96251673360106,530.1042727353524,247.5372200423788,0.9849255955614615,6.511898123050427,True,TRACKING,RIGHT + FORWARD,RIGHT + FORWARD,0.6565758522979763,0.6508410619417304,True,True,True,noisy
291,True,0.8784440842787682,0,525.5095944716172,259.15260044923843,14.301116737612292,True,524.9803536345776,258.4607072691552,527.542313184965,252.998963655767,0.8710981782991692,6.480678294249734,True,TRACKING,RIGHT + FORWARD,RIGHT + FORWARD,0.6485697287030157,0.6422174827238039,True,True,True,noisy
292,True,0.8847402597402597,0,522.597710786802,264.46440155256215,14.238067369801415,True,522.1191642180868,263.82892588965063,524.8307387015259,258.4139447727088,0.795509985218284,6.449375234300533,True,TRACKING,RIGHT + FORWARD,RIGHT + DOWN + FORWARD,0.6400960584422684,0.6331178462087564,True,False,True,noisy
293,True,0.8719611021069692,0,519.5356472622992,269.7103176529819,14.182370339629198,True,519.1438943894389,269.2765676567657,521.9873165454824,263.8452562147372,0.5844735858975548,6.356856766397122,True,TRACKING,RIGHT + FORWARD,RIGHT + DOWN + FORWARD,0.6312103642046324,0.623548897694685,True,False,True,noisy
294,True,0.8743882544861338,0,516.3256737174835,274.88020246341364,14.134050077653878,True,515.8622534269475,274.3553995319291,518.924784986215,269.1003278733332,0.7001260476337161,6.33737561332012,True,TRACKING,RIGHT + DOWN + FORWARD,RIGHT + DOWN + FORWARD,0.6216399530819217,0.6135177303671359,True,True,True,noisy
295,True,0.8727569331158238,0,512.9701696131616,279.96405675122054,14.093127778739355,True,512.4979919678715,279.39859437751005,515.7113884770432,274.2494611254216,0.7366813590651113,6.338050490971249,True,TRACKING,RIGHT + DOWN + FORWARD,RIGHT + DOWN + FORWARD,0.6115980889907601,0.60303178004113,True,True,True,noisy
296,True,0.867862969004894,0,509.4716222877468,284.9520476780364,14.059621392758428,True,509.0165149983148,284.4765756656555,512.363951737679,279.3630183955386,0.6581764804759608,6.293076987258587,True,TRACKING,RIGHT + DOWN + FORWARD,RIGHT + DOWN + FORWARD,0.601137349180247,0.5920988196492087,True,True,True,noisy
297,True,0.8629690048939641,0,505.8326251134664,289.83452781775867,14.033545616719383,True,505.5006788866259,289.30346232179227,508.93231531215247,284.3332403586654,0.6262737887854526,6.314447167837188,True,TRACKING,RIGHT + DOWN + FORWARD,RIGHT + DOWN + FORWARD,0.5904134853504764,0.5807269534795825,True,True,True,noisy
298,True,0.8552845528455284,0,502.0558755739697,294.6020538159319,14.014911888319407,True,501.6849966055668,294.2260692464358,505.3086559588596,289.2796548025506,0.5281246119077646,6.237668754427973,True,TRACKING,RIGHT + DOWN + FORWARD,RIGHT + DOWN + FORWARD,0.5790895498714363,0.5689246111686552,True,True,True,noisy
299,True,0.866231647634584,0,498.14417326476143,299.2454046544281,14.003728380927626,True,497.77136102668015,298.7473826409996,501.54000849276986,294.0135187217751,0.6221052087248273,6.237333349122497,True,TRACKING,RIGHT + DOWN + FORWARD,RIGHT + DOWN + FORWARD,0.5673125265399058,0.5567005414523795,True,True,True,noisy
0,True,0.49074074074074076,6,409.7219860679131,230.39999999999998,14.0,True,409.37187288708583,229.91108857336036,409.37187288708583,229.91108857336036,0.6013431819583482,0.6013431819583482,True,TRACKING,RIGHT + FORWARD,RIGHT + FORWARD,0.2792871027721432,0.2803812064622285,True,True,True,distractors
1,True,0.4844606946983547,6,415.4659554431149,235.88722116606954,14.003728380927626,True,415.19033130493574,235.41751183231912,412.2811020960108,232.66430020283974,0.5446058425680691,4.531060623936355,True,TRACKING,RIGHT + FORWARD,RIGHT + FORWARD,0.2883784440500337,0.2983311107597341,True,True,True,distractors
2,True,0.48111510791366907,6,421.13915865897377,241.36382932953273,14.014911888319407,True,420.71882313607483,240.8040789033768,416.4999626160428,236.73418955310825,0.700001779563798,6.554060144993943,True,TRACKING,RIGHT + FORWARD,RIGHT + FORWARD,0.3015623831751338,0.31605987080929304,True,True,True,distractors
3,True,0.48498635122838946,6,426.737390333572,246.81923201471687,14.033545616719383,True,426.3868146653212,246.4120417087117,421.443388640682,241.57311563090997,0.5373148466905519,7.453065881687211,True,TRACKING,RIGHT + FORWARD,RIGHT + FORWARD,0.3170105895021312,0.3335543447924126,True,True,True,distractors
4,True,0.4841341795104261,6,432.2565006592334,252.24287776011445,14.059621392758427,True,431.8214165827458,251.75293722725746,426.6324026117139,246.66302642908371,0.65524032182797,7.922450361126766,True,TRACKING,RIGHT + FORWARD,RIGHT + FORWARD,0.333226258161606,0.3508015645601043,True,True,True,distractors
5,True,0.49225159525979945,6,437.69239847865555,257.6242765262885,14.093127778739355,True,437.3498677248677,257.2407407407407,431.99113516829084,251.9518835849122,0.5142246747154773,8.042415371981631,True,TRACKING,RIGHT + FORWARD,RIGHT + FORWARD,0.34997229740090885,0.3677887452457986,True,True,True,distractors
6,True,0.49364791288566245,6,443.04105431756693,262.9530199849791,14.134050077653876,True,442.6252056597565,262.4593616321158,437.30817041402366,257.205622608514,0.6454677959080884,8.117791230039348,True,TRACKING,RIGHT + FORWARD,RIGHT + FORWARD,0.36658803254382394,0.38450329474239664,True,True,True,distractors
7,True,0.49591280653950953,6,448.29850337166016,268.2188016501702,14.182370339629198,True,447.9128154703376,267.7967879383808,442.6104929421806,262.5012052734474,0.5717086059915858,8.065009049776803,True,TRACKING,RIGHT + FORWARD,RIGHT + DOWN + FORWARD,0.38315779044431436,0.400932823036438,True,False,True,distractors
8,True,0.5040871934604905,6,453.4608484455864,273.4114368121798,14.238067369801415,True,453.08317214700196,272.95132172791745,447.8468325445913,267.7262635006824,0.5952690797262836,7.989891746349752,True,TRACKING,RIGHT + DOWN + FORWARD,RIGHT + DOWN + FORWARD,0.39952135170184777,0.41706515139245753,True,True,True,distractors
9,True,0.49012567324955114,6,458.52426284183474,278.5208822362191,14.301116737612292,True,458.09923664122135,277.99681933842237,452.9730345929063,272.8615414195524,0.6747512075239045,7.9274380193661,True,TRACKING,RIGHT + DOWN + FORWARD,RIGHT + DOWN + FORWARD,0.4155407331028321,0.4328883213807336,True,True,True,distractors
10,True,0.5045126353790613,6,463.4849931973521,283.53725558732106,14.371490787525303,True,463.1024667931689,283.05882352941177,458.0377506930376,277.96018247448205,0.6125550456347828,7.795908889075224,True,TRACKING,RIGHT + DOWN + FORWARD,RIGHT + DOWN + FORWARD,0.43136797091574247,0.44839060374172524,True,True,True,distractors
11,True,0.5226860254083484,6,468.3393622658033,288.4508545440668,14.449158651156274,True,467.92775193798445,287.9547286821705,462.982751315511,282.9574555783263,0.6446424844899858,7.672725270045182,True,TRACKING,RIGHT + DOWN + FORWARD,RIGHT + DOWN + FORWARD,0.44682109786097185,0.4635605070806353,True,True,True,distractors
12,True,0.5286624203821656,6,473.08377164340726,293.25217556414293,14.534086260813272,True,472.7967404674046,292.82257072570724,467.8897458914578,287.89001315201676,0.516669346105242,7.465299005795622,True,TRACKING,RIGHT + DOWN + FORWARD,RIGHT + DOWN + FORWARD,0.46215545591080553,0.4783867863856477,True,True,True,distractors
13,True,0.52068345323741,6,477.7147044363307,297.93193226543406,14.62623636443981,True,477.32374962563637,297.3974243785564,472.60674775854704,292.6437187652866,0.6622268079286953,7.352307355195112,True,TRACKING,RIGHT + DOWN + FORWARD,RIGHT + DOWN + FORWARD,0.4768960867454595,0.4928584513635334,True,True,True,distractors
14,True,0.5363636363636364,6,482.2287278676595,302.481073387099,14.725568541954857,True,481.9312745988495,301.96851347260065,477.2690111786983,297.30611611894363,0.5926180161590662,7.167912692129705,True,TRACKING,RIGHT + DOWN + FORWARD,RIGHT + DOWN + FORWARD,0.49146565993343216,0.5069647745864359,True,True,True,distractors
15,True,0.52,6,486.62249582201724,306.8908002958915,14.83203922298239,True,486.29932571093514,306.41278217531516,481.7841684448167,301.8594491471294,0.5770097436752298,6.980251155303642,True,TRACKING,RIGHT + DOWN + FORWARD,RIGHT + DOWN + FORWARD,0.5055755263900522,0.5206952994438039,True,True,True,distractors
16,True,0.5325602140945584,6,490.89275132594446,311.15258400386665,14.945601705962822,True,490.4351452401495,310.6243888409548,486.1096568424831,306.24191899404207,0.698851529210655,6.8551166056044535,True,TRACKING,RIGHT + DOWN + FORWARD,RIGHT + DOWN + FORWARD,0.5190926776327597,0.5340398478935764,True,True,True,distractors
17,True,0.5200333889816361,6,495.0363289621986,315.25818166455787,15.066206178637843,True,494.596852646638,314.77224606580825,490.35325474456056,310.5070825299251,0.6551891620523377,6.67114136523983,True,TRACKING,RIGHT + DOWN + FORWARD,RIGHT + DOWN + FORWARD,0.5323539210767517,0.5469885280068706,True,True,True,distractors
18,True,0.5300500834724541,6,499.05015721618696,319.19965251571875,15.193799739899726,True,498.6144781144781,318.7239057239057,494.48386642951937,314.61549412691545,0.6450978914755663,6.470356998036588,True,TRACKING,RIGHT + DOWN + FORWARD,RIGHT + DOWN + FORWARD,0.5452620825922481,0.5595317413005843,True,True,True,distractors
19,True,0.5392320534223706,6,502.93126075279145,322.9693732377946,15.328326422995492,True,502.4909090909091,322.40495867768595,498.48738776021423,318.5102264023007,0.7158724619547894,6.295394957796741,True,TRACKING,RIGHT + DOWN + FORWARD,RIGHT + DOWN + FORWARD,0.5577730867506695,0.5716601898524732,True,True,True,distractors
20,True,0.5328947368421053,6,506.6767626218993,326.5600526984185,15.469727220075786,True,506.1733226837061,326.0838658146965,502.3303552219602,322.2970461084986,0.6929687724543095,6.08806064949633,True,TRACKING,RIGHT + DOWN + FORWARD,RIGHT + DOWN + FORWARD,0.5697823600686256,0.5833648831934353,True,True,True,distractors
21,True,0.5629691409507923,6,510.28388639100257,329.96474605441364,15.617940108077669,True,509.8590849673202,329.4073202614379,506.0947200946402,325.8521831849682,0.7008421821188975,5.870458892941805,True,TRACKING,RIGHT + DOWN + FORWARD,RIGHT + DOWN + FORWARD,0.5815460002957507,0.594637144971883,True,True,True,distractors
22,True,0.5582163501238646,6,513.7499582032876,333.17686818402774,15.77290007592998,True,513.3328205128205,332.6446153846154,509.71377030373037,329.24839928479184,0.6762373069348717,5.632377886185918,True,TRACKING,RIGHT + DOWN + FORWARD,RIGHT + DOWN + FORWARD,0.5928555321991574,0.6054686193852739,True,True,True,distractors
23,True,0.5691927512355849,6,517.0724087596885,336.1902064234184,15.93453915306935,True,516.5842105263158,335.6330827067669,513.148990415023,332.4407409957794,0.7407593068762455,5.426942279066342,True,TRACKING,RIGHT + DOWN + FORWARD,RIGHT + DOWN + FORWARD,0.603590595046947,0.6158512773740267,True,True,True,distractors
24,True,0.5653876272513704,6,520.248775223434,338.99893258275677,16.10278643925432,True,519.8127147766322,338.4580265095729,516.4808525958276,335.4493837526761,0.6947863652031103,5.176537242670529,True,TRACKING,RIGHT + DOWN + FORWARD,RIGHT + DOWN + FORWARD,0.6140026643619614,0.6257774225732312,True,True,True,distractors
25,True,0.5728682170542636,6,523.2767030456769,341.5976142187083,16.27756813566454,True,522.8308315463426,341.1241362878246,519.6558420710851,338.28676002025037,0.6503712362585933,4.906362167713298,True,TRACKING,RIGHT + DOWN + FORWARD,RIGHT + DOWN + FORWARD,0.6239245064721409,0.6352396970177402,True,True,True,distractors
26,True,0.5852140077821012,6,526.153947710854,343.9812251414874,16.458807577271386,True,525.7320630439896,343.41872500588096,522.6939525575374,340.85274251306566,0.7031309086454779,4.664651114211148,True,TRACKING,RIGHT + DOWN + FORWARD,RIGHT + DOWN + FORWARD,0.6334186017423044,0.6442310865964188,True,True,True,distractors
27,True,0.5887778631821675,6,528.8783764004808,346.1451551361657,16.646425266465744,True,528.3817605793165,345.60918759900426,525.537856568427,343.23096505603496,0.7306767238126431,4.433009877214059,True,TRACKING,RIGHT + DOWN + FORWARD,RIGHT + DOWN + FORWARD,0.6423058017763342,0.6527449262515024,True,True,True,distractors
28,True,0.598310291858679,6,531.4479695741472,348.0852188794295,16.84033890792831,True,531.0244444444444,347.498,528.2811505064357,345.36448252801745,0.7240162621434956,4.175062790128602,True,TRACKING,RIGHT + DOWN + FORWARD,RIGHT + DOWN + FORWARD,0.6508785953326115,0.6607749049192101,True,True,True,distractors
29,True,0.5845932325413967,6,533.860822466546,349.79766403454204,17.04046344472703,True,533.4290063057186,349.30028267014563,530.8550784060772,347.33238259908154,0.6586755031124886,3.8874297309494623,True,TRACKING,RIGHT + DOWN + FORWARD,RIGHT + DOWN + FORWARD,0.6589221200189911,0.6683150702079562,True,True,True,distractors
30,True,0.6021660649819495,6,536.1151464994192,351.27917850885314,17.246711095625894,True,535.6080423280423,350.7443386243386,533.2315603670597,349.03836061171006,0.7370266906261964,3.6518945536382383,True,TRACKING,RIGHT + DOWN + FORWARD,RIGHT + DOWN + FORWARD,0.6663486261470617,0.675359832810685,True,True,True,distractors
31,True,0.6001420454545454,6,538.2092706073807,352.5268968598189,17.458991393588665,True,537.8068344587681,352.0057294863924,535.5191974129139,350.52204504905126,0.658460541592648,3.3549850334580738,True,TRACKING,RIGHT + DOWN + FORWARD,RIGHT + DOWN + FORWARD,0.6734974919153558,0.6819039706480648,True,True,True,distractors
32,True,0.6048158640226629,6,540.1416424766278,353.53840583714197,17.677211225460724,True,539.6813607085346,352.97544283413845,537.6002790607242,351.74874394159485,0.7271771784027082,3.1082821159068397,True,TRACKING,RIGHT + DOWN + FORWARD,RIGHT + DOWN + FORWARD,0.6800008720647632,0.6879426327394619,True,True,True,distractors
33,True,0.6237623762376238,6,541.9108296956272,354.31174905031276,17.901274872811584,True,541.430151338766,353.78831975164917,539.5152151997452,352.768531846622,0.7106545668988656,2.849647022114678,True,TRACKING,RIGHT + DOWN + FORWARD,RIGHT + DOWN + FORWARD,0.6859850474992036,0.6934713427988349,True,True,True,distractors
34,True,0.6115537848605578,6,543.5155208169205,354.84543075252463,18.13108405392014,True,543.07363240583,354.3136475487412,541.2944238027876,353.5410896976816,0.691417922592553,2.5757673679000668,True,TRACKING,RIGHT + DOWN + FORWARD,RIGHT + DOWN + FORWARD,0.6915450743837113,0.6984860025528764,True,True,True,distractors
35,True,0.6261682242990654,6,544.9545263292617,355.1384187336433,18.366537966884298,True,544.4521934758155,354.4814398200225,542.8733086393015,354.01126475885206,0.8270184935016518,2.366842444247401,True,TRACKING,RIGHT + DOWN + FORWARD,RIGHT + DOWN + FORWARD,0.6964790894978172,0.7029828947789429,True,True,True,distractors
36,True,0.6484322881921281,6,546.2267795393684,355.19014631663623,18.607533333836002,True,545.769342010123,354.6641359363702,544.3213253247122,354.33770034761113,0.6970911083278842,2.087443387078585,True,TRACKING,RIGHT + DOWN + FORWARD,RIGHT + DOWN + FORWARD,0.7010041416397257,0.7069586860605263,True,True,True,distractors
37,True,0.6510554089709762,6,547.3313373626303,355.0005134536001,18.853964446242344,True,546.8654081454291,354.4780632756511,545.5933667350707,354.4078818116311,0.7000315877734581,1.8362336902808905,True,TRACKING,RIGHT + DOWN + FORWARD,RIGHT + DOWN + FORWARD,0.704979271047096,0.7104104292582196,True,True,True,distractors
38,True,0.6376543209876543,6,548.2673810221906,354.5698869192663,19.10572321127279,True,547.7069988137603,354.0160989662769,546.6501827744155,354.211990388954,0.7878510750145068,1.6563272922392482,True,TRACKING,RIGHT + DOWN + FORWARD,RIGHT + DOWN + FORWARD,0.7082818211700485,0.7133355656943458,True,True,True,distractors
39,True,0.6510191476219889,6,549.0342166558819,353.8990996016108,19.362699199212294,True,548.5283864541833,353.273572377158,547.5892846142995,353.742781383056,0.8044554067703621,1.4533629932827274,True,TRACKING,RIGHT + DOWN + FORWARD,RIGHT + DOWN + FORWARD,0.7112165144196858,0.715731927049631,True,True,True,distractors
40,True,0.6475958612294583,6,549.6312758305658,352.98944889094037,19.62477969189941,True,549.023476443158,352.35471940826494,548.3063805287287,353.0487503956605,0.8788069250470796,1.3262217873688948,True,TRACKING,RIGHT + DOWN + FORWARD,RIGHT + DOWN + FORWARD,0.7134574391522772,0.717597736970518,True,True,True,distractors
41,True,0.6634323832625834,6,550.0581159634966,351.8426941705694,19.891849732168208,True,549.5643533612792,351.2279149200434,548.935366945004,352.13833265785195,0.7885144476962512,1.1610200143359444,True,TRACKING,RIGHT + DOWN + FORWARD,RIGHT + DOWN + FORWARD,0.7154230217031377,0.7189316123859267,True,True,True,distractors
42,True,0.6597938144329897,6,550.3144206503947,350.46105341394355,20.163792174272277,True,549.6932422171601,349.8247532270311,549.3143045810821,350.98154294244154,0.8892359494423179,1.1274491125427453,True,TRACKING,RIGHT + DOWN + FORWARD,RIGHT + DOWN + FORWARD,0.7166072018158814,0.7197325645324835,True,True,True,distractors
43,True,0.6784694460308395,6,550.399999899988,348.8471988947888,20.440487735268725,True,549.8747616952631,348.23170552866986,549.5945331381727,349.6066242355557,0.8091398244054935,1.1070246395578553,True,TRACKING,RIGHT + DOWN + FORWARD,RIGHT + DOWN + FORWARD,0.7174829160567896,0.7199999996874624,True,True,True,distractors
44,True,0.6958261863922242,6,550.3147902748469,347.00425201858525,20.721815047339625,True,549.8760683760684,346.4025641025641,549.7353007571205,348.00459416905994,0.7446510946434877,1.156067696621235,True,TRACKING,RIGHT + DOWN + FORWARD,RIGHT + DOWN + FORWARD,0.7179228148660016,0.7197337196088966,True,True,True,distractors
45,True,0.6775926921010209,6,550.0588549384092,344.93577728536087,21.007650711027956,True,549.4788205980067,344.3521594684385,549.6070606775636,346.17837681874926,0.8228302329614853,1.3221844253015906,True,TRACKING,RIGHT + DOWN + FORWARD,RIGHT + DOWN + FORWARD,0.7175220646173862,0.7189339216825289,True,True,True,distractors
46,True,0.6776595744680851,6,549.632383608158,342.64577539548316,21.29786934936466,True,549.1022527991366,341.99811142587345,549.3546567383501,344.0882441223114,0.8369631367056832,1.4689616203600202,True,TRACKING,RIGHT + DOWN + FORWARD,RIGHT + DOWN + FORWARD,0.7167333023073439,0.7176011987754937,True,True,True,distractors
47,True,0.7090032154340836,6,549.03569241499,340.1386755117814,21.59234366286315,True,548.5043341213554,339.56304176516943,548.9294954298528,341.8256429437404,0.7833874178544922,1.6903067520845136,True,TRACKING,RIGHT + DOWN + FORWARD,RIGHT + DOWN + FORWARD,0.7154046732182898,0.7157365387968436,True,True,True,distractors
48,True,0.7244515783841626,6,548.2692236688772,337.4193266929678,21.89094448535706,True,547.7301587301587,336.8252688172043,548.3298270800058,339.3254558804723,0.8021818795711139,1.907092355628603,True,TRACKING,RIGHT + DOWN + FORWARD,RIGHT + DOWN + FORWARD,0.7135307096250181,0.7133413239652413,True,True,True,distractors
49,True,0.7024463305042437,6,547.3335455309943,334.4929885149238,22.193540840656787,True,546.76135660354,333.79997524446094,547.5455918417729,336.5627155624666,0.8987032667899999,2.0805609073625013,True,TRACKING,RIGHT + DOWN + FORWARD,RIGHT + DOWN + FORWARD,0.7110799745055403,0.7104173297843573,True,True,True,distractors
50,True,0.7209765819631291,6,546.2293515925583,331.3653208979934,22.5,True,545.68962615699,330.692150498858,546.6176089993814,333.6274330306623,0.8628220743997365,2.2951895596488145,True,TRACKING,RIGHT + DOWN + FORWARD,RIGHT + DOWN + FORWARD,0.708180028123067,0.7069667237267445,True,True,True,distractors
51,True,0.7206896551724138,6,544.9574603606886,328.0423731599582,22.810187540270842,True,544.4304434304433,327.3480753480753,545.5240262149124,330.48775418936884,0.8716629488228063,2.5101564186667513,True,TRACKING,RIGHT + DOWN + FORWARD,RIGHT + DOWN + FORWARD,0.7047625819216012,0.7029920636271519,True,True,True,distractors
52,True,0.7007874015748031,6,543.5188146516716,324.53057231586575,23.12396740296235,True,542.9611716621254,323.78315168029064,544.2425989385189,327.13545293482974,0.932525233049264,2.7035655592090264,True,TRACKING,RIGHT + DOWN + FORWARD,RIGHT + DOWN + FORWARD,0.7007581216828715,0.6984962957864738,True,True,True,distractors
53,True,0.7223769730733519,6,541.914480892078,320.83671064734347,23.441201953856233,True,541.3715046604527,320.12050599201064,542.8070517994859,323.62797946342016,0.8987615347968663,2.93050583148252,True,TRACKING,RIGHT + DOWN + FORWARD,RIGHT + DOWN + FORWARD,0.6962720368733933,0.6934827527877439,True,True,True,distractors
54,True,0.7391304347826086,6,540.1456483282515,316.96793256543805,23.761752043393763,True,539.5964120743366,316.2847781716618,541.2017319369113,319.956378817541,0.876561685422197,3.1695620502189583,True,TRACKING,RIGHT + DOWN + FORWARD,RIGHT + DOWN + FORWARD,0.6912554123028478,0.6879551510257859,True,True,True,distractors
55,True,0.7300748568912373,6,538.213628144755,312.9317207923918,24.085477067711395,True,537.5901622187336,312.19476713762424,539.3959470778225,316.0755729775826,0.9653032944028873,3.35882190980989,True,TRACKING,RIGHT + DOWN + FORWARD,RIGHT + DOWN + FORWARD,0.6856123346181953,0.6819175879523595,True,True,True,distractors
56,True,0.7436347673397717,6,536.1198524924273,308.73588188907945,24.41223503031425,True,535.5194224120398,308.01464307504574,537.4576847449312,312.0451080263142,0.9384570892176456,3.5694219088246255,True,TRACKING,RIGHT + DOWN + FORWARD,RIGHT + DOWN + FORWARD,0.6795552648279098,0.6753745390388353,True,True,True,distractors
57,True,0.757615317667537,6,533.865873426771,304.3885311561002,24.74188260436047,True,533.2706611570248,303.77597402597405,535.364172950978,307.91054102614413,0.854109995097122,3.8274606449871476,True,TRACKING,RIGHT + DOWN + FORWARD,RIGHT + DOWN + FORWARD,0.6730130404718061,0.6683308544586595,True,True,True,distractors
58,True,0.7305340399510803,6,531.4533617574582,299.8980769377259,25.07427519552914,True,530.7644727940466,299.1079539963274,533.0643228725123,303.5092475112358,1.0482663146521929,3.954206446962578,True,TRACKING,RIGHT + DOWN + FORWARD,RIGHT + DOWN + FORWARD,0.665826008976601,0.6607917554920568,True,True,True,distractors
59,True,0.754071661237785,6,528.8841058098076,295.27320435906455,25.409267005444086,True,528.3866292660122,294.54520804114065,530.7254760692622,299.0272277761882,0.8817378014678636,4.1813079590861095,True,TRACKING,RIGHT + DOWN + FORWARD,RIGHT + DOWN + FORWARD,0.6585171127164443,0.6527628306556487,True,True,True,distractors
60,True,0.756745871929118,6,526.1600100991509,290.5228585278941,25.746711095625894,True,525.579674796748,289.8856368563686,528.152575433005,294.45643231627844,0.8618819651650552,4.409457943822778,True,TRACKING,RIGHT + DOWN + FORWARD,RIGHT + DOWN + FORWARD,0.6504767982281408,0.6442500315598465,True,True,True,distractors
61,True,0.7473118279569892,6,523.2830939190701,285.65622723365493,26.086459451943984,True,522.6298764773837,284.89016262330045,525.3912259551944,289.6732974697894,1.006751217213486,4.536636856061009,True,TRACKING,RIGHT + DOWN + FORWARD,RIGHT + DOWN + FORWARD,0.6418475811099824,0.635259668497094,True,True,True,distractors
62,True,0.7645482388973966,6,520.2554898445534,280.6827231770651,26.428363049540486,True,519.5787384588834,279.962205539736,522.4849822070389,284.81775150476267,0.9885029609002361,4.697775586939276,True,TRACKING,RIGHT + DOWN + FORWARD,RIGHT + DOWN + FORWARD,0.6327655693969966,0.6257984057642293,True,True,True,distractors
63,True,0.7671698113207547,6,517.0794421511795,275.6119657647273,26.772271918197468,True,516.506299541093,274.8982895285773,519.4956408740659,279.85802051666997,0.9153284774014048,4.88538608760585,True,TRACKING,RIGHT + DOWN + FORWARD,RIGHT + DOWN + FORWARD,0.6234238777314559,0.6158732567224359,True,True,True,distractors
64,True,0.7635840230298668,6,513.7573051514995,270.45376250393974,27.118035208118854,True,513.2102351313969,269.7597429013099,516.3529380027314,274.80888170898993,0.8837130845074075,5.069948045945969,True,TRACKING,RIGHT + DOWN + FORWARD,RIGHT + DOWN + FORWARD,0.6136029312585357,0.6054915785984359,True,True,True,distractors
65,True,0.7825773938084953,6,510.2915414498546,265.2180900336958,27.465501256098094,True,509.69676036207716,264.5086549150389,513.0248491824043,269.65876831201444,0.9257768251373613,5.214460157326663,True,TRACKING,RIGHT + DOWN + FORWARD,RIGHT + DOWN + FORWARD,0.6032026536950135,0.5946610670307957,True,True,True,distractors
66,True,0.7750533049040512,6,506.68472011691733,259.9150748285608,27.81451765204268,True,505.9605692953803,259.07963913516875,509.4927092388923,264.36920372359157,1.1055981232465242,5.265364861306156,True,TRACKING,RIGHT + DOWN + FORWARD,RIGHT + FORWARD,0.5921647163715384,0.5833897503653667,True,False,True,distractors
67,True,0.7737449118046132,6,502.9395147853138,254.55497361274735,28.16493130582626,True,502.314936288924,253.78896177335446,505.9038227639081,259.079082748473,0.9883685730751568,5.408760048653885,True,TRACKING,RIGHT + FORWARD,RIGHT + FORWARD,0.5809494461372129,0.5716859837041056,True,True,True,distractors
68,True,0.7947583390061266,6,499.0587016677374,249.1481535222705,28.516588514439,True,498.4011812476928,248.37667035806567,502.15250200580044,253.72787655326934,1.013666303783993,5.526795054320381,True,TRACKING,RIGHT + FORWARD,RIGHT + FORWARD,0.5692265687681264,0.5595584427116794,True,True,True,distractors
69,True,0.7949748743718593,6,495.04515749902157,243.70507205355244,28.869335029406827,True,494.50107066381156,243.0268379728765,498.326786334806,248.37735726307292,0.8695009789753977,5.709582900261256,True,TRACKING,RIGHT + FORWARD,RIGHT + FORWARD,0.5572712072962688,0.5470161171844424,True,True,True,distractors
70,True,0.7917201540436457,6,490.9018574037004,238.2362568372583,29.22301612444989,True,490.3250942605781,237.4327607875995,494.32594029769206,242.90505902533621,0.9890710920260366,5.789823618757956,True,TRACKING,RIGHT + FORWARD,RIGHT + FORWARD,0.5447685634302877,0.5340683043865637,True,True,True,distractors
71,True,0.7923150206414735,6,486.63187269063326,232.75228527648298,29.577476663350634,True,485.9798950453213,231.97253458733726,490.15291767150666,237.43879680633674,1.0164083762001006,5.861838284769206,True,TRACKING,RIGHT + FORWARD,RIGHT + FORWARD,0.5317278677234583,0.5207246021582289,True,True,True,distractors
72,True,0.8249039692701664,6,482.2383685763333,227.2637640886715,29.93256116800167,True,481.66500432209585,226.53228273156458,485.9089609968013,231.98553976895067,0.929414624283618,5.980670053770964,True,TRACKING,RIGHT + FORWARD,RIGHT + FORWARD,0.5184655031150041,0.5069949018010416,True,True,True,distractors
73,True,0.7989737398128585,6,477.72460183868304,221.78130879084213,30.288113886603607,True,477.11288542680944,221.01876014281075,481.51092321180533,226.50214995588072,0.9775875455272561,6.051658520280668,True,TRACKING,RIGHT + FORWARD,RIGHT + FORWARD,0.5047216350368917,0.4928893807458845,True,True,True,distractors
74,True,0.8203502415458938,6,473.0939184027793,216.31552316778948,30.64397886198293,True,472.486643878972,215.57975693125712,476.9987835453887,221.04095344356892,0.9540095922402246,6.130062240566459,True,TRACKING,RIGHT + FORWARD,RIGHT + FORWARD,0.4906211985793396,0.47841849500868533,True,True,True,distractors
75,True,0.8179640718562874,6,468.34975086069494,210.87697876297918,30.999999999999996,True,467.6818323077879,210.00590465535456,472.34030792658825,215.52342904946175,1.0976726717430314,6.124871097492996,True,TRACKING,RIGHT + UP + FORWARD,RIGHT + UP + FORWARD,0.47606346227058827,0.4635929714396717,True,True,True,distractors
76,True,0.8123746777427672,6,463.4956159269976,205.47619443180196,31.35602113801707,True,462.82187878787875,204.55551515151512,467.5810933572335,210.03947210048844,1.1408646150080666,6.1249186863582015,True,TRACKING,RIGHT + UP + FORWARD,RIGHT + UP + FORWARD,0.4611909167413547,0.4484237997718674,True,True,True,distractors
77,True,0.8181046676096181,6,458.53511183191097,200.12361599673318,31.71188611339639,True,457.93185679967183,199.50682603855392,462.7564750784527,204.7731490695212,0.8627551717796905,6.279973364131642,True,TRACKING,RIGHT + UP + FORWARD,RIGHT + UP + FORWARD,0.44611398462016466,0.4329222244747218,True,True,True,distractors
78,True,0.8074735987002437,5,453.4719156540498,194.82959604374696,32.06743883199833,True,451.56483651378187,193.70901685079787,457.1606557961173,199.24108296015953,2.2119332211699874,5.750480036429956,True,TRACKING,RIGHT + UP + FORWARD,RIGHT + UP + FORWARD,0.4286270493628665,0.4170997364189056,True,True,True,distractors
79,True,0.8337927232635061,5,448.3097805947084,189.6043738990632,32.42252333664936,True,447.2071920685599,188.63199462275247,452.1839239323386,193.936538791456,1.4701098309286027,5.811767309122506,True,TRACKING,RIGHT + UP + FORWARD,RIGHT + UP + FORWARD,0.4130747622885581,0.40096806435846377,True,True,True,distractors
80,True,0.8657960544595721,5,443.0525331957199,184.45805582495217,32.7769838755501,True,442.4484009231784,183.67408506429277,447.3161624277585,188.80531192787438,0.9897403479170903,6.089102549036986,True,TRACKING,RIGHT + UP + FORWARD,RIGHT + UP + FORWARD,0.39786300758674537,0.38453916623662465,True,True,True,distractors
81,True,0.8431061806656102,5,437.70407050295177,179.40059547290363,33.13066497059317,True,437.1507040739546,178.64463076426958,442.2334332508566,183.72497134607198,0.9368548689318043,6.262216348430362,True,TRACKING,RIGHT + UP + FORWARD,RIGHT + UP + FORWARD,0.38197947890892686,0.36782522032172427,True,True,True,distractors
82,True,0.8568037974683544,5,432.26835717753806,174.441774631964,33.48341148556099,True,431.6410053329109,173.55710438777126,436.9372192918837,178.64103786692164,1.0845329768693814,6.27949720592652,True,TRACKING,RIGHT + UP + FORWARD,RIGHT + UP + FORWARD,0.3654288102871366,0.35083861617980644,True,True,True,distractors
83,True,0.8516397709526289,5,426.74942255698994,169.59118430947856,33.83506869417374,True,426.08009896397095,168.81665893510643,431.50865912792733,173.72884840101403,1.0236618717712105,6.306393333160399,True,TRACKING,RIGHT + UP + FORWARD,RIGHT + UP + FORWARD,0.3484645597747729,0.33359194549059357,True,True,True,distractors
84,True,0.8512974051896207,5,421.15135766836477,164.85820618083025,34.18548234795732,True,420.6438583270535,164.10650590303942,426.0762587274904,168.91767715202673,0.9069778878573398,6.382315802916986,True,TRACKING,RIGHT + UP + FORWARD,RIGHT + UP + FORWARD,0.3314883085234076,0.3160979927136399,True,True,True,distractors
85,True,0.8703334992533599,5,415.4783121957053,160.25199444405413,34.534498743901906,True,415.00884782714957,159.7271838490492,420.54255327732,164.32243050053796,0.7041469690149086,6.497306166607625,True,TRACKING,RIGHT + UP + FORWARD,RIGHT + UP + FORWARD,0.314195478991625,0.2983697256115791,True,True,True,distractors
86,True,0.8515473887814313,5,409.7344914039985,155.78145811442164,34.881964791881146,True,409.80210239804774,155.8219531653292,415.17232783768384,160.07219183293358,0.07881050478414482,6.926792975301844,True,TRACKING,RIGHT + UP + FORWARD,RIGHT + UP + FORWARD,0.297413524492762,0.2804202856374953,True,True,True,distractors
87,True,0.8285123966942148,5,403.9241530219341,151.45524379324212,35.227728081802525,True,404.15524798154553,151.5287197231834,409.6637879096147,155.8004557780585,0.24249452084231207,7.198907961411395,True,TRACKING,RIGHT + UP + FORWARD,RIGHT + UP + FORWARD,0.280199337217546,0.26226297819354405,True,True,True,distractors
88,True,0.8448077365876122,6,398.05160408577296,147.2817189442054,35.57163695045952,True,397.3607804695887,146.38089903374876,403.5122841896017,151.09067740590365,1.135215301056606,6.657866907598381,True,TRACKING,RIGHT + UP + FORWARD,RIGHT + UP + FORWARD,0.2609758880925053,0.2439112627680405,True,True,True,distractors
89,True,0.8662523020257827,6,392.12119774666564,143.26895570961457,35.91354054805602,True,391.56447290729886,142.5253213425989,397.5383785484503,146.80799937425127,0.9289427423554094,6.470755589529648,True,TRACKING,RIGHT + UP + FORWARD,RIGHT + UP + FORWARD,0.24230743296390714,0.22537874295833013,True,True,True,distractors
90,True,0.8433098591549296,6,386.13733004378685,139.42471529780786,36.2532889043741,True,385.46871231408284,138.599401491804,391.50354543126656,142.70370043302762,1.0621640865963817,6.288720943229725,True,TRACKING,RIGHT + UP + FORWARD,RIGHT + UP + FORWARD,0.223448579472708,0.2066791563868339,True,True,True,distractors
91,True,0.8560456440640772,6,380.1044366456779,135.75643297196757,36.590732994555914,True,379.50423876944586,135.05488550952631,385.5038921003562,138.87929297127698,0.9232585405460307,6.2374973973816115,True,TRACKING,RIGHT + UP + FORWARD,RIGHT + UP + FORWARD,0.20469966281361315,0.18782636451774337,True,True,True,distractors
92,True,0.8645330995177554,6,374.02698956221434,132.27120366934997,36.92572480447086,True,373.2913321246654,131.333678667012,379.39761211251084,135.1064858191445,1.191698365959208,6.073089118949002,True,TRACKING,RIGHT + UP + FORWARD,RIGHT + UP + FORWARD,0.18561753785159638,0.1688343423819198,True,True,True,distractors
93,True,0.8475533249686323,6,367.90949382963333,128.97576827874988,37.25811739563952,True,367.2154703126978,128.14191669831624,373.3065412126043,131.62420125873035,1.0848857544696908,6.011848110480018,True,TRACKING,RIGHT + UP + FORWARD,RIGHT + UP + FORWARD,0.1665829412893885,0.14971716821760417,True,True,True,distractors
94,True,0.8512190039591582,6,361.7564841710811,125.87650060274066,37.58776496968575,True,360.9567299683491,124.89567716141929,367.1316355904767,128.25993921007483,1.2655518194973334,5.879883704322859,True,TRACKING,RIGHT + UP + FORWARD,RIGHT + UP + FORWARD,0.14728636122023975,0.1304890130346285,True,True,True,distractors
95,True,0.8530443756449948,6,355.5725216351525,122.97939502990786,37.914522932288605,True,354.8101999184006,122.08816809465523,360.9709177544387,125.17405365236503,1.1727829509126408,5.827452885253538,True,TRACKING,RIGHT + UP + FORWARD,RIGHT + UP + FORWARD,0.1280341179826209,0.11116413010985156,True,True,True,distractors
96,True,0.8514594162335066,6,349.3621902149176,120.29005494091783,38.23824795660623,True,348.6117732033225,119.29015689579069,354.7913454788806,122.23210527407787,1.2501687053915314,5.766045991556472,True,TRACKING,RIGHT + UP + FORWARD,UP + FORWARD,0.10872295462150187,0.09175684442161743,False,True,True,distractors
97,True,0.8680834001603849,6,343.13009344994,117.81368187084831,38.558798046143764,True,342.45371464586776,116.9661230599543,348.62253006237415,119.59911416701608,1.0843635112462218,5.775346606551534,True,TRACKING,UP + FORWARD,UP + FORWARD,0.08944540644491923,0.07228154203106243,True,True,True,distractors
98,True,0.8618434093161547,6,336.8808510138055,115.55506544873937,38.87603259703764,True,336.0979161825083,114.69548377101246,342.3602231224412,117.14729896901427,1.162698417794657,5.7060254370254695,True,TRACKING,UP + FORWARD,UP + FORWARD,0.06987569725762874,0.05275265941814222,True,True,True,distractors
99,True,0.8469561919211075,6,330.6190952896916,113.5185741338256,39.18981245972916,True,329.8415043909889,112.61080565101183,336.10086375671506,114.87905231001305,1.1952787223636292,5.648069262494504,True,TRACKING,UP + FORWARD,UP + FORWARD,0.05031519923973456,0.03318467278028621,True,True,True,distractors
100,True,0.8635846911708981,6,324.34946793651534,111.70814676636483,39.5,True,323.6504749083838,110.82278812355096,329.8756693325494,112.85092021678201,1.1280297778789956,5.643122631000272,True,TRACKING,UP + FORWARD,UP + FORWARD,0.030861466664216942,0.013592087301610434,True,True,True,distractors
101,True,0.8723444613050075,6,318.07661644820485,110.12728494940677,39.80645915934321,True,317.31189495938577,109.0750713994288,323.59378214596757,110.9629958081054,1.3007506718118291,5.580101251403635,True,TRACKING,UP + FORWARD,UP + FORWARD,0.011230569206148644,-0.006010573599359859,True,True,True,distractors
102,True,0.8538224078445614,6,311.8051907086471,108.77904627623514,40.10905551464295,True,311.1351773204109,107.83226251406585,317.3644797331892,109.39762916108563,1.1598781973652255,5.59359805883695,True,TRACKING,UP + FORWARD,UP + FORWARD,-0.008236000833783664,-0.025608779035477803,True,True,True,distractors
103,True,0.8604189237992055,6,305.53983954486256,107.66603841658286,40.40765633713685,True,304.83313731779464,106.86938237285719,311.0988085254919,108.13350576697141,1.0649360965557542,5.5785895933720155,True,TRACKING,UP + FORWARD,UP + FORWARD,-0.0278162233578378,-0.0451880014223045,True,True,True,distractors
104,True,0.8693921852387844,6,299.2852072809638,106.79041407305792,40.70213065063534,True,298.4453180337158,105.67194361807621,304.77206327960386,106.9027246925238,1.398710158077706,5.488005322980044,True,TRACKING,UP + FORWARD,UP + FORWARD,-0.04758730225123795,-0.06473372724698816,True,True,True,distractors
105,True,0.8775952337967142,6,293.0459302954522,106.1538668175356,40.99234928897204,True,292.1499877746341,105.07139613678437,298.461025527119,105.98706041465408,1.405153292454568,5.417663771780471,True,TRACKING,UP + FORWARD,UP + FORWARD,-0.0673092952277532,-0.0842314678267119,True,True,True,distractors
106,True,0.866284124500087,6,286.82663358440374,105.75762781556901,41.27818495266037,True,286.06497552291944,104.8874054294615,292.2630005250192,105.43723292205779,1.1564644412634022,5.445800069852444,True,TRACKING,UP + FORWARD,LEFT + UP + FORWARD,-0.08667812335931498,-0.10366677004873832,False,True,True,distractors
107,True,0.8689345536176826,6,280.6319273330937,105.60246344515407,41.559512264731275,True,280.022022728801,104.67439983861206,286.1425116269101,105.05581638033493,1.1105339635171871,5.537631467760513,True,TRACKING,LEFT + UP + FORWARD,LEFT + UP + FORWARD,-0.10580465116590591,-0.12302522708408219,True,True,True,distractors
108,True,0.875453446191052,6,274.46640349859854,105.68867381445445,41.836207825727726,True,273.5979567307692,104.68406116452991,279.87023417883967,104.86993877243242,1.3279481785602867,5.465502089447054,True,TRACKING,LEFT + UP + FORWARD,LEFT + UP + FORWARD,-0.12540551819112605,-0.14229248906687958,True,True,True,distractors
109,True,0.8637724550898204,6,268.33463240591095,106.01609218135306,42.108150267831796,True,267.5459889009293,105.04048862181065,273.7081115398845,104.95521369712154,1.254496266770691,5.4772019463914665,True,TRACKING,LEFT + UP + FORWARD,LEFT + UP + FORWARD,-0.14466215143786093,-0.16145427373152826,True,True,True,distractors
110,True,0.8725913621262459,6,262.2411593600896,106.58408527595314,42.37522030810058,True,261.4378303018513,105.666050643582,267.5729709208679,105.31063217035177,1.2198873562927397,5.481778664978583,True,TRACKING,LEFT + UP + FORWARD,LEFT + UP + FORWARD,-0.1638344658722879,-0.18049637699971993,True,True,True,distractors
111,True,0.8843401564320187,6,256.1905012769553,107.39155452540503,42.63730080078771,True,255.39706212514832,106.40386157349498,261.4850165230081,105.85724687192337,1.2669187246516322,5.512349015276342,True,TRACKING,LEFT + UP + FORWARD,LEFT + UP + FORWARD,-0.18285932336559974,-0.19940468350951476,True,True,True,distractors
112,True,0.8955943474646717,6,250.1871433348323,108.43693817868945,42.89427678872721,True,249.41764780351943,107.49496771743259,255.45133216326377,106.67610729467798,1.2163189230588152,5.550874653914567,True,TRACKING,LEFT + UP + FORWARD,LEFT + UP + FORWARD,-0.20171458698980071,-0.21816517707864902,True,True,True,distractors
113,True,0.8708957602805228,6,244.23553564981432,109.71821432724808,43.146035553757656,True,243.51079091816365,108.78218562874251,249.4810615407137,107.72914646171024,1.183809380973741,5.6099851021024145,True,TRACKING,LEFT + UP + FORWARD,LEFT + UP + FORWARD,-0.22037168268526966,-0.23676395109433024,True,True,True,distractors
114,True,0.8714353990759918,6,238.34008997702216,111.23290481561892,43.392466666164,True,237.32707106583166,110.03218369318004,243.40406630327269,108.88066507744514,1.570967386135201,5.583626780030128,True,TRACKING,LEFT + UP + FORWARD,LEFT + UP + FORWARD,-0.23936229280227286,-0.25518721882180573,True,True,True,distractors
115,True,0.8825391799905018,6,232.5051764402968,112.97808003451266,43.633462033115705,True,231.84790262854366,112.1811145510836,237.62598446590818,110.53088981426437,1.0330357425538605,5.675510092427358,True,TRACKING,LEFT + UP + FORWARD,LEFT + UP + FORWARD,-0.25741879854403693,-0.2734213236240725,True,True,True,distractors
116,True,0.8855383643826965,6,226.73512029275255,114.95036458705961,43.86891594607986,True,225.95999518739094,114.05624736810442,231.79298982664955,112.2935685911844,1.1833277357494865,5.7131960569913876,True,TRACKING,LEFT + UP + FORWARD,LEFT + UP + FORWARD,-0.27564690679172016,-0.2914527490851483,True,True,True,distractors
117,True,0.8726386349786716,6,221.03419871059162,117.14594381726862,44.098725127188416,True,220.33440380612547,116.25747844186738,226.0636968163875,114.27552351652588,1.1309657959477226,5.790955352886117,True,TRACKING,LEFT + UP + FORWARD,LEFT + UP + FORWARD,-0.29355094744878907,-0.30926812902940115,True,True,True,distractors
118,True,0.8720523353111213,6,215.40663762255716,119.5605711880696,44.322788774539276,True,214.495532401223,118.39157538516342,220.27961460880525,116.33354945084466,1.4821146755749537,5.84461923490537,True,TRACKING,LEFT + UP + FORWARD,LEFT + UP + FORWARD,-0.3116262043474836,-0.3268542574295089,True,True,True,distractors
119,True,0.8857578065498858,6,209.85660857737366,122.18957649467166,44.54100860641134,True,209.09548916227297,121.09780316344464,214.6875518855391,118.71567630714465,1.330891344483749,5.9502937540602705,True,TRACKING,LEFT + UP + FORWARD,LEFT + UP + FORWARD,-0.3291014003576903,-0.3441980981957073,True,True,True,distractors
120,True,0.8976114407424312,6,204.38822565149854,125.02787489734851,44.7532889043741,True,203.63838191621252,124.13361012599832,209.1629669008758,121.42464321657148,1.1670368925726842,5.981758315400242,True,TRACKING,LEFT + UP + FORWARD,LEFT + UP + FORWARD,-0.3463657284347631,-0.36128679483906706,True,True,True,distractors
121,True,0.8921212121212121,6,199.00554239947587,128.06997675618354,44.95953655527297,True,198.02092675635276,127.02107048407497,203.59194682861428,124.22285685032323,1.4386355801075619,5.986270722051175,True,TRACKING,LEFT + UP + FORWARD,LEFT + UP + FORWARD,-0.36377516616058037,-0.3781076800016379,True,True,True,distractors
122,True,0.8768444119795471,6,193.71254884915302,131.30999824875013,45.15966109207169,True,192.91381560283685,130.33035460992906,198.25288121572555,127.27660573012614,1.2639922696968402,6.073127135853335,True,TRACKING,LEFT + UP + FORWARD,LEFT + UP + FORWARD,-0.38045974620085765,-0.3946482848463968,True,True,True,distractors
123,True,0.87627365356623,6,188.51316854398843,134.74167275019303,45.35357473353425,True,187.61678790954716,133.76670614109287,192.93483456263635,130.5216559356095,1.3244085965673922,6.112255908895966,True,TRACKING,LEFT + UP + FORWARD,LEFT + UP + FORWARD,-0.3970786419917614,-0.4108963483000362,True,True,True,distractors
124,True,0.8890999415546464,6,183.4112556346419,138.3583629536999,45.541192422728614,True,182.49597112640592,137.2560293212467,187.71540284452112,133.8888426284281,1.4327892965311468,6.205021768078563,True,TRACKING,LEFT + UP + FORWARD,LEFT + UP + FORWARD,-0.4133893661108715,-0.4268398261417441,True,True,True,distractors
125,True,0.8983644859813084,6,178.41059202200398,142.15307370791885,45.72243186433546,True,177.6518118948824,141.1741908713693,182.68360736970175,137.53151674989869,1.2385309398662414,6.294239340689647,True,TRACKING,LEFT + UP + FORWARD,LEFT + UP + FORWARD,-0.42911372696968203,-0.44246689993123756,True,True,True,distractors
126,True,0.8923143725575337,6,173.5148845537817,146.1184655464961,45.89721356074568,True,172.83958008693511,145.24768309685885,177.76159372831842,141.38959992337877,1.1019519942081126,6.355840534075347,True,TRACKING,LEFT + UP + FORWARD,LEFT + UP + FORWARD,-0.44449501959900495,-0.45776598576943217,True,True,True,distractors
127,True,0.8839988751406074,6,168.7277622767192,150.24686888356223,46.06546084693065,True,168.0873318719385,149.42226191442722,172.92446280012845,145.40593091890298,1.0440918335633171,6.406791370168274,True,TRACKING,LEFT + UP + FORWARD,LEFT + UP + FORWARD,-0.4596110537495986,-0.4727257428852525,True,True,True,distractors
128,True,0.8817249613709791,6,164.05277374649046,154.53029884771328,46.22709992407002,True,163.1612614809396,153.48830908450512,168.04286214053403,149.44712000170404,1.3713266519171246,6.46216005471832,True,TRACKING,LEFT + UP + FORWARD,LEFT + UP + FORWARD,-0.4748660558108312,-0.4873350820422173,True,True,True,distractors
129,True,0.8900913562895292,6,159.4933843972572,158.960470725795,46.38205989192233,True,158.63931651487064,157.97775449343112,163.34108932770232,153.71243724756758,1.3019843090743088,6.5074333358373835,True,TRACKING,LEFT + UP + FORWARD,LEFT + UP + FORWARD,-0.48955909585093027,-0.5015831737585713,True,True,True,distractors
130,True,0.8738108561835478,6,155.05297397284193,163.52881598662125,46.53027277992422,True,153.78120172371737,162.05119657424723,158.56114552570983,157.8818169109074,1.9495547649316967,6.647997157450119,True,TRACKING,LEFT + UP + FORWARD,LEFT + UP + FORWARD,-0.5044964202321568,-0.515459456334869,True,True,True,distractors
131,True,0.8900098080425949,6,150.7348340214223,168.22649885363145,46.67167357700451,True,149.69915966386554,167.03828197945845,154.1301525947877,162.4600494451829,1.5762235612279363,6.691795498581574,True,TRACKING,LEFT + UP + FORWARD,LEFT + UP + FORWARD,-0.5183432731412885,-0.5289536436830553,True,True,True,distractors
132,True,0.8879586995953677,6,146.5421654556004,173.04443339443833,46.806200260100276,True,145.64016415144295,171.81088165210485,149.8851583731153,167.13546554864388,1.528154525470419,6.789072296653456,True,TRACKING,LEFT + UP + FORWARD,LEFT + UP + FORWARD,-0.5316088800840146,-0.5420557329512488,True,True,True,distractors
133,True,0.9047552447552447,6,142.47807617965918,177.97330109420656,46.93379382136216,True,141.68177777777777,176.9986405228758,145.78346807544654,172.06705303575984,1.258592219166199,6.768262828277457,True,TRACKING,LEFT + UP + FORWARD,LEFT + UP + FORWARD,-0.5444266622642295,-0.554756011938565,True,True,True,distractors
134,True,0.8808527863985967,6,138.5455787857629,183.0035688788792,47.05439829403718,True,137.7182052685062,181.9870762656661,141.75083667197637,177.027064650713,1.3106502850777957,6.781760900121912,True,TRACKING,LEFT + UP + FORWARD,LEFT + UP + FORWARD,-0.5570286354000739,-0.5670450662944909,True,True,True,distractors
135,True,0.883115130246997,6,134.7475883208083,188.12550755338762,47.16796077701761,True,133.83152612008217,187.02303871856876,137.7911813960293,182.02505168464086,1.4333902076357439,6.817552391735617,True,TRACKING,LEFT + UP + FORWARD,LEFT + UP + FORWARD,-0.5694025581374085,-0.578913786497474,True,True,True,distractors
136,True,0.892996896505195,6,131.0869201255856,193.32921061918603,47.27443145804514,True,130.29545688148832,192.4316733477233,134.04331913875882,187.22836251618207,1.1966566844428599,6.779427903666981,True,TRACKING,LEFT + UP + FORWARD,LEFT + UP + FORWARD,-0.5811146276913787,-0.590353374607545,True,True,True,distractors
137,True,0.8805428648212846,6,127.56628774784699,198.60461343471385,47.37376363556019,True,126.5964259890507,197.43259993802292,130.31987256390477,192.3304812271025,1.5212650878795382,6.851785482471715,True,TRACKING,LEFT + UP + FORWARD,LEFT + UP + FORWARD,-0.5927503982377976,-0.6013553507879782,True,True,True,distractors
138,True,0.900148428012414,6,124.18830093083213,203.94151268172754,47.46591373918673,True,123.4245622084576,203.09089750452446,126.87221738618118,197.7106893658135,1.1431723473485984,6.784288225999215,True,TRACKING,LEFT + UP + FORWARD,LEFT + UP + FORWARD,-0.6035243206681838,-0.6119115595911496,True,True,True,distractors
139,True,0.8944241933306332,6,120.95546367874057,209.32958609985076,47.550841348843726,True,120.0397473424742,208.0249833102244,123.4559823643277,202.86783633801895,1.5939023957589062,6.928694226295733,True,TRACKING,LEFT + UP + FORWARD,LEFT + UP + FORWARD,-0.6142000551114759,-0.6220141760039357,True,True,True,distractors
140,True,0.8886650550631211,6,117.870172400586,214.75841245117476,47.6285092124747,True,117.0849300486618,213.81685928629358,120.27045620649474,208.34234781215628,1.2260211717393872,6.850346546049417,True,TRACKING,LEFT + UP + FORWARD,LEFT + UP + FORWARD,-0.6241548243547039,-0.6316557112481688,True,True,True,distractors
141,True,0.9002020202020202,6,114.934714133807,220.21749167629386,47.6988832623877,True,114.07472270869819,219.0659153785629,117.17258945759647,213.70413159535957,1.4372589261356004,6.887085414653586,True,TRACKING,LEFT + UP + FORWARD,LEFT + FORWARD,-0.6338356579450111,-0.6408290183318531,True,False,True,distractors
142,True,0.9025895612505032,6,112.15126484895215,225.69626520279206,47.76193263019859,True,111.50459544975139,224.8366229722264,114.33859245367393,219.27037728379298,1.075716540931946,6.787962698624398,True,TRACKING,LEFT + FORWARD,LEFT + FORWARD,-0.6426918985822689,-0.6495272973470245,True,True,True,distractors
143,True,0.88343147751606,6,109.52188783669615,231.18413636690178,47.817629660370805,True,108.5854399149776,229.96429565525443,111.46201618432576,224.6173364695237,1.5378381162799002,6.847405267506861,True,TRACKING,LEFT + FORWARD,LEFT + FORWARD,-0.651681199423982,-0.6577441005103245,True,True,True,distractors
144,True,0.9034113712374582,6,107.04853217838203,236.67049090883515,47.865949922346125,True,106.4397666940851,235.86761883396892,108.95089143920544,230.2424776517463,1.0075708329796425,6.703605387442683,True,TRACKING,LEFT + FORWARD,LEFT + FORWARD,-0.659528464252483,-0.6654733369425562,True,True,True,distractors
145,True,0.8915807790121805,6,104.73303130122254,242.14471750215057,47.90687222126065,True,103.5907688416793,240.85225088517956,106.27083014044237,235.54736426846293,1.7248865129237483,6.774208068841305,True,TRACKING,LEFT + FORWARD,LEFT + FORWARD,-0.6679036558111175,-0.6727092771836796,True,True,True,distractors
146,True,0.8836126629422719,6,102.57710161923438,247.5962282774428,47.94037860724158,True,101.62263533086475,246.32582684702385,103.94673273565357,240.93659555774337,1.5890014757842834,6.7990144400754815,True,TRACKING,LEFT + FORWARD,LEFT + FORWARD,-0.6751664602010826,-0.6794465574398926,True,True,True,distractors
147,True,0.8905479269430743,6,100.58234126090954,253.01447930066672,47.96645438328061,True,99.63491345743209,251.73878966011003,101.79082309654282,246.33769260892672,1.5890259600855403,6.785271466496535,True,TRACKING,LEFT + FORWARD,LEFT + FORWARD,-0.6819036778233036,-0.6856801835596577,True,True,True,distractors
148,True,0.8992911595559716,6,98.75022888456886,258.38899096648277,47.98508811168059,True,97.77417173766058,257.2750106428267,99.7824974171017,251.80635162587672,1.4810940940816562,6.663086297786632,True,TRACKING,LEFT + FORWARD,LEFT + FORWARD,-0.6881796955715572,-0.6914055347357223,True,True,True,distractors
149,True,0.8980925703614779,6,97.08212258227508,263.7093682671828,47.996271619072374,True,96.32966868596216,262.64889188043776,98.05608305153193,257.2276217531572,1.300306514988034,6.554512710168307,True,TRACKING,LEFT + FORWARD,LEFT + FORWARD,-0.6935747404639627,-0.6966183669303904,True,True,True,distractors
150,True,0.8907082521117609,6,95.5792588731187,268.9653208979934,48.0,True,94.89676635421316,268.1261469027426,96.47642470287255,262.6768843279499,1.0816695579830444,6.352113114668121,True,TRACKING,LEFT + FORWARD,LEFT + DOWN + FORWARD,-0.6985111728035233,-0.701314816021504,True,False,True,distractors
151,True,0.9051388702535892,6,94.24275178662168,274.1466831598691,47.996271619072374,True,93.17982225560145,273.0105394918012,94.82812347923701,267.84371190987554,1.55584113019476,6.330095307083514,True,TRACKING,LEFT + DOWN + FORWARD,LEFT + DOWN + FORWARD,-0.7036621141273843,-0.7054914006668073,True,True,True,distractors
152,True,0.9034981905910736,6,93.0735920369398,279.2434336212829,47.98508811168059,True,92.15551215603796,278.0157490172513,93.49181781763748,272.92973046356343,1.5329971150308648,6.327539835310183,True,TRACKING,LEFT + DOWN + FORWARD,LEFT + DOWN + FORWARD,-0.7078380693198829,-0.7091450248845631,True,True,True,distractors
153,True,0.9133234938950758,6,92.07264628847457,284.2457145009836,47.96645438328061,True,91.36992928917007,283.3997270810073,92.43087355340379,278.16472877228534,1.0997753842806366,6.091528068224778,True,TRACKING,LEFT + DOWN + FORWARD,LEFT + DOWN + FORWARD,-0.7111535201456132,-0.7122729803485169,True,True,True,distractors
154,True,0.9103476043484096,6,91.24065651344011,289.14385073423347,47.94037860724158,True,90.41694070752365,288.16061285500746,91.42390713046372,283.1626708136464,1.2826786254013405,5.983986466484817,True,TRACKING,LEFT + DOWN + FORWARD,LEFT + DOWN + FORWARD,-0.7143002902173009,-0.7148729483954996,True,True,True,distractors
155,True,0.8948420631747301,6,90.57823944186038,293.9283686856464,47.90687222126065,True,89.79723179933042,292.9163543696597,90.61056946489707,288.0395125916531,1.2783371673592927,5.888944839795287,True,TRACKING,LEFT + DOWN + FORWARD,LEFT + DOWN + FORWARD,-0.7168419704221967,-0.7169430017441863,True,True,True,distractors
156,True,0.8930002671653754,6,90.08588610440515,298.5900144724368,47.865949922346125,True,89.14713423831071,297.44366515837106,89.87885185160388,292.7415888750121,1.4816787154962967,5.85208895612886,True,TRACKING,LEFT + DOWN + FORWARD,LEFT + DOWN + FORWARD,-0.7191285879637379,-0.7184816059237339,True,True,True,distractors
157,True,0.8940388479571333,6,89.76396146840304,303.11977186263823,47.817629660370805,True,88.9000375798572,302.23091569585364,89.38944471573055,297.4862522854329,1.239528043422643,5.645954801872586,True,TRACKING,LEFT + DOWN + FORWARD,LEFT + DOWN + FORWARD,-0.720657985263342,-0.7194876204112405,True,True,True,distractors
158,True,0.8800959232613909,6,89.6127041673018,307.50887971367365,47.76193263019859,True,88.50119283285112,306.2319171615654,88.94531877429083,301.8590847234991,1.6929532793610138,5.68907608437484,True,TRACKING,LEFT + DOWN + FORWARD,LEFT + DOWN + FORWARD,-0.7220458788303412,-0.7199602994771819,True,True,True,distractors
159,True,0.8838856226616782,6,89.63222632377608,311.74884891754965,47.6988832623877,True,88.5451240593858,310.40916717510675,88.74522141683832,306.1341259493029,1.7252647635297427,5.684354995519629,True,TRACKING,LEFT + DOWN + FORWARD,LEFT + DOWN + FORWARD,-0.7226711830723802,-0.7198992927381997,True,True,True,distractors
160,True,0.8908700898243732,6,89.82251346661442,315.8314788199003,47.6285092124747,True,88.87018961923643,314.61143307406843,88.80770551803738,310.3727795116857,1.5477184279471958,5.552227779008911,True,TRACKING,LEFT + DOWN + FORWARD,LEFT + DOWN + FORWARD,-0.7224759202561332,-0.7193046454168299,True,True,True,distractors
161,True,0.8976324993274146,6,90.18342454144613,319.74887308112443,47.550841348843726,True,89.31972789115645,318.7246167123566,89.06371670459691,314.54869811202116,1.3398033485116845,5.319357606815862,True,TRACKING,LEFT + DOWN + FORWARD,LEFT + DOWN + FORWARD,-0.7216758852981346,-0.7181767983079809,True,True,True,distractors
162,True,0.8925541941564562,6,90.71469201530071,323.49345494893794,47.46591373918673,True,89.94176431796275,322.5326180692943,89.50274051127982,318.54065809065776,1.2331361379002261,5.098923726384669,True,TRACKING,LEFT + DOWN + FORWARD,LEFT + DOWN + FORWARD,-0.7203039359022505,-0.7165165874521853,True,True,True,distractors
163,True,0.8961003913102146,6,91.41592207492269,327.05798191280195,47.37376363556019,True,90.51573825073632,326.0462799334101,90.00923938100807,322.29346901203394,1.3542052327591068,4.96783045030159,True,TRACKING,LEFT + DOWN + FORWARD,LEFT + DOWN + FORWARD,-0.7187211269343499,-0.7143252435158666,True,True,True,distractors
164,True,0.8887688984881209,6,92.28659491869368,330.4355597118854,47.27443145804514,True,91.31452342195695,329.1390848254657,90.6618814014825,325.7162769187498,1.6204228231806952,4.991124532066307,True,TRACKING,LEFT + DOWN + FORWARD,LEFT + DOWN + FORWARD,-0.7166816206203672,-0.7116043908790822,True,True,True,distractors
165,True,0.8797246220302376,6,93.32606514194654,333.6196556694654,47.16796077701761,True,92.17502804518536,332.21958727922566,91.41845472333392,328.9679320989877,1.8124783848280326,5.027674381395121,True,TRACKING,LEFT + DOWN + FORWARD,LEFT + DOWN + FORWARD,-0.7143173289895814,-0.708356046431417,True,True,True,distractors
166,True,0.8700861604738827,6,94.5335622153852,336.6041113279775,47.05439829403718,True,93.68608161565687,335.45802102852383,92.55226816949539,332.2129765637558,1.4253933988263159,4.817425724786508,True,TRACKING,LEFT + DOWN + FORWARD,LEFT + DOWN + FORWARD,-0.710774161970327,-0.7045826180769212,True,True,True,distractors
167,True,0.9006696428571429,6,95.90819105625559,339.383154360278,46.93379382136216,True,94.99858845671267,338.26889899623586,93.77542831310403,335.2409377799958,1.4383816966966547,4.659038003337179,True,TRACKING,LEFT + DOWN + FORWARD,LEFT + DOWN + FORWARD,-0.7069517865215499,-0.7002869029492013,True,True,True,distractors
168,True,0.8945159485170677,6,97.44893269184516,341.95140973407774,46.806200260100276,True,96.31883022363371,340.68056106920733,95.04712926836888,337.96074942460154,1.7006433834465469,4.657684981903675,True,TRACKING,LEFT + DOWN + FORWARD,LEFT + DOWN + FORWARD,-0.7029777210363473,-0.6954720853379839,True,True,True,distractors
169,True,0.9009427325172366,6,99.15464501481733,344.30391010795717,46.67167357700451,True,98.1795566895232,343.09977143464624,96.61334297894604,340.5302604296239,1.5494344731830108,4.5495766761653975,True,TRACKING,LEFT + DOWN + FORWARD,LEFT + DOWN + FORWARD,-0.6980833031907936,-0.6901417343286959,True,True,True,distractors
170,True,0.9018698158301701,6,101.02406362982325,346.4361054388537,46.53027277992422,True,100.23292501855975,345.4465743981334,98.42313399875289,342.98841741387866,1.2669143549510022,4.318725235915808,True,TRACKING,LEFT + DOWN + FORWARD,LEFT + DOWN + FORWARD,-0.6924277062538973,-0.6842998011568023,True,True,True,distractors
171,True,0.8845775340925067,6,103.05580279076139,348.3438717824396,46.38205989192233,True,102.2546203428816,347.26416860573966,100.33887717081724,345.12629300980916,1.344489592583954,4.211234733708246,True,TRACKING,LEFT + DOWN + FORWARD,LEFT + DOWN + FORWARD,-0.6864410088411962,-0.6779506162788707,True,True,True,distractors
172,True,0.8863125351320967,6,105.24835642799111,350.02351926936853,46.22709992407002,True,104.31018106262985,348.8830243665506,102.32452911672354,347.0046586881799,1.4767876081293452,4.202652181036239,True,TRACKING,LEFT + DOWN + FORWARD,LEFT + DOWN + FORWARD,-0.6802358465102389,-0.6710988861625278,True,True,True,distractors
173,True,0.8841394825646794,6,107.60009926473867,351.4717992419652,46.065460846930655,True,106.78410997456295,350.48503544947766,104.55431954564324,348.7448470688288,1.2804457442023214,4.088158785055491,True,TRACKING,LEFT + DOWN + FORWARD,LEFT + DOWN + FORWARD,-0.6732677514198648,-0.6637496897976917,True,True,True,distractors
174,True,0.8900130076600665,6,110.10928802186808,352.68591053755404,45.89721356074568,True,109.17530337815677,351.6357822236799,106.8648114619,350.19031464625436,1.4053813682729401,4.093241625027051,True,TRACKING,LEFT + DOWN + FORWARD,LEFT + DOWN + FORWARD,-0.6660474641815626,-0.6559084749316623,True,True,True,distractors
175,True,0.884387208797569,6,112.77406271012381,353.6635049062732,45.722431864335455,True,111.86722906845311,352.5856146445014,109.36602026517656,351.3879646453779,1.4086144504754499,4.097906390526449,True,TRACKING,LEFT + DOWN + FORWARD,LEFT + DOWN + FORWARD,-0.6582311866713233,-0.6475810540308631,True,True,True,distractors
176,True,0.8876126781041,6,115.59244800888663,354.402691552897,45.541192422728614,True,114.73588676103248,353.2950319178462,112.05095351310452,352.3414982816121,1.400216782661312,4.097645783281582,True,TRACKING,LEFT + DOWN + FORWARD,LEFT + DOWN + FORWARD,-0.6498407702715484,-0.6387735999722293,True,True,True,distractors
177,True,0.8753998255306775,6,118.56235473042236,354.90204079388093,45.35357473353426,True,117.48616389381526,353.67423922529065,114.76855870345989,353.00786875345136,1.6326920740390196,4.240374513287867,True,TRACKING,LEFT + DOWN + FORWARD,LEFT + DOWN + FORWARD,-0.6413482540516878,-0.6294926414674301,True,True,True,distractors
178,True,0.8752189141856392,6,121.68158136853663,355.16058682255584,45.15966109207169,True,120.7597797081701,353.9514563106796,117.764169205815,353.4796625320655,1.5204324699915532,4.26281884707758,True,TRACKING,LEFT + DOWN + FORWARD,LEFT + DOWN + FORWARD,-0.6319869712318281,-0.619745058223323,True,True,True,distractors
179,True,0.8928031448442697,6,124.94781573048681,355.17782957712495,44.959536555272976,True,123.96492130145398,354.0829262718885,120.86454525363449,353.781294401977,1.4713581163134666,4.315484710036558,True,TRACKING,LEFT + DOWN + FORWARD,LEFT + DOWN + FORWARD,-0.6222982960823922,-0.6095380758422287,True,True,True,distractors
180,True,0.8906771940479805,6,128.35863665094536,354.9537357078483,44.7532889043741,True,127.35695082820224,353.75038302546756,124.11074804091837,353.76583871372225,1.5657050059565714,4.41085670951242,True,TRACKING,LEFT + DOWN + FORWARD,LEFT + DOWN + FORWARD,-0.6121539123721301,-0.5988792604657958,True,True,True,distractors
181,True,0.8869790082141771,6,131.91151578673882,354.4887386415455,44.54100860641133,True,130.8539260296348,353.3333916695835,127.48233703527659,353.54961519165283,1.5663086285764989,4.527645885727249,True,TRACKING,LEFT + DOWN + FORWARD,LEFT + DOWN + FORWARD,-0.6016176967647606,-0.5877765131664412,True,True,True,distractors
182,True,0.8754362008799879,6,135.6038194910355,353.7837377432917,44.322788774539276,True,134.72321664756194,352.7362078593892,131.10277684141926,353.142911525521,1.3684956067165364,4.546431916904357,True,TRACKING,LEFT + DOWN + FORWARD,LEFT + DOWN + FORWARD,-0.5903038223705648,-0.576238064090514,True,True,True,distractors
183,True,0.8714002742648179,6,139.4328107655931,352.8400965769281,44.098725127188416,True,138.5105869740016,351.7315584144852,134.8066819077104,352.43723497000315,1.441996386739449,4.643637118043265,True,TRACKING,LEFT + DOWN + FORWARD,LEFT + DOWN + FORWARD,-0.578729119038405,-0.5642724663575216,True,True,True,distractors
184,True,0.8827053444742236,6,143.39565128961524,351.65964026775134,43.868915946079866,True,142.45249481187403,350.5765586934945,138.62958835979222,351.5068968317488,1.4361789018084927,4.768509872934633,True,TRACKING,LEFT + DOWN + FORWARD,LEFT + DOWN + FORWARD,-0.5667825363756493,-0.5518885897199524,True,True,True,distractors
185,True,0.896969696969697,6,147.489403523718,350.2446519724825,43.633462033115705,True,146.74224119659672,349.2642989069549,142.68591477819447,350.38559786935184,1.232616597388925,4.805556146193237,True,TRACKING,LEFT + DOWN + FORWARD,LEFT + DOWN + FORWARD,-0.5541065163181422,-0.5390956139883812,True,True,True,distractors
186,True,0.8721114276669832,6,151.71103288744177,348.5978684633442,43.392466666164,True,150.78305563226854,347.58044125318355,146.73448520523152,348.9830195612677,1.3770620589116875,4.991429474764113,True,TRACKING,LEFT + DOWN + FORWARD,LEFT + DOWN + FORWARD,-0.5414547337336515,-0.5259030222267445,True,True,True,distractors
187,True,0.8743630573248408,6,156.05741000869932,346.72247483478475,43.146035553757656,True,155.25513560479115,345.7885868553342,150.99481040501132,347.38580320830096,1.2311746331566702,5.105871059708965,True,TRACKING,LEFT + DOWN + FORWARD,LEFT + DOWN + FORWARD,-0.5281412174843396,-0.5123205937228146,True,True,True,distractors
188,True,0.8689756575722921,6,160.52531304348923,344.6220983430905,42.89427678872721,True,159.65129510876397,343.64089023010183,155.32305275688765,345.5133467192014,1.314030711671607,5.278052269300899,True,TRACKING,LEFT + DOWN + FORWARD,LEFT + DOWN + FORWARD,-0.5146154601347261,-0.49835839673909615,True,True,True,distractors
189,True,0.8819721115537849,6,165.11143006415438,342.30080139079746,42.63730080078771,True,164.1782699406195,341.0642914459958,159.75066134875357,343.2888190825986,1.5491109255792512,5.451056794726329,True,TRACKING,LEFT + DOWN + FORWARD,LEFT + DOWN + FORWARD,-0.5007791832851451,-0.4840267810495176,True,True,True,distractors
190,True,0.8719350563286945,6,169.81236151442047,339.76307366947424,42.375220308100594,True,168.9814295386401,338.6807557146081,164.36604544369683,340.9847873986033,1.3644999464272258,5.58166132779167,True,TRACKING,LEFT + DOWN + FORWARD,LEFT + DOWN + FORWARD,-0.4863561079884474,-0.469336370267436,True,True,True,distractors
191,True,0.8668998833916375,6,174.62462272938762,337.01382347607205,42.108150267831796,True,173.69614490190295,335.98214929088465,169.0310951727999,338.483468344744,1.3879563035314677,5.78337328609524,True,TRACKING,LEFT + DOWN + FORWARD,LEFT + DOWN + FORWARD,-0.4717778275850003,-0.4542980539706637,True,True,True,distractors
192,True,0.8772444751381215,6,179.54464651861178,334.0583682196374,41.836207825727726,True,178.72887918197162,333.06019391773384,173.87998717738577,335.7718311312389,1.2891191894117433,5.918134892140695,True,TRACKING,LEFT + DOWN + FORWARD,LEFT + DOWN + FORWARD,-0.45662504007066945,-0.4389229796293382,True,True,True,distractors
193,True,0.8758249392150053,6,184.5687858103617,330.90242413674804,41.55951226473128,True,183.810998290942,329.87500418886765,178.84549273416388,332.8234176600533,1.2766493934870355,6.037077086855408,True,TRACKING,LEFT + DOWN + FORWARD,LEFT + DOWN + FORWARD,-0.4411078352057379,-0.4232225443426197,True,True,True,distractors
194,True,0.8705738705738706,6,189.6933163550862,327.55209523556465,41.27818495266038,True,188.8929626234851,326.5871948942526,183.86922767882447,329.70530627715294,1.253634222710891,6.209374098778229,True,TRACKING,LEFT + DOWN + FORWARD,LEFT + DOWN + FORWARD,-0.4254086635036735,-0.4072083863903556,True,True,True,distractors
195,True,0.8814721270070359,6,194.91443948609458,324.01386148988144,40.99234928897205,True,194.07491373360938,323.05683229813667,188.97207070621693,326.3810692876448,1.2730704469657144,6.39651619820166,True,TRACKING,LEFT + DOWN + FORWARD,LEFT + DOWN + FORWARD,-0.4094622790430721,-0.39089237660595444,True,True,True,distractors
196,True,0.883978905255501,6,200.22828493539686,320.2945663060108,40.70213065063535,True,199.38765406088697,319.2677060290038,194.17986238355195,322.8243876583243,1.327065294427544,6.556173536468328,True,TRACKING,LEFT + DOWN + FORWARD,LEFT + DOWN + FORWARD,-0.3931879300514002,-0.3742866095768848,True,True,True,distractors
197,True,0.8718783930510315,6,205.63091370262322,316.40140328674124,40.40765633713685,True,204.94478007419184,315.5707118883589,199.5623212288719,319.1975497733416,1.0774170758860264,6.681784925227603,True,TRACKING,LEFT + DOWN + FORWARD,LEFT + DOWN + FORWARD,-0.3763677461597753,-0.35740339467930243,True,True,True,distractors
198,True,0.8513219847881203,6,211.11832097489156,312.34190231796896,40.10905551464293,True,210.16230841868233,311.19038279944795,204.86231482377713,315.1939662863948,1.4966486592265313,6.875455028052664,True,TRACKING,LEFT + DOWN + FORWARD,LEFT + DOWN + FORWARD,-0.35980526617569647,-0.3402552469534639,True,True,True,distractors
199,True,0.8667042677194962,6,216.68643909545793,308.1239150049165,39.80645915934322,True,215.8656541198914,307.26003375155915,210.36398447183427,311.227000018977,1.191628631754899,7.042909134176503,True,TRACKING,LEFT + DOWN + FORWARD,LEFT + DOWN + FORWARD,-0.3426125485255179,-0.322854877826694,True,True,True,distractors
200,True,0.8672482457803906,6,222.33114057895563,303.75559948610066,39.50000000000001,True,221.57342865653857,302.81963062257967,215.96870656418642,307.02331532077835,1.204227997869898,7.152519372116059,True,TRACKING,LEFT + DOWN + FORWARD,LEFT + DOWN + FORWARD,-0.32509779198691746,-0.30521518569076367,True,True,True,distractors
201,True,0.8583633947218531,6,228.04824117097928,299.24540465442806,39.189812459729154,True,227.31135282121005,298.40052118740084,221.64002969269825,302.7119182540896,1.1210854172994802,7.2857320076304735,True,TRACKING,LEFT + DOWN + FORWARD,LEFT + DOWN + FORWARD,-0.30737490721031796,-0.28734924634068976,True,True,True,distractors
202,True,0.8555665024630542,6,233.83350294975196,294.60205381593204,38.87603259703765,True,232.9747785385478,293.6501489304088,227.30740411562303,298.1810335922492,1.2820025450368222,7.443054630466331,True,TRACKING,LEFT + DOWN + FORWARD,LEFT + DOWN + FORWARD,-0.289664362138678,-0.2692703032820251,True,True,True,distractors
203,True,0.8598650258038905,6,239.682637467576,289.83452781775895,38.558798046143764,True,238.92921598499942,288.930114457596,233.1183100503112,293.55557402492263,1.1771182848164126,7.545633128962836,True,TRACKING,LEFT + DOWN + FORWARD,LEFT + DOWN + FORWARD,-0.2715052810927775,-0.250991757913825,True,True,True,distractors
204,True,0.8543786155994415,6,245.59130892973374,284.9520476780363,38.23824795660623,True,244.8568870852232,284.1172117450466,238.9875985677672,288.8363928849846,1.1119021902600499,7.661405108169544,True,TRACKING,LEFT + DOWN + FORWARD,LEFT + DOWN + FORWARD,-0.2531637544757275,-0.23252715959458206,True,True,True,distractors
205,True,0.8536685902720528,6,251.55513740848812,279.9640567512206,37.914522932288605,True,250.76016557097637,279.08972485999516,244.8738820693718,283.9630588724899,1.1817091344534254,7.786603294915363,True,TRACKING,LEFT + DOWN + FORWARD,LEFT + DOWN + FORWARD,-0.2347691185332131,-0.2138901955984746,True,True,True,distractors
206,True,0.8503217770396513,6,257.56970208979635,274.88020246341375,37.58776496968576,True,256.8404070488955,273.92839414246714,250.85714455913364,278.9457265074785,1.199087293113309,7.847733071105655,True,TRACKING,LEFT + DOWN + FORWARD,LEFT + DOWN + FORWARD,-0.21607142325270737,-0.1950946809693864,True,True,True,distractors
207,True,0.8456081785937826,6,263.63054455033205,269.7103176529822,37.25811739563954,True,262.92139793086045,268.922070821768,256.8892712449971,273.93389866462326,1.060293353193944,7.955086570183676,True,TRACKING,LEFT + DOWN + FORWARD,LEFT + DOWN + FORWARD,-0.19722102735938413,-0.17615454828021235,True,True,True,distractors
208,True,0.854525627044711,6,269.73317206238636,264.46440155256226,36.92572480447086,True,268.8825840998402,263.4403851967008,262.88592767241863,268.68714193066205,1.3312059867279242,8.044643686129227,True,TRACKING,LEFT + DOWN + FORWARD,LEFT + DOWN + FORWARD,-0.17848147602369177,-0.15708383730504263,True,True,True,distractors
209,True,0.8592755214050494,6,275.8730609241957,259.1526004492385,36.59073299455592,True,275.1797419804742,258.41910739191076,269.03283482644645,263.5531246612864,1.0093082893106122,8.133468289060346,True,TRACKING,LEFT + FORWARD,LEFT + FORWARD,-0.15927239116735487,-0.13789668461188836,True,True,True,distractors
210,True,0.8458828709819463,6,282.045659813234,253.78518806029854,36.2532889043741,True,281.384204196178,252.9558554946768,275.20851951131226,258.2544900779816,1.0608091429355526,8.16830141666114,True,TRACKING,LEFT + FORWARD,LEFT + FORWARD,-0.1399733765271492,-0.11860731308364372,True,True,True,distractors
211,True,0.8635840809753853,6,288.24639315997473,248.3725456625211,35.91354054805601,True,287.4898210137997,247.4075693400738,281.34917026255596,252.8310297090277,1.22620582091744,8.21278050903782,True,TRACKING,LEFT + FORWARD,FORWARD,-0.12078384292951264,-0.09923002137507897,False,True,True,distractors
212,True,0.8510932105868815,6,294.4706645396287,242.92514201343175,35.57163695045952,True,293.80755537060156,242.0894252554677,287.57836281657876,247.4602274822477,1.066834696468853,8.250504424035068,True,TRACKING,LEFT + FORWARD,FORWARD,-0.10131761619819138,-0.0797791733136604,False,True,True,distractors
213,True,0.8308755760368663,6,300.71386007934314,237.4535131033567,35.22772808180254,True,300.01263417877834,236.4857509261898,293.7954984976785,241.97298920421875,1.1951072735021337,8.263739540965465,True,TRACKING,FORWARD,FORWARD,-0.08188906719475461,-0.0602691872520527,True,True,True,distractors
214,True,0.8468772606703642,6,306.9713518783304,231.96824177744233,34.881964791881146,True,306.27452401662316,231.13588479752585,300.0350112571508,236.5544370008723,1.0855354489223947,8.315407857732392,True,TRACKING,FORWARD,FORWARD,-0.062390589821403705,-0.04071452538021756,True,True,True,distractors
215,True,0.8412736995624697,6,313.2385014383982,226.47993726704965,34.53449874390192,True,312.549497350567,225.54910117367405,306.2922543038589,231.05176908727316,1.158094325078441,8.315767880749421,True,TRACKING,FORWARD,FORWARD,-0.042836705300440946,-0.021129683005005617,True,True,True,distractors
216,True,0.823943661971831,6,319.5106631023348,220.99921467011418,34.18548234795732,True,318.7988801452785,220.10734463276836,312.5455672245687,225.57955686002077,1.1410815665284644,8.336191886173953,True,TRACKING,FORWARD,FORWARD,-0.023295102423222858,-0.0015291778052038297,True,True,True,distractors
217,True,0.8287376675942322,6,325.7831874976001,215.53667442016013,33.83506869417373,True,325.1090703297834,214.81797602510673,318.82731877717606,220.19876644256374,0.9853737052497371,8.37372149531696,True,TRACKING,FORWARD,UP + FORWARD,-0.003664628821324811,0.018072460930000388,True,False,True,distractors
218,True,0.8280010238034298,6,332.0514249827721,210.1028817836785,33.48341148556099,True,331.24851474644595,209.19414385741567,325.037916761811,214.6964551499897,1.2126291544515229,8.383925920305641,True,TRACKING,UP + FORWARD,UP + FORWARD,0.01574348988065939,0.03766070307116287,True,True,True,distractors
219,True,0.8166196460630931,6,338.31072909419106,204.7083464255189,33.13066497059318,True,337.6115960771635,203.84152387110677,331.32475641948724,209.26898951054824,1.113628446267265,8.34285799715747,True,TRACKING,UP + FORWARD,UP + FORWARD,0.035389863810897634,0.057221028419347064,True,True,True,distractors
220,True,0.8321659482758621,6,344.5564599902503,199.3635020818263,32.77698387555012,True,343.9378232640035,198.61076262793,337.63128984174534,203.93987606923912,0.974334688140304,8.300673494266151,True,TRACKING,UP + FORWARD,UP + FORWARD,0.0550977807554542,0.07673893746953216,True,True,True,distractors
221,True,0.8306561393955895,6,350.7839878907759,194.07868637983157,32.42252333664937,True,350.19112685560054,193.32051282051282,343.911208348673,198.63019444487597,0.9624507016358087,8.243259325079665,True,TRACKING,UP + FORWARD,UP + FORWARD,0.07472252608960303,0.0961999621586747,True,True,True,distractors
222,True,0.8055705786911844,6,356.9886965089487,188.86412084353128,32.067438831998324,True,356.38055699705933,188.03661419592916,350.14588267286615,193.33340432040256,1.0269376406319581,8.173040804493596,True,TRACKING,UP + FORWARD,RIGHT + UP + FORWARD,0.09420588335270672,0.11558967659046467,False,True,True,distractors
223,True,0.8210017074558907,6,363.1659864732268,183.7298911239226,31.711886113396396,True,362.49117212872744,182.96510186005315,356.3185274007968,188.14925309022786,1.0199397127634864,8.14975189424983,True,TRACKING,RIGHT + UP + FORWARD,RIGHT + UP + FORWARD,0.11349539812749007,0.1348937077288337,True,True,True,distractors
224,True,0.8210586881472958,6,369.31127873672466,178.68592749203816,31.356021138017066,True,368.7273764486879,178.01393142376747,362.52295192474236,183.08159225699768,0.890236259509707,8.087227561543228,True,TRACKING,RIGHT + UP + FORWARD,RIGHT + UP + FORWARD,0.13288422476481987,0.15409774605226456,True,True,True,distractors
225,True,0.8006942435637836,6,375.4200179715298,173.74198563250468,31.000000000000004,True,374.7952540688284,172.92477326375945,368.65910299678535,178.00318276037856,1.028671954390147,7.991731493132389,True,TRACKING,RIGHT + UP + FORWARD,RIGHT + UP + FORWARD,0.1520596968649542,0.17318755616103054,True,True,True,distractors
226,True,0.8290964777947932,6,381.48767594543557,168.90762777477326,30.643978861982944,True,380.854138957502,168.12705047818102,374.7566209771437,173.0651166192798,1.0053208597433811,7.9114988768477215,True,TRACKING,RIGHT + UP + FORWARD,RIGHT + UP + FORWARD,0.1711144405535741,0.19214898732948615,True,True,True,distractors
227,True,0.8065204143814747,6,387.5097548785891,164.19220419851953,30.288113886603607,True,386.9325165305329,163.46719823674314,380.8445687538383,168.26615742801147,0.926734997223023,7.811645216832253,True,TRACKING,RIGHT + UP + FORWARD,RIGHT + UP + FORWARD,0.1901392773557447,0.2109679839955909,True,True,True,distractors
228,True,0.8050254452926209,6,393.48179077756595,159.60483514898084,29.932561168001683,True,392.8491171749599,158.8053772070626,386.8468429643991,163.53576731753702,1.0195140451855922,7.711988083317889,True,TRACKING,RIGHT + UP + FORWARD,RIGHT + UP + FORWARD,0.20889638426374724,0.2296305961798936,True,True,True,distractors
229,True,0.8073836276083467,6,399.3993567443995,155.15439319720986,29.577476663350637,True,398.76405725635226,154.37723443599754,392.80545011037566,158.95650087676728,1.0037834326397963,7.6115456712268985,True,TRACKING,RIGHT + UP + FORWARD,RIGHT + UP + FORWARD,0.22751703159492392,0.2481229898262484,True,True,True,distractors
230,True,0.7862179487179487,6,405.2580662581131,150.84948607936343,29.223016124449885,True,404.63365641241745,150.05225453013063,398.7195532613965,154.50437770344894,1.012652851916098,7.490686550112879,True,TRACKING,RIGHT + UP + FORWARD,RIGHT + UP + FORWARD,0.24599860394186415,0.2664314570566034,True,True,True,distractors
231,True,0.7904793831713041,6,411.0535764263207,146.69844004821732,28.869335029406827,True,410.4435095289464,145.9172959367134,404.58153139517145,150.21083682008117,0.9911446626044051,7.363714957018873,True,TRACKING,RIGHT + UP + FORWARD,RIGHT + UP + FORWARD,0.2643172856099108,0.28454242633225224,True,True,True,distractors
232,True,0.7814927389395474,6,416.78159120448845,142.7092837691037,28.516588514439007,True,416.1611234294161,141.95188470066518,410.3713274122938,146.08136076037317,0.97909836521915,7.243092234713758,True,TRACKING,RIGHT + UP + FORWARD,RIGHT + UP + FORWARD,0.2824103981634181,0.3024424725140264,True,True,True,distractors
233,True,0.773206392383543,6,422.43786458046895,138.88973279142468,28.164931305826276,True,421.8310575026551,138.21931421635563,416.10119245747444,142.1503374883644,0.9042543311937312,7.1263564732646705,True,TRACKING,RIGHT + UP + FORWARD,RIGHT + UP + FORWARD,0.30031622642960765,0.32011832681396546,True,True,True,distractors
234,True,0.7929547088425594,6,428.01820372194663,135.2471746257712,27.81451765204269,True,427.38389513108615,134.54439762796503,421.7425437942803,138.3473675581647,0.9467010600421261,6.999650258818602,True,TRACKING,RIGHT + UP + FORWARD,RIGHT + UP + FORWARD,0.317945449357126,0.33755688663108324,True,True,True,distractors
235,True,0.7683494450411744,6,433.5184720844637,131.78865445551384,27.46550125609809,True,432.96264367816093,131.13721264367817,427.3525937362206,134.74229010092142,0.8563420178064608,6.836813536374626,True,TRACKING,RIGHT + UP + FORWARD,RIGHT + UP + FORWARD,0.33547685542568945,0.35474522526394914,True,True,True,distractors
236,True,0.7555795536357092,6,438.9345924777218,128.5208615104955,27.118035208118854,True,438.36543209876544,127.81827160493827,432.85901291749303,131.28028085292985,0.9041991552554637,6.672860113929455,True,TRACKING,RIGHT + UP + FORWARD,RIGHT + UP + FORWARD,0.3526844153671657,0.37167060149288067,True,True,True,distractors
237,True,0.7871932515337423,6,444.2625500878851,125.4501161291885,26.772271918197468,True,443.7560606060606,124.75252525252525,438.3075367617768,128.01640305272755,0.8620699660715676,6.4844438688336625,True,TRACKING,RIGHT + UP + FORWARD,RIGHT + UP + FORWARD,0.3697110523805526,0.38832046902464085,True,True,True,distractors
238,True,0.7626146788990825,6,449.4983954536458,122.58235753433411,26.428363049540486,True,448.9803210771621,121.92672190574832,443.64392891946943,124.97156247923795,0.8356190142882385,6.323217430117677,True,TRACKING,RIGHT + UP + FORWARD,RIGHT + UP + FORWARD,0.386387277873342,0.4046824857926431,True,True,True,distractors
239,True,0.7474128018397853,6,454.6382473938465,119.9231323457096,26.086459451943995,True,454.1397534805356,119.28527090538263,448.89184120000255,122.12841669231028,0.8095451801252329,6.155035596486015,True,TRACKING,RIGHT + UP + FORWARD,RIGHT + UP + FORWARD,0.402787003750008,0.42074452310577026,True,True,True,distractors
240,True,0.7609577922077922,6,459.6782958844876,117.47758385224073,25.746711095625898,True,459.0847069597069,116.76456043956044,453.9882740798547,119.44648856593537,0.9277662413844093,6.0210409323311405,True,TRACKING,RIGHT + UP + FORWARD,RIGHT + UP + FORWARD,0.41871335649954594,0.4364946746390238,True,True,True,distractors
241,True,0.7486761710794297,6,464.61480488298776,115.2504420642097,25.40926700544408,True,464.09588268471515,114.57510810302688,459.0420783822849,117.01079833448112,0.8516784645551074,5.844153903681853,True,TRACKING,RIGHT + UP + FORWARD,RIGHT + UP + FORWARD,0.43450649494464033,0.45192126525933674,True,True,True,distractors
242,True,0.7280522662311147,6,469.4441150976048,113.24601456479648,25.074275195529147,True,468.94609557109555,112.54458041958041,463.99408697669026,114.77768937703077,0.8602518868677435,5.6611689825682205,True,TRACKING,RIGHT + UP + FORWARD,RIGHT + UP + FORWARD,0.44998152180215706,0.46701285968001505,True,True,True,distractors
243,True,0.7653508771929824,6,474.1626466999642,111.46817817865104,24.74188260436047,True,473.74851013110845,110.85905840286055,468.87129855389935,112.81837388994566,0.7365704303884967,5.460896781817304,True,TRACKING,RIGHT + UP + FORWARD,RIGHT + UP + FORWARD,0.46522280798093546,0.4817582709373882,True,True,True,distractors
244,True,0.7410166520595969,6,478.7669019786802,109.92037147360742,24.41223503031425,True,478.36748717948717,109.39764102564102,473.61939286669326,111.10800745779335,0.657859637799405,5.282738805669077,True,TRACKING,RIGHT + UP + FORWARD,RIGHT + UP + FORWARD,0.48006060270841644,0.49614656868337564,True,True,True,distractors
245,True,0.7220517316966243,6,483.253467932111,108.60558811004432,24.085477067711405,True,482.7782343025706,108.03655710071638,478.1988135846319,109.57228227925486,0.7413793173692748,5.146263517278798,True,TRACKING,RIGHT + UP + FORWARD,RIGHT + UP + FORWARD,0.49437129245197475,0.5101670872878469,True,True,True,distractors
246,True,0.7178899082568807,6,487.6190187983166,107.52637105075522,23.76175204339378,True,487.0953772869979,106.92486738118436,482.6470954358149,108.24857483021961,0.7975005309611392,5.02410193185436,True,TRACKING,RIGHT + UP + FORWARD,RIGHT + UP + FORWARD,0.5082721732369215,0.5238094337447393,True,True,True,distractors
247,True,0.7210060549604099,6,491.86031852035086,106.68480764252556,23.44120195385624,True,491.4084759029408,106.15554064631554,487.02778566937786,107.20205773826757,0.6959061029946213,4.860135946378281,True,TRACKING,RIGHT + UP + FORWARD,RIGHT + UP + FORWARD,0.5219618302168059,0.5370634953760964,True,True,True,distractors
248,True,0.7088014981273408,6,495.9742231450574,106.08252557893208,23.12396740296235,True,495.47215524170394,105.44425307153519,491.2499704555409,106.32315540490137,0.8120738718099834,4.73037696040706,True,TRACKING,RIGHT + UP + FORWARD,RIGHT + UP + FORWARD,0.5351561576735653,0.5499194473283044,True,True,True,distractors
249,True,0.7111220472440944,6,499.957683153591,105.72068975217002,22.810187540270846,True,499.4389638041164,105.07594038325053,495.3444671298287,105.69954789407595,0.8275092218467768,4.613264468904989,True,TRACKING,RIGHT + UP + FORWARD,RIGHT + UP + FORWARD,0.5479514597807146,0.5623677598549719,True,True,True,distractors
250,True,0.7016848364717542,6,503.80774572193855,105.6,22.5,True,503.35760458592506,105.08000975728746,499.35103585787687,105.3897788256817,0.6877622371486786,4.461665132498901,True,TRACKING,RIGHT + UP + FORWARD,RIGHT + UP + FORWARD,0.5604719870558652,0.5743992053810579,True,True,True,distractors
251,True,0.6868131868131868,6,507.5215569097612,105.72068975217002,22.19354084065679,True,506.9752337629517,105.06785443517816,503.16313481041425,105.22881663042993,0.851271362053088,4.386089643858908,True,TRACKING,RIGHT + UP + FORWARD,RIGHT + UP + FORWARD,0.5723847962825446,0.5860048653430038,True,True,True,distractors
252,True,0.7132978723404255,6,511.09636377593904,106.08252557893206,21.890944485357068,True,510.679363857894,105.49352314992944,506.92124933415414,105.3611698901797,0.7216736056006038,4.236972342569188,True,TRACKING,RIGHT + UP + FORWARD,RIGHT + UP + FORWARD,0.5841289041692317,0.5971761367998095,True,True,True,distractors
253,True,0.6861081654294804,6,514.529516419247,106.68480764252556,21.592343662863154,True,514.0736480232712,106.17360835647229,510.49744867871266,105.76738912332598,0.6849384676822676,4.135121159485893,True,TRACKING,RIGHT + UP + FORWARD,RIGHT + UP + FORWARD,0.595304527120977,0.6079047388101468,True,True,True,distractors
254,True,0.6784376672017122,6,517.8184699426491,107.52637105075513,21.29786934936466,True,517.3896636587367,106.93806398687448,513.9435561687246,106.35272655510023,0.7279972737137486,4.048752666875427,True,TRACKING,RIGHT + UP + FORWARD,RIGHT + UP + FORWARD,0.6060736130272645,0.6181827185707786,True,True,True,distractors
255,True,0.6645161290322581,6,520.9607863397587,108.60558811004432,21.00765071102796,True,520.4944915254238,108.01313559322034,517.2190238470741,107.18293107416028,0.7539435247859692,4.003091254694441,True,TRACKING,RIGHT + UP + FORWARD,RIGHT + UP + FORWARD,0.6163094495221066,0.6280024573117459,True,True,True,distractors
256,True,0.681350114416476,6,523.9541363020611,109.92037147360745,20.721815047339625,True,523.4418706293707,109.36713286713287,520.3304472382224,108.27503197064658,0.7539821450876113,3.9797317134937225,True,TRACKING,RIGHT + UP + FORWARD,RIGHT + UP + FORWARD,0.626032647619445,0.637356675943941,True,True,True,distractors
257,True,0.6685746994848312,6,526.7963009455633,111.46817817865107,20.440487735268725,True,526.3854213441101,110.90285885346505,523.3579342911662,109.5889454120558,0.6988619222129029,3.9184028686590158,True,TRACKING,RIGHT + UP + FORWARD,RIGHT + UP + FORWARD,0.6354935446598944,0.6462384404548853,True,True,True,distractors
258,True,0.6527220630372493,6,529.4851734555889,113.24601456479645,20.16379217427228,True,529.1259020420697,112.71933056962996,526.241918166618,111.15413799084288,0.6375515503366136,3.859359075039967,True,TRACKING,RIGHT + UP + FORWARD,RIGHT + UP + FORWARD,0.6445059942706812,0.6546411670487153,True,True,True,distractors
259,True,0.6758917589175891,6,532.0187606484984,115.25044206420965,19.891849732168208,True,531.6126682501979,114.72098178939034,528.927293208408,112.9375598901166,0.6672624810141956,3.8609059667877044,True,TRACKING,RIGHT + UP + FORWARD,RIGHT + UP + FORWARD,0.6528977912762748,0.6625586270265575,True,True,True,distractors
260,True,0.66852195423624,6,534.3951844491796,117.47758385224078,19.624779691899406,True,533.9153696498055,116.89688715953308,531.4213314291067,114.91722352482483,0.7532800877629194,3.924187405209212,True,TRACKING,RIGHT + UP + FORWARD,RIGHT + UP + FORWARD,0.6606916607159583,0.6699849514036863,True,True,True,distractors
261,True,0.6446637877853177,6,536.6126832832098,119.92313234570955,19.362699199212294,True,536.2274549098196,119.46993987975952,533.8243931694631,117.19358170229218,0.594797705828391,3.9019236888229663,True,TRACKING,RIGHT + UP + FORWARD,RIGHT + UP + FORWARD,0.6682012286545721,0.6769146352600306,True,True,True,distractors
262,True,0.6283240568954854,6,538.6696133826601,122.58235753433405,19.105723211272792,True,538.2865527360607,122.10063870188156,536.0554729527619,119.64711020208688,0.6154579534887689,3.9305733791258572,True,TRACKING,RIGHT + UP + FORWARD,RIGHT + UP + FORWARD,0.6751733529773809,0.683342541820813,True,True,True,distractors
263,True,0.6378627968337731,6,540.564450004574,125.45011612918844,18.853964446242344,True,540.1208732694356,124.95367412140575,538.0881731110987,122.30039216174632,0.665743935043634,4.006583123340769,True,TRACKING,RIGHT + UP + FORWARD,RIGHT + UP + FORWARD,0.6815255409721835,0.6892639062642939,True,True,True,distractors
264,True,0.6293845135671741,6,542.2957885612143,128.52086151049545,18.60753333383601,True,541.8881004366813,128.00018195050944,539.98813677389,125.15028705612788,0.6612993354544345,4.084853598842464,True,TRACKING,RIGHT + UP + FORWARD,RIGHT + UP + FORWARD,0.6874629274184063,0.6946743392537946,True,True,True,distractors
265,True,0.6206666666666667,6,543.8623456612445,131.78865445551378,18.36653796688431,True,543.4542372881356,131.22956685499057,541.7211870310127,128.18992695555923,0.6921931733702744,4.187529092286411,True,TRACKING,RIGHT + UP + FORWARD,RIGHT + UP + FORWARD,0.6928787094719148,0.6995698301913891,True,True,True,distractors
266,True,0.6105544422177689,6,545.2629600610686,135.2471746257713,18.131084053920144,True,544.8132100905065,134.68033891777392,543.2671985607597,131.43513293666658,0.7235867300341658,4.302874133133319,True,TRACKING,RIGHT + UP + FORWARD,RIGHT + UP + FORWARD,0.6977099955023739,0.7039467501908394,True,True,True,distractors
267,True,0.6203703703703703,6,546.4965935256287,138.88973279142442,17.901274872811584,True,546.0167064439141,138.381861575179,544.6419525023368,134.90849725592278,0.6987308376528911,4.392030249715728,True,TRACKING,RIGHT + UP + FORWARD,RIGHT + UP + FORWARD,0.7020061015698026,0.7078018547675896,True,True,True,distractors
268,True,0.5944798301486199,6,547.562331598018,142.70928376910362,17.677211225460727,True,547.1300713557594,142.15270132517838,545.8860119290481,138.53059929055058,0.7047218840956135,4.50238288063947,True,TRACKING,RIGHT + UP + FORWARD,RIGHT + UP + FORWARD,0.7058937872782753,0.7111322862438062,True,True,True,distractors
269,True,0.5995717344753747,6,548.4593842773411,146.69844004821724,17.45899139358867,True,548.0490746516947,146.15450197546267,546.9675432903714,142.34255063300662,0.6813388407320097,4.604276504288872,True,TRACKING,RIGHT + UP + FORWARD,RIGHT + UP + FORWARD,0.7092735727824107,0.7139355758666909,True,True,True,distractors
270,True,0.5894511760513186,5,549.18708660432,150.84948607936352,17.246711095625894,True,548.7454118651301,150.36939820742637,547.8564775777508,146.3559744202165,0.6523503200118936,4.686381057114081,True,TRACKING,RIGHT + UP + FORWARD,RIGHT + UP + FORWARD,0.7120514924304711,0.7162096456385001,True,True,True,distractors
271,True,0.5777777777777777,5,549.7448991542078,155.1543931972096,17.040463444727038,True,549.3256629410475,154.64738110891957,548.5910702593992,150.50167776456806,0.6578907660829267,4.793650176601964,True,TRACKING,RIGHT + UP + FORWARD,RIGHT + UP + FORWARD,0.7143470945606225,0.7179528098568995,True,True,True,distractors
272,True,0.5828835774865073,5,550.1324084366499,159.60483514898075,16.84033890792831,True,549.7397601267255,159.02670287395338,549.1654151930624,154.7641903192607,0.6988630929694541,4.93628588117012,True,TRACKING,RIGHT + UP + FORWARD,RIGHT + UP + FORWARD,0.7161419224783199,0.7191637763645311,True,True,True,distractors
273,True,0.6109785202863962,5,550.3493272021916,164.19220419851962,16.64642526646574,True,550.0029947016816,163.7307072103202,549.584204947372,159.24744876479045,0.576997115267194,5.003600540032591,True,TRACKING,RIGHT + UP + FORWARD,RIGHT + UP + FORWARD,0.7174506404605374,0.7198416475068488,True,True,True,distractors
274,True,0.5977653631284916,5,550.3954946552084,168.90762777477318,16.458807577271386,True,550.022695035461,168.46312056737588,549.8034499914165,163.85528466608315,0.5801432701600142,5.086913383560997,True,TRACKING,RIGHT + UP + FORWARD,RIGHT + UP + FORWARD,0.7181357812231767,0.7199859207975262,True,True,True,distractors
275,True,0.5751376868607396,5,550.270876573099,173.7419856325044,16.27756813566455,True,549.900606060606,173.28460606060605,549.8520280260113,168.5699453633446,0.5884694768734704,5.188972408021455,True,TRACKING,RIGHT + UP + FORWARD,RIGHT + UP + FORWARD,0.7182875875812854,0.7195964892909344,True,True,True,distractors
276,True,0.5551242236024845,5,549.9755653316533,178.68592749203808,16.10278643925432,True,549.502106567534,178.24188351920694,549.6770672967727,173.40591444127577,0.649105731856557,5.2884439009077004,True,TRACKING,RIGHT + UP + FORWARD,RIGHT + UP + FORWARD,0.7177408353024148,0.7186736416614167,True,True,True,distractors
277,True,0.5383373688458434,5,549.5097798365774,183.72989112392253,15.934539153069354,True,549.0663096148942,183.29329252741647,549.3716884558335,178.34960348434612,0.6223215985251067,5.382059486294671,True,TRACKING,RIGHT + UP + FORWARD,RIGHT + UP + FORWARD,0.7167865264244796,0.7172180619893045,True,True,True,distractors
278,True,0.5524360033030553,6,548.8738653612246,188.86412084353117,15.77290007592998,True,548.5007800312012,188.36167446697868,548.9362342435173,183.3556389756624,0.6258154878152108,5.5088349372728,True,TRACKING,RIGHT + UP + FORWARD,RIGHT + UP + FORWARD,0.7154257320109917,0.7152308292538269,True,True,True,distractors
279,True,0.5572263993316625,6,548.0682932906543,194.07868637983168,15.617940108077665,True,547.7129925452609,193.5926517571885,548.3246133943892,188.47414536642543,0.6020533814247682,5.610399269796347,True,TRACKING,RIGHT + UP + FORWARD,RIGHT + UP + FORWARD,0.7135144168574662,0.7127134165332947,True,True,True,distractors
280,True,0.545530492898914,6,547.0936607722083,199.36350208182603,15.469727220075786,True,546.7962962962963,198.87962962962962,547.5604548453427,193.67688749802753,0.5679420582497638,5.705741155308682,True,TRACKING,RIGHT + UP + FORWARD,RIGHT + UP + FORWARD,0.7111264213916961,0.7096676899131509,True,True,True,distractors
281,True,0.5345545378850958,6,545.9506902728621,204.7083464255188,15.328326422995493,True,545.5628279480806,204.18862192764428,546.5616413967116,198.9327547128359,0.6484988332108651,5.807815502178467,True,TRACKING,RIGHT + UP + FORWARD,RIGHT + UP + FORWARD,0.7080051293647237,0.706095907102694,True,True,True,distractors
282,True,0.5255230125523013,6,544.6402290436813,210.10288178367838,15.193799739899731,True,544.2709750566893,209.5824829931973,545.4163082267005,204.2576188530166,0.6380935731095332,5.896558116976767,True,TRACKING,RIGHT + UP + FORWARD,RIGHT + UP + FORWARD,0.7044259632084391,0.702000715761504,True,True,True,distractors
283,True,0.515970515970516,5,543.1632484917789,215.53667442016024,15.066206178637845,True,542.9964234620887,218.90319504053406,544.2063658443947,211.58040694677533,3.370651521283866,4.091472367289269,True,TRACKING,RIGHT + UP + FORWARD,RIGHT + UP + FORWARD,0.7006448932637334,0.6973851515368089,True,True,True,distractors
284,True,0.5201754385964912,5,541.520843460239,220.99921467011384,14.945601705962826,True,542.0024277737315,223.4918669579995,543.104396809063,217.5361369523874,2.538747502077269,3.8079585721991616,True,TRACKING,RIGHT + FORWARD,RIGHT + FORWARD,0.697201240028322,0.6922526358132469,True,True,True,distractors
285,True,0.5557620817843866,5,539.7142314165411,226.47993726704954,14.83203922298239,True,540.280339162692,227.29517753047162,541.6923679858776,222.41565724142953,0.9925193536433342,4.520110221399477,True,TRACKING,RIGHT + FORWARD,RIGHT + FORWARD,0.6927886499558674,0.686606973176691,True,True,True,distractors
286,True,0.562795089707271,5,537.7447515500869,231.96824177744247,14.725568541954855,True,538.5380021715526,231.99267100977198,540.1151850787151,227.20416412560076,0.7936266980438599,5.321220817295803,True,TRACKING,RIGHT + FORWARD,RIGHT + FORWARD,0.6878599533709846,0.6804523485940216,True,True,True,distractors
287,True,0.5471521942110178,5,535.613863779498,237.45351310335658,14.626236364439812,True,536.9573137574769,237.12098966829797,538.536249418096,232.16257689694936,1.3839904906445268,6.044364628391823,True,TRACKING,RIGHT + FORWARD,RIGHT + FORWARD,0.6829257794315499,0.6737933243109314,True,True,True,distractors
288,True,0.5227272727272727,5,533.3231476704196,242.9251420134314,14.534086260813273,True,535.6224165341812,241.7771595124536,537.0793329761386,236.96986820470147,2.5699223977417174,7.040895837025574,True,TRACKING,RIGHT + FORWARD,RIGHT + FORWARD,0.6783729155504332,0.6666348364700614,True,True,True,distractors
289,True,0.5111308993766697,5,530.8743012646345,248.372545662521,14.449158651156274,True,534.1294422827497,246.27237354085602,535.6043876294441,241.62112087277876,3.8738438260253445,8.24350979317085,True,TRACKING,RIGHT + FORWARD,RIGHT + FORWARD,0.6737637113420127,0.6589821914519828,True,True,True,distractors
290,True,0.5127504553734062,6,528.2691398213537,253.78518806029842,14.371490787525305,True,527.9157961380183,253.33206710984484,531.7600918837312,247.4765939913118,0.5746045199030384,7.210069724286348,True,TRACKING,RIGHT + FORWARD,RIGHT + FORWARD,0.6617502871366601,0.6508410619417304,True,True,True,distractors
291,True,0.5,6,525.5095944716172,259.15260044923843,14.301116737612292,True,525.1782273603083,258.6868978805395,528.4691596220198,253.08174593592565,0.5715619344830698,6.753835976782938,True,TRACKING,RIGHT + FORWARD,RIGHT + FORWARD,0.6514661238188119,0.6422174827238039,True,True,True,distractors
292,True,0.4990942028985507,6,522.597710786802,264.46440155256215,14.238067369801415,True,522.1504854368932,263.89579288025885,525.3098225294565,258.48876940809225,0.7234129773646841,6.562296063929603,True,TRACKING,RIGHT + FORWARD,RIGHT + DOWN + FORWARD,0.6415931954045515,0.6331178462087564,True,False,True,distractors
293,True,0.4914182475158085,6,519.5356472622992,269.7103176529819,14.182370339629198,True,519.1759349593495,269.250081300813,522.242878744403,263.86942535445263,0.5841322117047751,6.437788839400743,True,TRACKING,RIGHT + FORWARD,RIGHT + DOWN + FORWARD,0.6320089960762594,0.623548897694685,True,False,True,distractors
294,True,0.49592760180995477,6,516.3256737174835,274.88020246341364,14.134050077653878,True,515.9415605615409,274.3764283382305,519.092219652972,269.12292684634156,0.6335071315875132,6.387487686414783,True,TRACKING,RIGHT + DOWN + FORWARD,RIGHT + DOWN + FORWARD,0.6221631864155374,0.6135177303671359,True,True,True,distractors
295,True,0.488245931283906,6,512.9701696131616,279.96405675122054,14.093127778739355,True,512.5665008291874,279.47893864013264,515.8293602410797,274.3009327432371,0.631100680447053,6.343969150033193,True,TRACKING,RIGHT + DOWN + FORWARD,RIGHT + DOWN + FORWARD,0.6119667507533741,0.60303178004113,True,True,True,distractors
296,True,0.4904805077062557,6,509.4716222877468,284.9520476780364,14.059621392758428,True,509.1640159045726,284.44234592445326,512.4966880728261,279.3716393338452,0.5953297947988819,6.347596418486009,True,TRACKING,RIGHT + DOWN + FORWARD,RIGHT + DOWN + FORWARD,0.6015521502275817,0.5920988196492087,True,True,True,distractors
297,True,0.4877384196185286,6,505.8326251134664,289.83452781775867,14.033545616719383,True,505.4748081414748,289.44377711044376,508.98574810715047,284.4077082221445,0.5298293128096496,6.276348901761372,True,TRACKING,RIGHT + DOWN + FORWARD,RIGHT + DOWN + FORWARD,0.5905804628348452,0.5807269534795825,True,True,True,distractors
298,True,0.48501362397820164,6,502.0558755739697,294.6020538159319,14.014911888319407,True,501.6327626720376,294.1923464249748,505.309255389594,289.3000273235597,0.5889691621691958,6.220608101345797,True,TRACKING,RIGHT + DOWN + FORWARD,RIGHT + DOWN + FORWARD,0.5790914230924813,0.5689246111686552,True,True,True,distractors
299,True,0.4841053587647593,6,498.14417326476143,299.2454046544281,14.003728380927626,True,497.71975806451616,298.72983870967744,501.51450672705505,294.01493301661856,0.6677847748982428,6.222297100025541,True,TRACKING,RIGHT + DOWN + FORWARD,RIGHT + DOWN + FORWARD,0.567232833522047,0.5567005414523795,True,True,True,distractors
0,True,0.8580750407830342,0,409.7219860679131,230.39999999999998,14.0,True,409.3933197000681,229.99318336741646,409.3933197000681,229.99318336741646,0.5229926901009473,0.5229926901009473,True,TRACKING,RIGHT + FORWARD,RIGHT + FORWARD,0.2793541240627128,0.2803812064622285,True,True,True,occlusion
1,True,0.866231647634584,0,415.4659554431149,235.88722116606954,14.003728380927626,True,415.215249662618,235.4207152496626,412.30428468134306,232.70694930853955,0.5296047190284753,4.484449920964698,True,TRACKING,RIGHT + FORWARD,RIGHT + FORWARD,0.28845088962919707,0.2983311107597341,True,True,True,occlusion
2,True,0.8711256117455138,0,421.13915865897377,241.36382932953273,14.014911888319407,True,420.75092312856657,240.9217858341725,416.52760390495484,236.81436757135603,0.5883275268596947,6.477965694446585,True,TRACKING,RIGHT + FORWARD,RIGHT + FORWARD,0.30164876220298387,0.31605987080929304,True,True,True,occlusion
3,True,0.8760195758564437,0,426.737390333572,246.81923201471687,14.033545616719383,True,426.4547881214548,246.4918251584918,421.4911960132048,241.6530963649239,0.43250347951981716,7.362846759176465,True,TRACKING,RIGHT + FORWARD,RIGHT + FORWARD,0.31715998754126495,0.3335543447924126,True,True,True,occlusion
4,True,0.8694942903752039,0,432.2565006592334,252.24287776011445,14.059621392758427,True,431.7681451612903,251.74395161290323,426.6296705872476,246.69852398891356,0.6981535595714334,7.899435131655512,True,TRACKING,RIGHT + FORWARD,RIGHT + FORWARD,0.33321772058514865,0.3508015645601043,True,True,True,occlusion
5,True,0.8794788273615635,0,437.69239847865555,257.6242765262885,14.093127778739355,True,437.3210978835979,257.2258597883598,431.9753842354227,251.96219188863668,0.5446099787480299,8.04633172950629,True,TRACKING,RIGHT + FORWARD,RIGHT + FORWARD,0.34992307573569603,0.3677887452457986,True,True,True,occlusion
6,True,0.8907014681892332,0,443.04105431756693,262.9530199849791,14.134050077653876,True,442.61198428290766,262.4548133595285,437.29368425916516,257.2085026240826,0.6575035637054808,8.125991773184031,True,TRACKING,RIGHT + FORWARD,RIGHT + FORWARD,0.3665427633098911,0.38450329474239664,True,True,True,occlusion
7,True,0.8972267536704731,0,448.29850337166016,268.2188016501702,14.182370339629198,True,447.9580078125,267.755859375,442.6258460358326,262.4821809995413,0.574676235760216,8.067704614011358,True,TRACKING,RIGHT + FORWARD,RIGHT + DOWN + FORWARD,0.3832057688619768,0.400932823036438,True,False,True,occlusion
8,True,0.9102773246329527,0,453.4608484455864,273.4114368121798,14.238067369801415,True,453.0784502081332,272.9321165545949,447.85214812198285,267.70714877706814,0.6131690805467443,7.999776328592466,True,TRACKING,RIGHT + DOWN + FORWARD,RIGHT + DOWN + FORWARD,0.3995379628811964,0.41706515139245753,True,True,True,occlusion
9,True,0.8726114649681529,0,458.52426284183474,278.5208822362191,14.301116737612292,True,458.16428344455034,278.02414998411183,453.00821578326656,272.86564938058996,0.613455863736596,7.8999008730316405,True,TRACKING,RIGHT + DOWN + FORWARD,RIGHT + DOWN + FORWARD,0.415650674322708,0.4328883213807336,True,True,True,occlusion
10,True,0.9096774193548387,0,463.4849931973521,283.53725558732106,14.371490787525303,True,463.10714285714283,283.14943609022555,458.05767932020467,278.00754273540775,0.5414562234600848,7.748126234496443,True,TRACKING,RIGHT + DOWN + FORWARD,RIGHT + DOWN + FORWARD,0.4314302478756396,0.44839060374172524,True,True,True,occlusion
11,True,0.9429037520391517,0,468.3393622658033,288.4508545440668,14.449158651156274,True,467.9511893728761,287.9817732468335,463.0044343465404,282.9946579911206,0.6088640720370309,7.630959096215378,True,TRACKING,RIGHT + DOWN + FORWARD,RIGHT + DOWN + FORWARD,0.4468888573329387,0.4635605070806353,True,True,True,occlusion
12,True,0.9461663947797716,0,473.08377164340726,293.25217556414293,14.534086260813272,True,472.79359211337027,292.794516327788,467.89901322995536,287.8945871594543,0.5419004855814891,7.4555665995224105,True,TRACKING,RIGHT + DOWN + FORWARD,RIGHT + DOWN + FORWARD,0.4621844163436105,0.4783867863856477,True,True,True,occlusion
13,True,0.9142857142857143,0,477.7147044363307,297.93193226543406,14.62623636443981,True,477.273519687406,297.34385332131046,472.5862664586807,292.6192202403824,0.7351740115137765,7.384157714440504,True,TRACKING,RIGHT + DOWN + FORWARD,RIGHT + DOWN + FORWARD,0.47683208268337723,0.4928584513635334,True,True,True,occlusion
14,True,0.9624796084828712,0,482.2287278676595,302.481073387099,14.725568541954857,True,481.88445251058675,301.9869933454325,477.2353594846337,297.30310679290744,0.6021964870876653,7.193404330299049,True,TRACKING,RIGHT + DOWN + FORWARD,RIGHT + DOWN + FORWARD,0.4913604983894803,0.5069647745864359,True,True,True,occlusion
15,True,0.9196850393700787,0,486.62249582201724,306.8908002958915,14.83203922298239,True,486.2721388643718,306.4283612827302,481.7537491745028,301.8657340378188,0.5801722491331119,6.99685535192088,True,TRACKING,RIGHT + DOWN + FORWARD,RIGHT + DOWN + FORWARD,0.5054804661703212,0.5206952994438039,True,True,True,occlusion
16,True,0.9371069182389937,0,490.89275132594446,311.15258400386665,14.945601705962822,True,490.40299366724236,310.6761658031088,486.0783714208726,306.2709499204638,0.6832546130621524,6.856282169995635,True,TRACKING,RIGHT + DOWN + FORWARD,RIGHT + DOWN + FORWARD,0.5189949106902269,0.5340398478935764,True,True,True,occlusion
17,True,0.8829337094499294,0,495.0363289621986,315.25818166455787,15.066206178637843,True,494.51535836177476,314.68941979522185,490.2968648913237,310.4801848578428,0.7712978870167846,6.729916282101375,True,TRACKING,RIGHT + DOWN + FORWARD,RIGHT + DOWN + FORWARD,0.5321777027853866,0.5469885280068706,True,True,True,occlusion
18,True,0.8956276445698167,0,499.05015721618696,319.19965251571875,15.193799739899726,True,498.55228483319314,318.64564059433695,494.4245748622584,314.56291272608985,0.7448530853672407,6.549455549105072,True,TRACKING,RIGHT + DOWN + FORWARD,RIGHT + DOWN + FORWARD,0.5450767964445575,0.5595317413005843,True,True,True,occlusion
19,True,0.9055007052186178,0,502.93126075279145,322.9693732377946,15.328326422995492,True,502.4250484898863,322.4017733444167,498.42481167607235,318.4823430352533,0.7605396071725408,6.359365009148368,True,TRACKING,RIGHT + DOWN + FORWARD,RIGHT + DOWN + FORWARD,0.5575775364877261,0.5716601898524732,True,True,True,occlusion
20,True,0.8914835164835165,0,506.6767626218993,326.5600526984185,15.469727220075786,True,506.2208931419458,326.06539074960125,502.3228524090091,322.27386689242724,0.6726867223014898,6.109658166001615,True,TRACKING,RIGHT + DOWN + FORWARD,RIGHT + DOWN + FORWARD,0.5697589137781535,0.5833648831934353,True,True,True,occlusion
21,True,0.9523141654978962,0,510.28388639100257,329.96474605441364,15.617940108077669,True,509.8876755070203,329.49375975039004,506.1052639580147,325.88381332140864,0.6154763709224242,5.840795956783732,True,TRACKING,RIGHT + DOWN + FORWARD,RIGHT + DOWN + FORWARD,0.5815789498687959,0.594637144971883,True,True,True,occlusion
22,True,0.9350828729281768,0,513.7499582032876,333.17686818402774,15.77290007592998,True,513.3651282051281,332.65384615384613,509.7351960815714,329.26882973762736,0.6493428767136226,5.602774258571446,True,TRACKING,RIGHT + DOWN + FORWARD,RIGHT + DOWN + FORWARD,0.5929224877549106,0.6054686193852739,True,True,True,occlusion
23,True,0.9559228650137741,0,517.0724087596885,336.1902064234184,15.93453915306935,True,516.6182634730538,335.6706586826347,513.1767297773126,332.469744210131,0.6900563718464565,5.386850082768632,True,TRACKING,RIGHT + DOWN + FORWARD,RIGHT + DOWN + FORWARD,0.603677280554102,0.6158512773740267,True,True,True,occlusion
24,True,0.9096612296110415,0,520.248775223434,338.99893258275677,16.10278643925432,True,519.8003421309872,338.5476539589443,516.4885359541499,335.5086990845376,0.6361954375122721,5.130412189518198,True,TRACKING,RIGHT + DOWN + FORWARD,RIGHT + DOWN + FORWARD,0.6140266748567186,0.6257774225732312,True,True,True,occlusion
25,True,0.915527950310559,0,523.2767030456769,341.5976142187083,16.27756813566454,True,522.8427179852696,341.0282727488714,519.6656269697098,338.26848591670455,0.7158859838918153,4.911513583165994,True,TRACKING,RIGHT + DOWN + FORWARD,RIGHT + DOWN + FORWARD,0.6239550842803432,0.6352396970177402,True,True,True,occlusion
26,True,0.9461152882205514,0,526.153947710854,343.9812251414874,16.458807577271386,True,525.7816011235955,343.42930711610484,522.7236140466526,340.8488965164047,0.6657743520032148,4.64528488504913,True,TRACKING,RIGHT + DOWN + FORWARD,RIGHT + DOWN + FORWARD,0.6335112938957895,0.6442310865964188,True,True,True,occlusion
27,True,0.9408866995073891,0,528.8783764004808,346.1451551361657,16.646425266465744,True,528.3637395053323,345.58089403222147,525.5436767759925,343.2148952743131,0.7637026432273394,4.439216647511902,True,TRACKING,RIGHT + DOWN + FORWARD,RIGHT + DOWN + FORWARD,0.6423239899249765,0.6527449262515024,True,True,True,occlusion
28,True,0.9592592592592593,0,531.4479695741472,348.0852188794295,16.84033890792831,True,530.9335570469799,347.496644295302,528.2386169114861,345.35576978480753,0.7816906608035532,4.213055526985427,True,TRACKING,RIGHT + DOWN + FORWARD,RIGHT + DOWN + FORWARD,0.6507456778483942,0.6607749049192101,True,True,True,occlusion
29,True,0.9001109877913429,0,533.860822466546,349.79766403454204,17.04046344472703,True,533.4130718954249,349.280174291939,530.8258444034554,347.3179720383732,0.6843071003859732,3.9191790261870443,True,TRACKING,RIGHT + DOWN + FORWARD,RIGHT + DOWN + FORWARD,0.6588307637607983,0.6683150702079562,True,True,True,occlusion
30,True,0.93007769145394,0,536.1151464994192,351.27917850885314,17.246711095625894,True,535.6565592756369,350.6887765845441,533.2412018395462,349.00337431145863,0.7475805468604446,3.6659027064136733,True,TRACKING,RIGHT + DOWN + FORWARD,RIGHT + DOWN + FORWARD,0.6663787557485819,0.675359832810685,True,True,True,occlusion
31,True,0.9150326797385621,0,538.2092706073807,352.5268968598189,17.458991393588665,True,537.7472753444375,351.9249434505449,535.4942385919919,350.46415888100177,0.758806648572999,3.4097341265619234,True,TRACKING,RIGHT + DOWN + FORWARD,RIGHT + DOWN + FORWARD,0.6734194955999747,0.6819039706480648,True,True,True,occlusion
32,True,0.9265658747300216,0,540.1416424766278,353.53840583714197,17.677211225460724,True,539.7334929184121,353.0051865150608,537.613865755202,351.7346726980313,0.671497511024663,3.1053354714922423,True,TRACKING,RIGHT + DOWN + FORWARD,RIGHT + DOWN + FORWARD,0.6800433304850063,0.6879426327394619,True,True,True,occlusion
33,True,0.9502164502164502,0,541.9108296956272,354.31174905031276,17.901274872811584,True,541.4272603007224,353.71392306190194,539.5205630279622,352.7242978799666,0.7689182480003425,2.8693859902047647,True,TRACKING,RIGHT + DOWN + FORWARD,RIGHT + DOWN + FORWARD,0.686001759462382,0.6934713427988349,True,True,True,occlusion
34,True,0.906496062992126,0,543.5155208169205,354.84543075252463,18.13108405392014,True,543.0650360257869,354.3543799772469,541.2927995268745,353.53933892860675,0.6663838315442233,2.5780546514239173,True,TRACKING,RIGHT + DOWN + FORWARD,RIGHT + DOWN + FORWARD,0.691539998521483,0.6984860025528764,True,True,True,occlusion
35,True,0.9306243805748265,0,544.9545263292617,355.1384187336433,18.366537966884298,True,544.4702247191011,354.4876404494382,542.8815121229878,354.01348968902244,0.8112092361389351,2.3585701717025533,True,TRACKING,RIGHT + DOWN + FORWARD,RIGHT + DOWN + FORWARD,0.6965047253843369,0.7029828947789429,True,True,True,occlusion
36,True,0.963402571711177,0,546.2267795393684,355.19014631663623,18.607533333836002,True,545.7738159553394,354.629749684855,544.3276640391637,354.32161968693873,0.720569492393435,2.0882955225761535,True,TRACKING,RIGHT + DOWN + FORWARD,RIGHT + DOWN + FORWARD,0.7010239501223865,0.7069586860605263,True,True,True,occlusion
37,True,0.9571984435797666,0,547.3313373626303,355.0005134536001,18.853964446242344,True,546.7840769903762,354.43552055993,545.5558705147699,354.3785701234344,0.7865817725687245,1.8812485305745146,True,TRACKING,RIGHT + DOWN + FORWARD,RIGHT + DOWN + FORWARD,0.7048620953586561,0.7104104292582196,True,True,True,occlusion
38,True,0.9106984969053935,0,548.2673810221906,354.5698869192663,19.10572321127279,True,547.7189942235813,353.9317023445464,546.6374323691756,354.1551362339904,0.8414318940350856,1.6818890398603639,True,TRACKING,RIGHT + DOWN + FORWARD,RIGHT + DOWN + FORWARD,0.7082419761536738,0.7133355656943458,True,True,True,occlusion
39,True,0.9345711759504863,0,549.0342166558819,353.8990996016108,19.362699199212294,True,548.5678583250578,353.31247931148624,547.6026453471168,353.7338077727383,0.7494087386165493,1.4410821630883797,True,TRACKING,RIGHT + DOWN + FORWARD,RIGHT + DOWN + FORWARD,0.7112582667097399,0.715731927049631,True,True,True,occlusion
40,True,0.9297484822202949,0,549.6312758305658,352.98944889094037,19.62477969189941,True,549.1157961986902,352.3762977160198,548.3592207729034,353.05505274437905,0.8010453259242251,1.2737456321064713,True,TRACKING,RIGHT + DOWN + FORWARD,RIGHT + DOWN + FORWARD,0.7136225649153232,0.717597736970518,True,True,True,occlusion
41,True,0.94229112833764,0,550.0581159634966,351.8426941705694,19.891849732168208,True,549.5704739704739,351.22952602952597,548.9648473716886,352.1422893869525,0.7834346702500227,1.133575541158743,True,TRACKING,RIGHT + DOWN + FORWARD,RIGHT + DOWN + FORWARD,0.7155151480365269,0.7189316123859267,True,True,True,occlusion
42,True,0.9180588703261734,0,550.3144206503947,350.46105341394355,20.163792174272277,True,549.7500378960133,349.81961497650445,549.357442633851,350.98095218172847,0.8543834984756377,1.089082941236482,True,TRACKING,RIGHT + DOWN + FORWARD,RIGHT + DOWN + FORWARD,0.7167420082307843,0.7197325645324835,True,True,True,occlusion
43,True,0.9421094369547978,0,550.399999899988,348.8471988947888,20.440487735268725,True,549.9097711267606,348.2158157276995,549.6336068803057,349.598383954714,0.7993553363703172,1.073143631986194,True,TRACKING,RIGHT + DOWN + FORWARD,RIGHT + DOWN + FORWARD,0.7176050215009553,0.7199999996874624,True,True,True,occlusion
44,True,0.9549407114624506,0,550.3147902748469,347.00425201858525,20.721815047339625,True,549.7881660203934,346.3021686054861,549.7108864503496,347.95027628010007,0.877641284539236,1.1223465296499155,True,TRACKING,RIGHT + DOWN + FORWARD,RIGHT + DOWN + FORWARD,0.7178465201573424,0.7197337196088966,True,True,True,occlusion
45,True,0.9184268026219956,0,550.0588549384092,344.93577728536087,21.007650711027956,True,549.4683824546838,344.3384530233845,549.5896344525167,346.1443646517423,0.839913107400103,1.29647648901089,True,TRACKING,RIGHT + DOWN + FORWARD,RIGHT + DOWN + FORWARD,0.7174676076641149,0.7189339216825289,True,True,True,occlusion
46,True,0.9117647058823529,0,549.632383608158,342.64577539548316,21.29786934936466,True,549.0449392712551,341.96585695006746,549.3172868618859,344.0551108009049,0.8985432328918599,1.4441302726854455,True,TRACKING,RIGHT + DOWN + FORWARD,RIGHT + DOWN + FORWARD,0.7166165214433935,0.7176011987754937,True,True,True,occlusion
47,True,0.9593318809005084,0,549.03569241499,340.1386755117814,21.59234366286315,True,548.5394632991319,339.4980268350434,548.9283750805089,341.7765688179742,0.8103542820467408,1.6414053407830862,True,TRACKING,RIGHT + DOWN + FORWARD,RIGHT + DOWN + FORWARD,0.7154011721265903,0.7157365387968436,True,True,True,occlusion
48,True,0.981159420289855,0,548.2692236688772,337.4193266929678,21.89094448535706,True,547.7238643634037,336.8450415866922,548.3261197219563,339.3108052023332,0.7919723198171266,1.892334038230878,True,TRACKING,RIGHT + DOWN + FORWARD,RIGHT + DOWN + FORWARD,0.7135191241311134,0.7133413239652413,True,True,True,occlusion
49,True,0.926829268292683,0,547.3335455309943,334.4929885149238,22.193540840656787,True,546.7712126842562,333.7520128824477,547.5486662031062,336.53140904239046,0.930195204483482,2.049740264123068,True,TRACKING,RIGHT + DOWN + FORWARD,RIGHT + DOWN + FORWARD,0.711089581884707,0.7104173297843573,True,True,True,occlusion
50,True,0.951878707976269,0,546.2293515925583,331.3653208979934,22.5,True,545.70666184797,330.6820864956029,546.6276640255381,333.6067477689967,0.8602405580461683,2.2765428202258624,True,TRACKING,RIGHT + DOWN + FORWARD,RIGHT + DOWN + FORWARD,0.7082114500798067,0.7069667237267445,True,True,True,occlusion
51,True,0.9492847854356307,0,544.9574603606886,328.0423731599582,22.810187540270842,True,544.3896912058236,327.3252318891628,545.5086776156809,330.4659898290797,0.9146876054118775,2.48550965016131,True,TRACKING,RIGHT + DOWN + FORWARD,RIGHT + DOWN + FORWARD,0.7047146175490028,0.7029920636271519,True,True,True,occlusion
52,True,0.9048473967684022,0,543.5188146516716,324.53057231586575,23.12396740296235,True,542.9285633162975,323.8082907438955,544.2186204659893,327.1371402864876,0.9327847061989831,2.69887472166167,True,TRACKING,RIGHT + DOWN + FORWARD,RIGHT + DOWN + FORWARD,0.7006831889562164,0.6984962957864738,True,True,True,occlusion
53,True,0.9404690318701142,0,541.914480892078,320.83671064734347,23.441201953856233,True,541.3766821089786,320.2154202514891,542.7976512874839,323.6762802689883,0.8217233640855846,2.9737426895226724,True,TRACKING,RIGHT + DOWN + FORWARD,RIGHT + DOWN + FORWARD,0.6962426602733871,0.6934827527877439,True,True,True,occlusion
54,True,0.9569120287253142,0,540.1456483282515,316.96793256543805,23.761752043393763,True,539.5798969072165,316.2970360824742,541.1887740973502,319.98665817573124,0.8775971520329385,3.1938715817010976,True,TRACKING,RIGHT + DOWN + FORWARD,RIGHT + DOWN + FORWARD,0.6912149190542195,0.6879551510257859,True,True,True,occlusion
55,True,0.928053541550474,0,538.213628144755,312.9317207923918,24.085477067711395,True,537.6195391512877,312.2443957877176,539.404156624319,316.11552698172443,0.9084918239639945,3.3991145776342395,True,TRACKING,RIGHT + DOWN + FORWARD,RIGHT + DOWN + FORWARD,0.6856379894509967,0.6819175879523595,True,True,True,occlusion
56,True,0.9423503325942351,0,536.1198524924273,308.73588188907945,24.41223503031425,True,535.569807497467,308.0553191489362,537.486982060893,312.0854230653303,0.8750515069138676,3.6177989646155075,True,TRACKING,RIGHT + DOWN + FORWARD,RIGHT + DOWN + FORWARD,0.6796468189402904,0.6753745390388353,True,True,True,occlusion
57,True,0.9537190082644628,0,533.865873426771,304.3885311561002,24.74188260436047,True,533.2163898774219,303.6879201265322,535.3516859691574,307.88667159593126,0.9553453279456091,3.8006085628349107,True,TRACKING,RIGHT + DOWN + FORWARD,RIGHT + DOWN + FORWARD,0.672974018653617,0.6683308544586595,True,True,True,occlusion
58,True,0.9229984701682815,0,531.4533617574582,299.8980769377259,25.07427519552914,True,530.8956480153037,299.297656623625,533.1236669922305,303.59216410977814,0.8194810380801907,4.05415831117,True,TRACKING,RIGHT + DOWN + FORWARD,RIGHT + DOWN + FORWARD,0.6660114593507203,0.6607917554920568,True,True,True,occlusion
59,True,0.944416114227435,0,528.8841058098076,295.27320435906455,25.409267005444086,True,528.3776531089294,294.5323048153342,530.7506600505799,299.06223446255615,0.8974555544017925,4.223834023598775,True,TRACKING,RIGHT + DOWN + FORWARD,RIGHT + DOWN + FORWARD,0.6585958126580621,0.6527628306556487,True,True,True,occlusion
60,True,0.9382219989954796,0,526.1600100991509,290.5228585278941,25.746711095625894,True,525.5551604668125,289.82904814004377,528.1529102586962,294.44564130129993,0.920443334501862,4.399985878755248,True,TRACKING,RIGHT + DOWN + FORWARD,RIGHT + DOWN + FORWARD,0.6504778445584257,0.6442500315598465,True,True,True,occlusion
61,True,0.9184347006129184,0,523.2830939190701,285.65622723365493,26.086459451943984,True,522.6183626354111,284.90863079381995,525.3856364470537,289.67713604755994,1.00038398444239,4.537443418018412,True,TRACKING,RIGHT + DOWN + FORWARD,RIGHT + DOWN + FORWARD,0.6418301138970428,0.635259668497094,True,True,True,occlusion
62,True,0.9417566932832315,0,520.2554898445534,280.6827231770651,26.428363049540486,True,519.675506350841,279.97476828012356,522.5305713989474,284.82595216384175,0.9151945088790105,4.726768718269382,True,TRACKING,RIGHT + DOWN + FORWARD,RIGHT + DOWN + FORWARD,0.6329080356217105,0.6257984057642293,True,True,True,occlusion
63,True,0.9402224281742354,0,517.0794421511795,275.6119657647273,26.772271918197468,True,516.4611459640317,274.8779590129652,519.4958586814896,279.8519555884035,0.9597166699988844,4.880223617093138,True,TRACKING,RIGHT + DOWN + FORWARD,RIGHT + DOWN + FORWARD,0.623424558379655,0.6158732567224359,True,True,True,occlusion
64,True,0.9244211446046309,0,513.7573051514995,270.45376250393974,27.118035208118854,True,513.1587107303142,269.7460628314973,516.3272847059019,274.7990092099504,0.9269056626482411,5.048362491555315,True,TRACKING,RIGHT + DOWN + FORWARD,RIGHT + DOWN + FORWARD,0.6135227647059434,0.6054915785984359,True,True,True,occlusion
65,True,0.9480122324159022,0,510.2915414498546,265.2180900336958,27.465501256098094,True,509.6511609414758,264.4545960559796,512.9892228236888,269.626802632965,0.9964989962465476,5.1685811958106225,True,TRACKING,RIGHT + DOWN + FORWARD,RIGHT + DOWN + FORWARD,0.6030913213240275,0.5946610670307957,True,True,True,occlusion
66,True,0.944969905417025,0,506.68472011691733,259.9150748285608,27.81451765204268,True,506.0831403427513,259.224795429983,509.53618158322,264.42579903147396,0.9156330448310995,5.33642814329542,True,TRACKING,RIGHT + DOWN + FORWARD,RIGHT + FORWARD,0.5923005674475625,0.5833897503653667,True,False,True,occlusion
67,True,0.9271765663140765,0,502.9395147853138,254.55497361274735,28.16493130582626,True,502.3001812415043,253.82034435885816,505.9181814123622,259.12307169516606,0.9738724356453596,5.4534369864966115,True,TRACKING,RIGHT + FORWARD,RIGHT + FORWARD,0.5809943169136318,0.5716859837041056,True,True,True,occlusion
68,True,0.9543416225030574,0,499.0587016677374,249.1481535222705,28.516588514439,True,498.47945205479454,248.4085285019885,502.1988167335784,253.7658000985773,0.93945478056242,5.584172501848369,True,TRACKING,RIGHT + FORWARD,RIGHT + FORWARD,0.5693713022924325,0.5595584427116794,True,True,True,occlusion
69,True,0.9475160256410257,0,495.04515749902157,243.70507205355244,28.869335029406827,True,494.4203520824388,242.93180191784742,498.3095844080086,248.34880100821238,0.9941471276246951,5.676328183647047,True,TRACKING,RIGHT + FORWARD,RIGHT + FORWARD,0.557217451275027,0.5470161171844424,True,True,True,occlusion
70,True,0.9402814758463294,0,490.9018574037004,238.2362568372583,29.22301612444989,True,490.27403846153845,237.51052118171683,494.29181143477354,242.92966109496462,0.9596087045569899,5.789631409601551,True,TRACKING,RIGHT + FORWARD,RIGHT + FORWARD,0.5446619107336673,0.5340683043865637,True,True,True,occlusion
71,True,0.9319804584742578,0,486.63187269063326,232.75228527648298,29.577476663350634,True,485.87963534169575,231.85530193981765,490.08572338823467,237.39248151739113,1.1706579924947356,5.784505665608766,True,TRACKING,RIGHT + FORWARD,RIGHT + FORWARD,0.5315178855882333,0.5207246021582289,True,True,True,occlusion
72,True,0.9753974261922785,0,482.2383685763333,227.2637640886715,29.93256116800167,True,481.648853439681,226.51498836822861,485.8672884139578,231.9537349428099,0.9529916976904791,5.92999880274626,True,TRACKING,RIGHT + FORWARD,RIGHT + FORWARD,0.5183352762936181,0.5069949018010416,True,True,True,occlusion
73,True,0.9348441926345609,0,477.72460183868304,221.78130879084213,30.288113886603607,True,477.1156675128555,220.96882119377725,481.4914779634066,226.46127806829355,1.0153507317943429,6.007617512533709,True,TRACKING,RIGHT + FORWARD,RIGHT + FORWARD,0.5046608686356457,0.4928893807458845,True,True,True,occlusion
74,True,0.955689471818504,0,473.0939184027793,216.31552316778948,30.64397886198293,True,472.3670813397129,215.44025518341306,476.9292796515598,220.9507666258533,1.1377109302108994,6.0162677653318015,True,TRACKING,RIGHT + FORWARD,RIGHT + FORWARD,0.49040399891112435,0.47841849500868533,True,True,True,occlusion
75,True,0.9618213660245184,0,468.34975086069494,210.87697876297918,30.999999999999996,True,467.7493506493507,210.12764378478664,472.33931515045526,215.53920520531997,0.9601996268094707,6.136202296355011,True,TRACKING,RIGHT + UP + FORWARD,RIGHT + UP + FORWARD,0.4760603598451727,0.4635929714396717,True,True,True,occlusion
76,True,0.94701766077974,0,463.4956159269976,205.47619443180196,31.35602113801707,True,462.8257135945815,204.6190130624093,467.5825143725184,210.07910913386462,1.0879012064569067,6.155449833965442,True,TRACKING,RIGHT + UP + FORWARD,RIGHT + UP + FORWARD,0.46119535741412,0.4484237997718674,True,True,True,occlusion
77,True,0.9443529799143892,0,458.53511183191097,200.12361599673318,31.71188611339639,True,457.808391029055,199.33676548908218,462.6954527007867,204.70793731147342,1.0711007640246972,6.1906734740268154,True,TRACKING,RIGHT + UP + FORWARD,RIGHT + UP + FORWARD,0.4459232896899584,0.4329222244747218,True,True,True,occlusion
78,True,0.9248987223434092,0,453.4719156540498,194.82959604374696,32.06743883199833,True,452.7682291666667,193.96024305555557,457.7318409337267,199.3340901835145,1.1184584438426248,6.1997928065081656,True,TRACKING,RIGHT + UP + FORWARD,RIGHT + UP + FORWARD,0.4304120029178959,0.4170997364189056,True,True,True,occlusion
79,True,0.9453246349798073,0,448.3097805947084,189.6043738990632,32.42252333664936,True,447.70839660311566,188.8079973004893,452.7201187684212,194.0710437420019,0.9979370682062948,6.277118948397119,True,TRACKING,RIGHT + UP + FORWARD,RIGHT + UP + FORWARD,0.4147503711513162,0.40096806435846377,True,True,True,occlusion
80,True,0.9633084577114428,0,443.0525331957199,184.45805582495217,32.7769838755501,True,442.28591167854967,183.5442436301332,447.5030152234854,188.80764368606754,1.192795572589135,6.222998058896223,True,TRACKING,RIGHT + UP + FORWARD,RIGHT + UP + FORWARD,0.3984469225733919,0.38453916623662465,True,True,True,occlusion
81,True,0.9369316515107069,0,437.70407050295177,179.40059547290363,33.13066497059317,True,437.07786907255246,178.6801997744482,442.29044214801894,183.74392173025785,0.9545146378066859,6.316588307345889,True,TRACKING,RIGHT + UP + FORWARD,RIGHT + UP + FORWARD,0.3821576317125592,0.36782522032172427,True,True,True,occlusion
82,True,0.9545321208565561,0,432.26835717753806,174.441774631964,33.48341148556099,True,431.59479397196753,173.6180840973759,436.94261805999326,178.68100291381688,1.0640270150087585,6.310290898438223,True,TRACKING,RIGHT + UP + FORWARD,RIGHT + UP + FORWARD,0.36544568143747896,0.35083861617980644,True,True,True,occlusion
83,True,0.9445567427086341,0,426.74942255698994,169.59118430947856,33.83506869417374,True,426.05627772619414,168.80620035076856,431.4994478930937,173.74360163229272,1.0472103761379397,6.30914497506871,True,TRACKING,RIGHT + UP + FORWARD,RIGHT + UP + FORWARD,0.3484357746659178,0.33359194549059357,True,True,True,occlusion
84,True,0.9348965517241379,0,421.15135766836477,164.85820618083025,34.18548234795732,True,420.41236591783036,163.9765735681036,425.95590690546203,168.86008760019814,1.150384662267866,6.252899188886212,True,TRACKING,RIGHT + UP + FORWARD,RIGHT + UP + FORWARD,0.33111220907956884,0.3160979927136399,True,True,True,occlusion
85,True,0.96,0,415.4783121957053,160.25199444405413,34.534498743901906,True,414.9127031019202,159.52072870507138,420.4343050036911,164.19040815263475,0.9244799770586694,6.330321259836877,True,TRACKING,RIGHT + UP + FORWARD,RIGHT + UP + FORWARD,0.31385720313653476,0.2983697256115791,True,True,True,occlusion
86,True,0.947468698965705,0,409.7344914039985,155.78145811442164,34.881964791881146,True,409.067501334498,154.90939971854223,414.75090316909456,159.54990393558847,1.0978896113162124,6.274198825671998,True,TRACKING,RIGHT + UP + FORWARD,RIGHT + UP + FORWARD,0.29609657240342047,0.2804202856374953,True,True,True,occlusion
87,True,0.9320010381520892,0,403.9241530219341,151.45524379324212,35.227728081802525,True,403.13960032431913,150.4764153193113,408.94525174670684,155.01315962744988,1.2544433493437193,6.153876622684336,True,TRACKING,RIGHT + UP + FORWARD,RIGHT + UP + FORWARD,0.2779539117084589,0.26226297819354405,True,True,True,occlusion
88,True,0.9486114715805866,0,398.05160408577296,147.2817189442054,35.57163695045952,True,397.2502108518414,146.30334551588416,403.09773129927413,150.65825257166702,1.2646919311185387,6.07160433429387,True,TRACKING,RIGHT + UP + FORWARD,RIGHT + UP + FORWARD,0.25968041031023165,0.2439112627680405,True,True,True,occlusion
89,True,0.9738206324520476,0,392.12119774666564,143.26895570961457,35.91354054805602,True,391.48464163822524,142.48377701934015,397.2911864687497,146.57101479550357,1.01079634687401,6.134523420215973,True,TRACKING,RIGHT + UP + FORWARD,RIGHT + UP + FORWARD,0.24153495771484276,0.22537874295833013,True,True,True,occlusion
90,True,0.9479397976807303,0,386.13733004378685,139.42471529780786,36.2532889043741,True,385.501804089269,138.70666844848324,391.39649527900934,142.6388416219934,0.9588975527608962,6.163556359699761,True,TRACKING,RIGHT + UP + FORWARD,RIGHT + UP + FORWARD,0.2231140477469042,0.2066791563868339,True,True,True,occlusion
91,True,0.9544783464566929,0,380.1044366456779,135.75643297196757,36.590732994555914,True,379.4677220756376,134.89322779243622,385.43210867732347,138.76603470721483,1.0726269741486694,6.118969838263788,True,TRACKING,RIGHT + UP + FORWARD,RIGHT + UP + FORWARD,0.20447533961663583,0.18782636451774337,True,True,True,occlusion
92,True,0.9693100908421312,0,374.02698956221434,132.27120366934997,36.92572480447086,True,373.33178134161057,131.36864114502498,379.381945009467,135.0673379261199,1.1392688797254877,6.041019336498061,True,TRACKING,RIGHT + UP + FORWARD,RIGHT + UP + FORWARD,0.18556857815458444,0.1688343423819198,True,True,True,occlusion
93,True,0.9436291637549499,0,367.90949382963333,128.97576827874988,37.25811739563952,True,367.2348196942826,128.13470146102523,373.3083823518748,131.60101969357257,1.0782293729948016,6.003327599475072,True,TRACKING,RIGHT + UP + FORWARD,RIGHT + UP + FORWARD,0.16658869484960875,0.14971716821760417,True,True,True,occlusion
94,True,0.9473562152133581,0,361.7564841710811,125.87650060274066,37.58776496968575,True,360.9858333333333,124.917375,367.14710784260404,128.2591973467863,1.2303758106993448,5.893731190177312,True,TRACKING,RIGHT + UP + FORWARD,RIGHT + UP + FORWARD,0.14733471200813764,0.1304890130346285,True,True,True,occlusion
95,True,0.952183908045977,0,355.5725216351525,122.97939502990786,37.914522932288605,True,354.8914671877544,122.11130109102751,361.01928751517926,125.1852492189069,1.1033685907445017,5.876482898379634,True,TRACKING,RIGHT + UP + FORWARD,RIGHT + UP + FORWARD,0.1281852734849352,0.11116413010985156,True,True,True,occlusion
96,True,0.9463771327276757,0,349.3621902149176,120.29005494091783,38.23824795660623,True,348.65050020008,119.37711084433772,354.8348938576296,122.28118003162231,1.157570559706832,5.823664163375697,True,TRACKING,RIGHT + UP + FORWARD,UP + FORWARD,0.10885904330509248,0.09175684442161743,False,True,True,occlusion
97,True,0.9581950895819509,0,343.13009344994,117.81368187084831,38.558798046143764,True,342.43461659581163,116.98964729963784,348.6347552267206,119.63541366563007,1.0782954275977852,5.79827629635465,True,TRACKING,UP + FORWARD,UP + FORWARD,0.08948361008350184,0.07228154203106243,True,True,True,occlusion
98,True,0.9540983606557377,0,336.8808510138055,115.55506544873937,38.87603259703764,True,336.2351080246913,114.80366512345678,342.434931625706,117.21953939454343,0.9907504513372173,5.798127711576323,True,TRACKING,UP + FORWARD,UP + FORWARD,0.07010916133033121,0.05275265941814222,True,True,True,occlusion
99,True,0.9381400208986416,0,330.6190952896916,113.5185741338256,39.18981245972916,True,330.00091168091166,112.6985754985755,336.21792165330885,114.95905744655946,1.0269122338234198,5.781163276037136,True,TRACKING,UP + FORWARD,UP + FORWARD,0.05068100516659015,0.03318467278028621,True,True,True,occlusion
100,True,0.9489966555183946,0,324.34946793651534,111.70814676636483,39.5,True,323.58909924122906,110.70381639245736,329.90351044726896,112.8314369195084,1.2596983975239817,5.666495299513418,True,TRACKING,UP + FORWARD,UP + FORWARD,0.03094847014771549,0.013592087301610434,True,True,True,occlusion
101,True,0.9640317858636553,0,318.07661644820485,110.12728494940677,39.80645915934321,True,317.32793671915425,109.1871442300584,323.6157235832116,111.00929057478339,1.201826072636201,5.608889531474015,True,TRACKING,UP + FORWARD,UP + FORWARD,0.011299136197536263,-0.006010573599359859,True,True,True,occlusion
102,True,0.9406830437387658,0,311.8051907086471,108.77904627623514,40.10905551464295,True,311.0804085624253,107.97055308051722,317.3480660728185,109.4899218276503,1.0858040371098476,5.588274452130803,True,TRACKING,UP + FORWARD,UP + FORWARD,-0.00828729352244224,-0.025608779035477803,True,True,True,occlusion
103,True,0.9433399602385686,0,305.53983954486256,107.66603841658286,40.40765633713685,True,304.8655146506386,106.66430539157811,311.10679036172854,108.0771136096142,1.207552531509634,5.582107506285649,True,TRACKING,UP + FORWARD,UP + FORWARD,-0.027791280119598305,-0.0451880014223045,True,True,True,occlusion
104,True,0.9637738853503185,0,299.2852072809638,106.79041407305792,40.70213065063534,True,298.5684806299655,105.95922098010264,304.83763549584705,107.01816729485842,1.0975331657985417,5.557097318877209,True,TRACKING,UP + FORWARD,UP + FORWARD,-0.04738238907547796,-0.06473372724698816,True,True,True,occlusion
105,True,0.9647245342845818,0,293.0459302954522,106.1538668175356,40.99234928897204,True,292.15240287368346,105.10183441445211,298.4950191847653,106.06000085465527,1.3802765775707073,5.449897296520624,True,TRACKING,UP + FORWARD,UP + FORWARD,-0.06720306504760849,-0.0842314678267119,True,True,True,occlusion
106,True,0.9475185396463206,0,286.82663358440374,105.75762781556901,41.27818495266037,True,286.14581621473565,104.87951930977815,292.32041769975046,105.46976008221671,1.1111196329756934,5.501320908467476,True,TRACKING,UP + FORWARD,LEFT + UP + FORWARD,-0.0864986946882798,-0.10366677004873832,False,True,True,occlusion
107,True,0.9488679245283019,0,280.6319273330937,105.60246344515407,41.559512264731275,True,279.9185604147729,104.71295828704172,286.1194890572617,105.09135918462921,1.1402244456522521,5.511312116155329,True,TRACKING,LEFT + UP + FORWARD,LEFT + UP + FORWARD,-0.10587659669605713,-0.12302522708408219,True,True,True,occlusion
108,True,0.9585062240663901,0,274.46640349859854,105.68867381445445,41.836207825727726,True,273.6966307098149,104.70182447729391,279.9080598835383,104.89659183096157,1.251567721142549,5.499001553039368,True,TRACKING,LEFT + UP + FORWARD,LEFT + UP + FORWARD,-0.1252873128639429,-0.14229248906687958,True,True,True,occlusion
109,True,0.940814479638009,0,268.33463240591095,106.01609218135306,42.108150267831796,True,267.5197467690087,105.12986288788295,273.71390332627345,105.01322735942226,1.2039273075373496,5.471955179433026,True,TRACKING,LEFT + UP + FORWARD,LEFT + UP + FORWARD,-0.14464405210539547,-0.16145427373152826,True,True,True,occlusion
110,True,0.9531814895155459,0,262.2411593600896,106.58408527595314,42.37522030810058,True,261.47185895572994,105.806257870774,267.5928811410017,105.40974261509814,1.0940011811674077,5.479051624632953,True,TRACKING,LEFT + UP + FORWARD,LEFT + UP + FORWARD,-0.1637722464343696,-0.18049637699971993,True,True,True,occlusion
111,True,0.9607239819004525,0,256.1905012769553,107.39155452540503,42.63730080078771,True,255.38413615928064,106.36326268464995,261.48850865014117,105.88650264987405,1.306755069921628,5.5076368139494685,True,TRACKING,LEFT + UP + FORWARD,LEFT + UP + FORWARD,-0.18284841046830885,-0.19940468350951476,True,True,True,occlusion
112,True,0.9706840390879479,0,250.1871433348323,108.43693817868945,42.89427678872721,True,249.33053781886335,107.36529114647861,255.40952323450227,106.62589689817634,1.3719330784097106,5.527487886571927,True,TRACKING,LEFT + UP + FORWARD,LEFT + UP + FORWARD,-0.2018452398921804,-0.21816517707864902,True,True,True,occlusion
113,True,0.9474866125410261,0,244.23553564981432,109.71821432724808,43.146035553757656,True,243.59287911268524,108.88041755988442,249.50120117359376,107.75315722903038,1.0558933886144657,5.620381019786389,True,TRACKING,LEFT + UP + FORWARD,LEFT + UP + FORWARD,-0.2203087463325195,-0.23676395109433024,True,True,True,occlusion
114,True,0.9540507859733979,0,238.34008997702216,111.23290481561892,43.392466666164,True,237.57816645073723,110.35798013449318,243.5396838121655,109.05556868176177,1.1601813037406938,5.6370709318102925,True,TRACKING,LEFT + UP + FORWARD,LEFT + UP + FORWARD,-0.23893848808698284,-0.25518721882180573,True,True,True,occlusion
115,True,0.9486871460442766,0,232.5051764402968,112.97808003451266,43.633462033115705,True,231.62540178161447,111.92598034713932,237.58254279688998,110.49077451445055,1.371465348534436,5.653878126489447,True,TRACKING,LEFT + UP + FORWARD,LEFT + UP + FORWARD,-0.2575545537597188,-0.2734213236240725,True,True,True,occlusion
116,True,0.9609856262833676,0,226.73512029275255,114.95036458705961,43.86891594607986,True,226.0440960019224,114.04869183863507,231.8133193994062,112.26973317654281,1.1360142234007349,5.74228969365593,True,TRACKING,LEFT + UP + FORWARD,LEFT + UP + FORWARD,-0.27558337687685563,-0.2914527490851483,True,True,True,occlusion
117,True,0.941747572815534,0,221.03419871059162,117.14594381726862,44.098725127188416,True,220.2698866172663,116.22191470999611,226.04160300833627,114.24582394326947,1.1991675308688712,5.786604624876002,True,TRACKING,LEFT + UP + FORWARD,LEFT + UP + FORWARD,-0.29361999059894917,-0.30926812902940115,True,True,True,occlusion
118,True,0.9487095183297715,0,215.40663762255716,119.5605711880696,44.322788774539276,True,214.6439668641844,118.61920344329471,220.34278493626033,116.43251369328209,1.2115444344222197,5.843825287709703,True,TRACKING,LEFT + UP + FORWARD,LEFT + UP + FORWARD,-0.31142879707418647,-0.3268542574295089,True,True,True,occlusion
119,True,0.9562284021721245,0,209.85660857737366,122.18957649467166,44.54100860641134,True,209.05348455541878,121.14793974561864,214.69813474583955,118.79022671945037,1.315300464387784,5.915737868959119,True,TRACKING,LEFT + UP + FORWARD,LEFT + UP + FORWARD,-0.3290683289192514,-0.3441980981957073,True,True,True,occlusion
120,True,0.967948717948718,0,204.38822565149854,125.02787489734851,44.7532889043741,True,203.6581752014557,124.07027120700113,209.17815497364762,121.43024896322575,1.2041505252146427,5.990520450933808,True,TRACKING,LEFT + UP + FORWARD,LEFT + UP + FORWARD,-0.3463182657073512,-0.36128679483906706,True,True,True,occlusion
121,True,0.9697465249386754,0,199.00554239947587,128.06997675618354,44.95953655527297,True,198.28293114267782,127.17639340521421,203.7305430581627,124.30332118421998,1.1491989530019664,6.042625705965507,True,TRACKING,LEFT + UP + FORWARD,LEFT + UP + FORWARD,-0.3633420529432415,-0.3781076800016379,True,True,True,occlusion
122,True,0.9404181732432008,0,193.71254884915302,131.30999824875013,45.15966109207169,True,192.841118037173,130.2610935587624,198.28583054766784,127.2822073714912,1.3636688413051006,6.094095900533639,True,TRACKING,LEFT + UP + FORWARD,LEFT + UP + FORWARD,-0.38035677953853797,-0.3946482848463968,True,True,True,occlusion
123,True,0.9465433453519361,0,188.51316854398843,134.74167275019303,45.35357473353425,True,187.71523327712197,133.88434513771782,193.0005319123949,130.5832762546045,1.1712008048245635,6.117899264832604,True,TRACKING,LEFT + UP + FORWARD,LEFT + UP + FORWARD,-0.39687333777376593,-0.4108963483000362,True,True,True,occlusion
124,True,0.9573966357490961,0,183.4112556346419,138.3583629536999,45.541192422728614,True,182.52214022140222,137.21455328189646,187.76133606689856,133.89891476825048,1.4487328198710177,6.229757449998396,True,TRACKING,LEFT + UP + FORWARD,LEFT + UP + FORWARD,-0.41324582479094196,-0.4268398261417441,True,True,True,occlusion
125,True,0.9647854110988838,0,178.41059202200398,142.15307370791885,45.72243186433546,True,177.59790869251677,141.0355300382759,182.67962237970767,137.46722240326318,1.381795226357884,6.338913364634265,True,TRACKING,LEFT + UP + FORWARD,LEFT + UP + FORWARD,-0.4291261800634135,-0.44246689993123756,True,True,True,occlusion
126,True,0.9604484584241669,0,173.5148845537817,146.1184655464961,45.89721356074568,True,172.8055077452668,145.25415949512336,177.74256506248724,141.36069094919327,1.1181414968144086,6.364723214911146,True,TRACKING,LEFT + UP + FORWARD,LEFT + UP + FORWARD,-0.44455448417972737,-0.45776598576943217,True,True,True,occlusion
127,True,0.9438490566037736,0,168.7277622767192,150.24686888356223,46.06546084693065,True,167.90941259731068,149.27157166966083,172.82598882989896,145.31613130942705,1.2731460455233998,6.411523524574802,True,TRACKING,LEFT + UP + FORWARD,LEFT + UP + FORWARD,-0.45991878490656574,-0.4727257428852525,True,True,True,occlusion
128,True,0.9524886877828054,0,164.05277374649046,154.53029884771328,46.22709992407002,True,163.32560831180015,153.7218992248062,168.07579857084954,149.51901526711663,1.0873267768820203,6.426328023262355,True,TRACKING,LEFT + UP + FORWARD,LEFT + UP + FORWARD,-0.47476312946609517,-0.4873350820422173,True,True,True,occlusion
129,True,0.9572830188679246,0,159.4933843972572,158.960470725795,46.38205989192233,True,158.62146938118613,158.12073174002842,163.34863397601782,153.81987350357252,1.21053598024449,6.425627526993417,True,TRACKING,LEFT + UP + FORWARD,LEFT + UP + FORWARD,-0.4895355188249443,-0.5015831737585713,True,True,True,occlusion
130,True,0.9526955999399309,0,155.05297397284193,163.52881598662125,46.53027277992422,True,154.24075556267007,162.48601995624566,158.79469476934395,158.1529467299091,1.3217875422280223,6.549843111421721,True,TRACKING,LEFT + UP + FORWARD,LEFT + UP + FORWARD,-0.5037665788458001,-0.515459456334869,True,True,True,occlusion
131,True,0.958796992481203,0,150.7348340214223,168.22649885363145,46.67167357700451,True,149.80375893877766,167.11672913842145,154.2992268540608,162.63483793416526,1.4486164538341477,6.6311060995621425,True,TRACKING,LEFT + UP + FORWARD,LEFT + UP + FORWARD,-0.51781491608106,-0.5289536436830553,True,True,True,occlusion
132,True,0.9533213644524237,0,146.5421654556004,173.04443339443833,46.806200260100276,True,145.72137131973653,171.83588604079043,150.01029908689867,167.23536198747786,1.4609208464108778,6.7655939499579585,True,TRACKING,LEFT + UP + FORWARD,LEFT + UP + FORWARD,-0.5312178153534417,-0.5420557329512488,True,True,True,occlusion
133,True,0.9587396849212303,0,142.47807617965918,177.97330109420656,46.93379382136216,True,141.43662829165012,176.53597988619822,145.7234636892744,171.88567093683804,1.7749664668463714,6.898679657765625,True,TRACKING,LEFT + UP + FORWARD,LEFT + UP + FORWARD,-0.5446141759710175,-0.554756011938565,True,True,True,occlusion
134,True,0.94148244473342,0,138.5455787857629,183.0035688788792,47.05439829403718,True,137.7616772408031,181.85882875120754,141.74257046503874,176.8722498440228,1.3874190398333566,6.91475443559288,True,TRACKING,LEFT + UP + FORWARD,LEFT + UP + FORWARD,-0.5570544672967539,-0.5670450662944909,True,True,True,occlusion
135,True,0.937003323219188,0,134.7475883208083,188.12550755338762,47.16796077701761,True,133.81912043900027,187.02936204520037,137.7808454520195,181.9508059446116,1.4365192594142793,6.879504980844534,True,TRACKING,LEFT + UP + FORWARD,LEFT + UP + FORWARD,-0.5694348579624391,-0.578913786497474,True,True,True,occlusion
136,True,0.9550642970668979,0,131.0869201255856,193.32921061918603,47.27443145804514,True,130.23560290257836,192.41441510987596,134.00822417729893,187.18261052724378,1.2496366824171854,6.805491169109039,True,TRACKING,LEFT + UP + FORWARD,LEFT + UP + FORWARD,-0.5812242994459409,-0.590353374607545,True,True,True,occlusion
137,True,0.9370146678170836,0,127.56628774784699,198.60461343471385,47.37376363556019,True,126.67349040813698,197.4989571263036,130.34085729271794,192.3407838267737,1.4211132826487336,6.8508245866197095,True,TRACKING,LEFT + UP + FORWARD,LEFT + UP + FORWARD,-0.5926848209602564,-0.6013553507879782,True,True,True,occlusion
138,True,0.9475509319462505,0,124.18830093083213,203.94151268172754,47.46591373918673,True,123.2201820706681,202.7549503677416,126.78051968169302,197.54786709725767,1.531399442463322,6.899152260395911,True,TRACKING,LEFT + UP + FORWARD,LEFT + UP + FORWARD,-0.6038108759947093,-0.6119115595911496,True,True,True,occlusion
139,True,0.9502961999711025,0,120.95546367874057,209.32958609985076,47.550841348843726,True,120.07014176774655,208.1389784533497,123.42533072471979,202.84342277530368,1.4836918325558417,6.940501271342993,True,TRACKING,LEFT + UP + FORWARD,LEFT + UP + FORWARD,-0.6142958414852506,-0.6220141760039357,True,True,True,occlusion
140,True,0.9561529614721104,0,117.870172400586,214.75841245117476,47.6285092124747,True,117.00518925518925,213.67574786324786,120.21525998995452,208.25958531927577,1.3857699851603718,6.90899340657644,True,TRACKING,LEFT + UP + FORWARD,LEFT + UP + FORWARD,-0.6243273125313922,-0.6316557112481688,True,True,True,occlusion
141,True,0.9672769208591611,0,114.934714133807,220.21749167629386,47.6988832623877,True,114.13804611650485,219.20092536407768,117.17665305322969,213.73025534167672,1.291544423132614,6.863710758736772,True,TRACKING,LEFT + UP + FORWARD,LEFT + FORWARD,-0.6338229592086572,-0.6408290183318531,True,False,True,occlusion
142,True,0.9610744039069233,0,112.15126484895215,225.69626520279206,47.76193263019859,True,111.27098175938558,224.71646202819463,114.22381740630763,219.22335868493568,1.3171608021529062,6.796616282526801,True,TRACKING,LEFT + FORWARD,LEFT + FORWARD,-0.6430505706052887,-0.6495272973470245,True,True,True,occlusion
143,True,0.9571817270514106,0,109.52188783669615,231.18413636690178,47.817629660370805,True,108.65423976608186,230.14791288566244,111.43902858619475,224.68563578529904,1.3515074093442838,6.775392126104526,True,TRACKING,LEFT + FORWARD,LEFT + FORWARD,-0.6517530356681414,-0.6577441005103245,True,True,True,occlusion
144,True,0.9472027471741308,0,107.04853217838203,236.67049090883515,47.865949922346125,True,106.04333358541935,235.5513373162923,108.74118108580706,230.11848655079567,1.5043034850041888,6.767113227335235,True,TRACKING,LEFT + FORWARD,LEFT + FORWARD,-0.6601838091068529,-0.6654733369425562,True,True,True,occlusion
145,True,0.9457408732999284,0,104.73303130122254,242.14471750215057,47.90687222126065,True,103.66409305376831,240.92725758837332,106.20263706978768,235.52287206958448,1.6201350618158405,6.782962335720017,True,TRACKING,LEFT + FORWARD,LEFT + FORWARD,-0.6681167591569135,-0.6727092771836796,True,True,True,occlusion
146,True,0.9429506330914782,0,102.57710161923438,247.5962282774428,47.94037860724158,True,101.56404624861152,246.23616580834087,103.8833416591996,240.8795189389627,1.6958924210596256,6.842546848917756,True,TRACKING,LEFT + FORWARD,LEFT + FORWARD,-0.6753645573150012,-0.6794465574398926,True,True,True,occlusion
147,True,0.9576259095448709,0,100.58234126090954,253.01447930066672,47.96645438328061,True,99.74208552138035,251.93905976494122,101.81271359028997,246.40928935195194,1.364755247519427,6.718805721816028,True,TRACKING,LEFT + FORWARD,LEFT + FORWARD,-0.6818352700303438,-0.6856801835596577,True,True,True,occlusion
148,True,0.9454857633423952,0,98.75022888456886,258.38899096648277,47.98508811168059,True,97.48397363037054,257.0116440605188,99.64834361033026,251.71046670623537,1.8709588098494767,6.7386420260570725,True,TRACKING,LEFT + FORWARD,LEFT + FORWARD,-0.688598926217718,-0.6914055347357223,True,True,True,occlusion
149,True,0.9444840873412302,0,97.08212258227508,263.7093682671828,47.996271619072374,True,95.99743454312231,262.37166427727055,97.82288907672628,257.041065491753,1.7222079162831192,6.70932164261832,True,TRACKING,LEFT + FORWARD,LEFT + FORWARD,-0.6943034716352303,-0.6966183669303904,True,True,True,occlusion
150,True,0.9424649937612644,0,95.5792588731187,268.9653208979934,48.0,True,94.70611040244115,267.7796203196518,96.26449973958373,262.4103429057024,1.4725060656330544,6.590697347359631,True,TRACKING,LEFT + FORWARD,LEFT + DOWN + FORWARD,-0.6991734383138009,-0.701314816021504,True,False,True,occlusion
151,True,0.9760264140109102,0,94.24275178662168,274.1466831598691,47.996271619072374,True,93.54052711329706,273.1848871003801,94.9025134264404,267.79761500304124,1.190869913917752,6.383255586409002,True,TRACKING,LEFT + DOWN + FORWARD,LEFT + DOWN + FORWARD,-0.7034296455423737,-0.7054914006668073,True,True,True,occlusion
152,True,0.9692925814320562,0,93.0735920369398,279.2434336212829,47.98508811168059,True,92.17657644147859,278.10567094049134,93.53954493395949,272.9516429717663,1.448841225360005,6.309020659308824,True,TRACKING,LEFT + DOWN + FORWARD,LEFT + DOWN + FORWARD,-0.7076889220813766,-0.7091450248845631,True,True,True,occlusion
153,True,0.9671354764638347,0,92.07264628847457,284.2457145009836,47.96645438328061,True,91.08872685359192,283.0361322007567,92.3141358937757,277.9938875862615,1.559226345134649,6.256489191320625,True,TRACKING,LEFT + DOWN + FORWARD,LEFT + DOWN + FORWARD,-0.7115183253319509,-0.7122729803485169,True,True,True,occlusion
154,True,0.9648089629416834,0,91.24065651344011,289.14385073423347,47.94037860724158,True,90.3797120973979,288.1365915724871,91.34692399558679,283.0652395793743,1.3250646423613877,6.079539978463846,True,TRACKING,LEFT + DOWN + FORWARD,LEFT + DOWN + FORWARD,-0.7145408625137912,-0.7148729483954996,True,True,True,occlusion
155,True,0.9557900741585853,0,90.57823944186038,293.9283686856464,47.90687222126065,True,89.67367525218393,292.9191008986008,90.51029962388536,287.99217023898757,1.355307285899736,5.9365872196895175,True,TRACKING,LEFT + DOWN + FORWARD,LEFT + DOWN + FORWARD,-0.7171553136753582,-0.7169430017441863,True,True,True,occlusion
156,True,0.9418820505497644,0,90.08588610440515,298.5900144724368,47.865949922346125,True,89.15314634207806,297.30823315944656,89.83172298298172,292.65020169921706,1.58523398858243,5.945248074991987,True,TRACKING,LEFT + DOWN + FORWARD,LEFT + DOWN + FORWARD,-0.7192758656781821,-0.7184816059237339,True,True,True,occlusion
157,True,0.9514048165137615,0,89.76396146840304,303.11977186263823,47.817629660370805,True,88.79388716708242,301.9941542570615,89.31280507503206,297.3221779781393,1.4859539508568214,5.81512140379366,True,TRACKING,LEFT + DOWN + FORWARD,LEFT + DOWN + FORWARD,-0.7208974841405248,-0.7194876204112405,True,True,True,occlusion
158,True,0.9499500926850135,0,89.6127041673018,307.50887971367365,47.76193263019859,True,88.78830904010272,306.49235959016187,89.05055705756739,301.9072687841506,1.3087935235376127,5.629747274854807,True,TRACKING,LEFT + DOWN + FORWARD,LEFT + DOWN + FORWARD,-0.7217170091951018,-0.7199602994771819,True,True,True,occlusion
159,True,0.9483769483769484,0,89.63222632377608,311.74884891754965,47.6988832623877,True,88.56232082603952,310.56561889540046,88.80643894180346,306.2364438397755,1.595221319880749,5.5739155484897,True,TRACKING,LEFT + DOWN + FORWARD,LEFT + DOWN + FORWARD,-0.7224798783068642,-0.7198992927381997,True,True,True,occlusion
160,True,0.9566590126291619,0,89.82251346661442,315.8314788199003,47.6285092124747,True,88.9749962000304,314.7416274003141,88.89071757091693,310.4890356200448,1.380601910013234,5.423093483881826,True,TRACKING,LEFT + DOWN + FORWARD,LEFT + DOWN + FORWARD,-0.7222165075908846,-0.7193046454168299,True,True,True,occlusion
161,True,0.9562464018422567,0,90.18342454144613,319.74887308112443,47.550841348843726,True,89.19995921280717,318.5747425308453,89.04533839186206,314.53188907544506,1.531596096147318,5.3396780988547805,True,TRACKING,LEFT + DOWN + FORWARD,LEFT + DOWN + FORWARD,-0.721733317525431,-0.7181767983079809,True,True,True,occlusion
162,True,0.9455252918287937,0,90.71469201530071,323.49345494893794,47.46591373918673,True,89.65805525654825,322.1749961556205,89.35169682420516,318.3534426155328,1.6896197292950395,5.317657630809503,True,TRACKING,LEFT + DOWN + FORWARD,LEFT + DOWN + FORWARD,-0.7207759474243589,-0.7165165874521853,True,True,True,occlusion
163,True,0.9579540528825314,0,91.41592207492269,327.05798191280195,47.37376363556019,True,90.37707146888306,326.04794520547944,89.86438414654411,322.2006939105061,1.448925371372802,5.099070178027002,True,TRACKING,LEFT + DOWN + FORWARD,LEFT + DOWN + FORWARD,-0.7191737995420496,-0.7143252435158666,True,True,True,occlusion
164,True,0.9449501517121803,0,92.28659491869368,330.4355597118854,47.27443145804514,True,91.19675925925925,328.9312057844361,90.53057170290168,325.5659498474711,1.857638959433994,5.176554623106152,True,TRACKING,LEFT + DOWN + FORWARD,LEFT + DOWN + FORWARD,-0.7170919634284323,-0.7116043908790822,True,True,True,occlusion
165,True,0.9488808664259928,0,93.32606514194654,333.6196556694654,47.16796077701761,True,92.36308599813722,332.48432163924247,91.44682885051945,329.02513574335677,1.488728380730992,4.963984527617471,True,TRACKING,LEFT + DOWN + FORWARD,LEFT + DOWN + FORWARD,-0.7142286598421267,-0.708356046431417,True,True,True,occlusion
166,True,0.9407268531871935,0,94.5335622153852,336.6041113279775,47.05439829403718,True,93.6030135061285,335.5617404429177,92.52492117832398,332.29343809313724,1.3973038189025284,4.755685287456939,True,TRACKING,LEFT + DOWN + FORWARD,LEFT + DOWN + FORWARD,-0.7108596213177376,-0.7045826180769212,True,True,True,occlusion
167,True,0.9624195238808205,0,95.90819105625559,339.383154360278,46.93379382136216,True,94.84571983414685,338.13024195664724,93.68532050623541,335.21184002489224,1.6427521386323267,4.72662847775683,True,TRACKING,LEFT + DOWN + FORWARD,LEFT + DOWN + FORWARD,-0.7072333734180143,-0.7002869029492013,True,True,True,occlusion
168,True,0.9524309723889556,0,97.44893269184516,341.95140973407774,46.806200260100276,True,96.47065969471292,340.580494374901,95.07799010047417,337.8961671998966,1.6841695220329937,4.697484516484225,True,TRACKING,LEFT + DOWN + FORWARD,LEFT + DOWN + FORWARD,-0.7028812809360183,-0.6954720853379839,True,True,True,occlusion
169,True,0.9660377358490566,0,99.15464501481733,344.30391010795717,46.67167357700451,True,98.15842373962987,343.1043129121463,96.61820692005202,340.5002400560214,1.5593236550932483,4.57180752794445,True,TRACKING,LEFT + DOWN + FORWARD,LEFT + DOWN + FORWARD,-0.6980681033748375,-0.6901417343286959,True,True,True,occlusion
170,True,0.9595471698113207,0,101.02406362982325,346.4361054388537,46.53027277992422,True,99.96059851709093,345.1707754490216,98.28940271857147,342.8355077525215,1.652881734779357,4.521357539318171,True,TRACKING,LEFT + DOWN + FORWARD,LEFT + DOWN + FORWARD,-0.6928456165044642,-0.6842998011568023,True,True,True,occlusion
171,True,0.955622641509434,0,103.05580279076139,348.3438717824396,46.38205989192233,True,102.0831855077138,347.0905499113046,100.18629411314262,344.96302883191305,1.5864425901835078,4.4344310917021055,True,TRACKING,LEFT + DOWN + FORWARD,LEFT + DOWN + FORWARD,-0.6869178308964293,-0.6779506162788707,True,True,True,occlusion
172,True,0.9586415094339623,0,105.24835642799111,350.02351926936853,46.22709992407002,True,104.45746276652736,349.07540447873134,102.32187843983499,347.0192166553222,1.2346798937249084,4.1940562242211055,True,TRACKING,LEFT + DOWN + FORWARD,LEFT + DOWN + FORWARD,-0.6802441298755156,-0.6710988861625278,True,True,True,occlusion
173,True,0.9477735849056603,0,107.60009926473867,351.4717992419652,46.065460846930655,True,106.72533875338752,350.43365853658537,104.52360859661125,348.7264375959538,1.3575500272129344,4.123324556527816,True,TRACKING,LEFT + DOWN + FORWARD,LEFT + DOWN + FORWARD,-0.6733637231355898,-0.6637496897976917,True,True,True,occlusion
174,True,0.9600373192349557,0,110.10928802186808,352.68591053755404,45.89721356074568,True,109.2184518942491,351.74287271736165,106.87103024543018,350.2346551566577,1.2972699551690823,4.061399557915198,True,TRACKING,LEFT + DOWN + FORWARD,LEFT + DOWN + FORWARD,-0.6660280304830307,-0.6559084749316623,True,True,True,occlusion
175,True,0.9491050583657588,0,112.77406271012381,353.6635049062732,45.722431864335455,True,111.76248480830846,352.54811623025074,109.31675752686931,351.39138569345425,1.5057827698709738,4.137086516791674,True,TRACKING,LEFT + DOWN + FORWARD,LEFT + DOWN + FORWARD,-0.6583851327285334,-0.6475810540308631,True,True,True,occlusion
176,True,0.9508453350031308,0,115.59244800888663,354.402691552897,45.541192422728614,True,114.60746072933232,353.13554309310564,111.96210912810082,352.26346439327995,1.6049502048460762,4.213745748118708,True,TRACKING,LEFT + DOWN + FORWARD,LEFT + DOWN + FORWARD,-0.650118408974685,-0.6387735999722293,True,True,True,occlusion
177,True,0.9494126859827722,0,118.56235473042236,354.90204079388093,45.35357473353426,True,117.74098626611843,353.8965343626752,114.85154769710962,353.0799993779776,1.2983409942496162,4.133996100596898,True,TRACKING,LEFT + DOWN + FORWARD,LEFT + DOWN + FORWARD,-0.6410889134465324,-0.6294926414674301,True,True,True,occlusion
178,True,0.94702090866216,0,121.68158136853663,355.16058682255584,45.15966109207169,True,120.78479760289461,354.1087743102668,117.81817265000211,353.5943868441222,1.3822194772635803,4.16880190209298,True,TRACKING,LEFT + DOWN + FORWARD,LEFT + DOWN + FORWARD,-0.6318182104687434,-0.619745058223323,True,True,True,occlusion
179,True,0.957117234632317,0,124.94781573048681,355.17782957712495,44.959536555272976,True,123.82215709935068,353.89010515428373,120.8201648746764,353.74224599920296,1.7103629857527414,4.370171826904722,True,TRACKING,LEFT + DOWN + FORWARD,LEFT + DOWN + FORWARD,-0.6224369847666363,-0.6095380758422287,True,True,True,occlusion
180,True,0.9621559633027523,0,128.35863665094536,354.9537357078483,44.7532889043741,True,127.45638184284188,353.7448417164459,124.13827335875914,353.7435438578244,1.508472214260083,4.390447657346244,True,TRACKING,LEFT + DOWN + FORWARD,LEFT + DOWN + FORWARD,-0.6120678957538777,-0.5988792604657958,True,True,True,occlusion
181,True,0.9631942162339796,0,131.91151578673882,354.4887386415455,44.54100860641133,True,131.10978651815753,353.4182909850331,127.62402993845834,353.58091742142875,1.337395979294412,4.382541986895244,True,TRACKING,LEFT + DOWN + FORWARD,LEFT + DOWN + FORWARD,-0.6011749064423177,-0.5877765131664412,True,True,True,occlusion
182,True,0.9393442622950819,0,135.6038194910355,353.7837377432917,44.322788774539276,True,134.62308284479184,352.4399834191982,131.12355639162507,353.0104504203135,1.6635865029523362,4.546507530381698,True,TRACKING,LEFT + DOWN + FORWARD,LEFT + DOWN + FORWARD,-0.5902388862761716,-0.576238064090514,True,True,True,occlusion
183,True,0.94372223136416,0,139.4328107655931,352.8400965769281,44.098725127188416,True,138.50723346107,351.79820574518016,134.81539492634755,352.4043280827468,1.3936390680260997,4.6379330755237,True,TRACKING,LEFT + DOWN + FORWARD,LEFT + DOWN + FORWARD,-0.5787018908551639,-0.5642724663575216,True,True,True,occlusion
184,True,0.9588385994876174,0,143.39565128961524,351.65964026775134,43.868915946079866,True,142.5913398104834,350.6384490824037,138.70336736841546,351.52138858257524,1.2999032242805404,4.694320177150691,True,TRACKING,LEFT + DOWN + FORWARD,LEFT + DOWN + FORWARD,-0.5665519769737017,-0.5518885897199524,True,True,True,occlusion
185,True,0.966315425807566,0,147.489403523718,350.2446519724825,43.633462033115705,True,146.4876317553159,349.1596904892463,142.59549956186567,350.3405395359108,1.4767153063720466,4.894843246995179,True,TRACKING,LEFT + DOWN + FORWARD,LEFT + DOWN + FORWARD,-0.5543890638691698,-0.5390956139883812,True,True,True,occlusion
186,True,0.9430824618549631,0,151.71103288744177,348.5978684633442,43.392466666164,True,150.82652653575488,347.46366122737464,146.7110130488103,348.90210038164275,1.4383245601393748,5.009266957032743,True,TRACKING,LEFT + DOWN + FORWARD,LEFT + DOWN + FORWARD,-0.5415280842224679,-0.5259030222267445,True,True,True,occlusion
187,True,0.9490412851960615,0,156.05741000869932,346.72247483478475,43.146035553757656,True,155.23671722341118,345.79907571105116,150.97386513611073,347.35058804634696,1.2353957218381373,5.1222021317164685,True,TRACKING,LEFT + DOWN + FORWARD,LEFT + DOWN + FORWARD,-0.5282066714496539,-0.5123205937228146,True,True,True,occlusion
188,True,0.9411973707585717,0,160.52531304348923,344.6220983430905,42.89427678872721,True,159.59497665025873,343.46503849551937,155.28442089318474,345.40781327093316,1.4846929970301872,5.299462093359854,True,TRACKING,LEFT + DOWN + FORWARD,LEFT + DOWN + FORWARD,-0.5147361847087977,-0.49835839673909615,True,True,True,occlusion
189,True,0.967444384156267,0,165.11143006415438,342.30080139079746,42.63730080078771,True,164.22760421642622,341.29709244928506,159.75601255480547,343.3524528601091,1.337377945228777,5.457698004868559,True,TRACKING,LEFT + DOWN + FORWARD,LEFT + DOWN + FORWARD,-0.5007624607662329,-0.4840267810495176,True,True,True,occlusion
190,True,0.9465579710144928,0,169.81236151442047,339.76307366947424,42.375220308100594,True,168.76653671215072,338.4920402858999,164.26127463347808,340.9222465730045,1.6459876607079846,5.67082422404799,True,TRACKING,LEFT + DOWN + FORWARD,LEFT + DOWN + FORWARD,-0.486683516770381,-0.469336370267436,True,True,True,occlusion
191,True,0.9587609628662064,0,174.62462272938762,337.01382347607205,42.108150267831796,True,173.32266164469553,336.00849109591303,168.7919681390868,338.4653688344588,1.6449303513063447,6.0105609968796845,True,TRACKING,LEFT + DOWN + FORWARD,LEFT + DOWN + FORWARD,-0.4725250995653537,-0.4542980539706637,True,True,True,occlusion
192,True,0.9527323494216194,0,179.54464651861178,334.0583682196374,41.836207825727726,True,176.86524971207203,332.6203887900045,172.82860892557943,335.5428788122316,3.040880150045834,6.878148926168166,True,TRACKING,LEFT + DOWN + FORWARD,LEFT + DOWN + FORWARD,-0.45991059710756427,-0.4389229796293382,True,True,True,occlusion
193,True,0.9541920571548644,0,184.5687858103617,330.90242413674804,41.55951226473128,True,180.71093034333663,329.4743321974277,176.76976963445804,332.5086055048297,4.113696074287325,7.962692503115989,True,TRACKING,LEFT + DOWN + FORWARD,LEFT + DOWN + FORWARD,-0.4475944698923186,-0.4232225443426197,True,True,True,occlusion
194,True,0.9327115256495669,0,189.6933163550862,327.55209523556465,41.27818495266038,True,184.3604450713054,325.656049208588,180.56510735288174,329.08232735670884,5.659903414881552,9.255582636036925,True,TRACKING,LEFT + DOWN + FORWARD,LEFT + DOWN + FORWARD,-0.43573403952224454,-0.4072083863903556,True,True,True,occlusion
195,True,0.9129916567342073,0,194.91443948609458,324.01386148988144,40.99234928897205,True,188.62657446283032,321.95126368650693,184.59584090785603,325.5167955216079,6.6175188892269405,10.427477514842607,True,TRACKING,LEFT + DOWN + FORWARD,LEFT + DOWN + FORWARD,-0.4231379971629499,-0.39089237660595444,True,True,True,occlusion
196,True,0.8731585518102372,0,200.22828493539686,320.2945663060108,40.70213065063535,True,193.2995112668137,317.6007525626054,188.94767608733486,321.5587740421066,7.434012176113975,11.351227122341411,True,TRACKING,LEFT + DOWN + FORWARD,LEFT + DOWN + FORWARD,-0.4095385122270786,-0.3742866095768848,True,True,True,occlusion
197,True,0.7902977412731006,0,205.63091370262322,316.40140328674124,40.40765633713685,True,198.82316014425004,312.6795779350875,193.88541811579245,317.119175988597,7.75870430289461,11.76740686097793,True,TRACKING,LEFT + DOWN + FORWARD,LEFT + DOWN + FORWARD,-0.3941080683881486,-0.35740339467930243,True,True,True,occlusion
198,True,0.7195710455764075,0,211.11832097489156,312.34190231796896,40.10905551464293,True,203.56188048711414,308.04266968752944,198.7236493014533,312.5809228380632,8.69385956039996,12.396976111187724,True,TRACKING,LEFT + DOWN + FORWARD,LEFT + DOWN + FORWARD,-0.37898859593295847,-0.3402552469534639,True,True,True,occlusion
199,True,0.6407289557419729,0,216.68643909545793,308.1239150049165,39.80645915934322,True,208.71391547049438,303.0483951355662,203.71878238597384,307.8146589868147,9.451033535797649,12.971343793908167,True,TRACKING,LEFT + DOWN + FORWARD,LEFT + DOWN + FORWARD,-0.36337880504383174,-0.322854877826694,True,True,True,occlusion
200,True,0.531096326294475,0,222.33114057895563,303.75559948610066,39.50000000000001,True,214.99626771574114,298.4019266656579,209.35752505085748,303.1082928262363,9.080868493038954,12.989753876914458,True,TRACKING,LEFT + DOWN + FORWARD,LEFT + DOWN + FORWARD,-0.34575773421607037,-0.30521518569076367,True,True,True,occlusion
201,True,0.42994588093806374,0,228.04824117097928,299.24540465442806,39.189812459729154,True,220.97891027663826,292.9688124539813,215.16821766374787,298.03855264010883,9.453626232530757,12.936440674748994,True,TRACKING,LEFT + DOWN + FORWARD,LEFT + DOWN + FORWARD,-0.32759931980078794,-0.28734924634068976,True,True,True,occlusion
202,False,0.31639135959339265,0,233.83350294975196,294.60205381593204,38.87603259703765,True,226.59613383713923,288.1435846886808,220.88217575044354,293.0910686643948,9.700068821398032,13.039169925716596,True,TRACKING,LEFT + DOWN + FORWARD,LEFT + DOWN + FORWARD,-0.30974320077986395,-0.2692703032820251,True,True,True,occlusion
203,False,0.2151029748283753,0,239.682637467576,289.83452781775895,38.558798046143764,True,232.56863076143847,283.2206652034442,226.725403255941,288.15586693391947,9.7135096693214,13.065520302617019,True,TRACKING,LEFT + DOWN + FORWARD,LEFT + DOWN + FORWARD,-0.2914831148251844,-0.250991757913825,True,True,True,occlusion
204,False,0.12146025247355852,0,245.59130892973374,284.9520476780363,38.23824795660623,True,239.05102401129943,277.65636770244816,232.8882136336202,282.9061173181838,9.79807497014067,12.866796848458744,True,TRACKING,LEFT + DOWN + FORWARD,LEFT + DOWN + FORWARD,-0.2722243323949368,-0.23252715959458206,True,True,True,occlusion
205,False,0.03156787092248334,0,251.55513740848812,279.9640567512206,37.914522932288605,True,245.56572982774253,272.44484738591717,239.22697173068138,277.6754823520505,9.613090691736945,12.53878948543235,True,TRACKING,LEFT + DOWN + FORWARD,LEFT + DOWN + FORWARD,-0.25241571334162066,-0.2138901955984746,True,True,True,occlusion
206,False,0.0,0,257.56970208979635,274.88020246341375,37.58776496968576,True,251.7031124311614,267.7855949508075,245.4650420809214,272.730538651429,9.205994241836779,12.294057443944755,True,TRACKING,LEFT + DOWN + FORWARD,LEFT + DOWN + FORWARD,-0.23292174349712064,-0.1950946809693864,True,True,True,occlusion
207,False,0.0,0,263.63054455033205,269.7103176529822,37.25811739563954,True,258.2566697906904,262.79706341768195,251.8608559358059,267.7638010345555,8.756232868888905,11.929563991559709,True,TRACKING,LEFT + DOWN + FORWARD,LEFT + DOWN + FORWARD,-0.2129348252006066,-0.17615454828021235,True,True,True,occlusion
208,False,0.0,0,269.73317206238636,264.46440155256226,36.92572480447086,True,263.9601350473964,257.4248798857291,257.9104954916012,262.59434046014235,9.104000311635383,11.969662058169208,True,TRACKING,LEFT + FORWARD,LEFT + DOWN + FORWARD,-0.1940297015887463,-0.15708383730504263,True,False,True,occlusion
209,False,0.0,0,275.8730609241957,259.1526004492385,36.59073299455592,True,270.4777002326354,251.92475905616482,264.19409786211827,257.2595497581536,9.019512636249443,11.831391259035714,True,TRACKING,LEFT + FORWARD,LEFT + FORWARD,-0.1743934441808804,-0.13789668461188836,True,True,True,occlusion
210,False,0.0,0,282.045659813234,253.78518806029854,36.2532889043741,True,276.6118118512679,247.1712652739456,270.4029548566931,252.2154075160496,8.55982933811195,11.748054718214618,True,TRACKING,LEFT + FORWARD,LEFT + FORWARD,-0.15499076607283407,-0.11860731308364372,True,True,True,occlusion
211,False,0.0,0,288.24639315997473,248.3725456625211,35.91354054805601,True,282.7546972860125,240.98907446068193,276.5788260713528,246.60224098836576,9.201867775646528,11.801105897619497,True,TRACKING,LEFT + FORWARD,FORWARD,-0.13569116852702248,-0.09923002137507897,False,True,True,occlusion
212,False,0.0,0,294.4706645396287,242.92514201343175,35.57163695045952,True,289.18786610878664,236.06143654114362,282.8833460900697,241.3318387647547,8.661316994038788,11.696348323033734,True,TRACKING,LEFT + FORWARD,FORWARD,-0.11598954346853212,-0.0797791733136604,False,True,True,occlusion
213,False,0.0,0,300.71386007934314,237.4535131033567,35.22772808180254,True,294.36072454163906,230.81533024077757,288.6220353158544,236.07358450276615,9.188460310491509,12.170309324485007,True,TRACKING,FORWARD,FORWARD,-0.09805613963795494,-0.0602691872520527,True,True,True,occlusion
214,False,0.0,0,306.9713518783304,231.96824177744233,34.881964791881146,True,301.7583951155691,225.2075883122547,295.19021521571176,230.64058640751043,8.5370576598013,11.855709588405313,True,TRACKING,FORWARD,FORWARD,-0.07753057745090075,-0.04071452538021756,True,True,True,occlusion
215,False,0.0,0,313.2385014383982,226.47993726704965,34.53449874390192,True,308.2922608437314,219.7186571598336,301.74123802972156,225.17962178367202,8.377362634419319,11.570561189709275,True,TRACKING,FORWARD,FORWARD,-0.057058631157120135,-0.021129683005005617,True,True,True,occlusion
216,False,0.0,0,319.5106631023348,220.99921467011418,34.18548234795732,True,315.1711954487611,214.36888988696757,308.4562167392413,219.7742558353198,7.924152083751312,11.12210899701361,True,TRACKING,FORWARD,FORWARD,-0.036074322689870895,-0.0015291778052038297,True,True,True,occlusion
217,False,0.0,0,325.7831874976001,215.53667442016013,33.83506869417373,True,320.3900791802515,209.2036174507064,314.4231479597464,214.4889366430131,8.318246684308013,11.408253711732595,True,TRACKING,UP + FORWARD,UP + FORWARD,-0.01742766262579245,0.018072460930000388,True,True,True,occlusion
218,False,0.0,0,332.0514249827721,210.1028817836785,33.48341148556099,True,326.444417396949,203.80972086984744,320.4337826783477,209.14932875643026,8.428665870400184,11.656709488072778,True,TRACKING,UP + FORWARD,UP + FORWARD,0.0013555708698365977,0.03766070307116287,True,True,True,occlusion
219,False,0.024539877300613498,0,338.31072909419106,204.7083464255189,33.13066497059318,True,333.2754338350193,197.80985278394604,326.8546082566835,203.47959077018817,8.540691592011648,11.521829069383141,True,TRACKING,UP + FORWARD,UP + FORWARD,0.02142065080213591,0.057221028419347064,True,True,True,occlusion
220,False,0.15522388059701492,0,344.5564599902503,199.3635020818263,32.77698387555012,True,341.8550824175824,192.52602258852258,334.35484533713293,198.0028066793554,7.3517730250234195,10.291959653487005,True,TRACKING,UP + FORWARD,UP + FORWARD,0.0448588916785404,0.07673893746953216,True,True,True,occlusion
221,True,0.33360064153969526,0,350.7839878907759,194.07868637983157,32.42252333664937,True,350.099359666163,188.08856752284336,342.227102501648,193.04568710109936,6.029115998783093,8.61901241863195,True,TRACKING,UP + FORWARD,UP + FORWARD,0.06945969531765002,0.0961999621586747,True,True,True,occlusion
222,True,0.5050465838509317,0,356.9886965089487,188.86412084353128,32.067438831998324,True,357.1367124252024,183.6032382963745,349.6819074634252,188.32446269873694,5.262964363022337,7.326690731088962,True,TRACKING,UP + FORWARD,RIGHT + UP + FORWARD,0.09275596082320377,0.11558967659046467,False,True,True,occlusion
223,True,0.6665366614664586,0,363.1659864732268,183.7298911239226,31.711886113396396,True,363.61986966167495,179.34373266777592,356.6508885625501,183.83409768325643,4.409580019818552,6.515931229894292,True,TRACKING,RIGHT + UP + FORWARD,RIGHT + UP + FORWARD,0.11453402675796909,0.1348937077288337,True,True,True,occlusion
224,True,0.7917757009345794,0,369.31127873672466,178.68592749203816,31.356021138017066,True,369.78825575173886,175.5984483681113,363.2195721571445,179.71627302568385,3.1241053781100407,6.178227979801625,True,TRACKING,RIGHT + UP + FORWARD,RIGHT + UP + FORWARD,0.1350611629910766,0.15409774605226456,True,True,True,occlusion
225,True,0.8745493871665465,0,375.4200179715298,173.74198563250468,31.000000000000004,True,375.7474128271043,171.63588425285081,369.4834924921244,175.67607863926733,2.1313963528252047,6.243640806968099,True,TRACKING,RIGHT + UP + FORWARD,RIGHT + UP + FORWARD,0.1546359140378888,0.17318755616103054,True,True,True,occlusion
226,True,0.9517241379310345,0,381.48767594543557,168.90762777477326,30.643978861982944,True,381.19791868657484,167.7323379225648,375.3407055893496,171.70420828091608,1.210481518143371,6.753229382002167,True,TRACKING,RIGHT + UP + FORWARD,RIGHT + UP + FORWARD,0.17293970496671757,0.19214898732948615,True,True,True,occlusion
227,True,0.9303394625176803,0,387.5097548785891,164.19220419851953,30.288113886603607,True,386.78454011741684,163.33483365949118,381.06262285338323,167.51952097020364,1.1229517759084295,7.255104978535141,True,TRACKING,RIGHT + UP + FORWARD,RIGHT + UP + FORWARD,0.1908206964168226,0.2109679839955909,True,True,True,occlusion
228,True,0.9479595657057281,0,393.48179077756595,159.60483514898084,29.932561168001683,True,392.84837545126356,158.79963898916967,386.9554991523234,163.15957997968667,1.0244783215712363,7.431600984252374,True,TRACKING,RIGHT + UP + FORWARD,RIGHT + UP + FORWARD,0.2092359348510106,0.2296305961798936,True,True,True,occlusion
229,True,0.9581589958158996,0,399.3993567443995,155.15439319720986,29.577476663350637,True,398.7829266625658,154.4390677328959,392.8692129074446,158.79932385629127,0.9442862731637515,7.478522450379593,True,TRACKING,RIGHT + UP + FORWARD,RIGHT + UP + FORWARD,0.22771629033576435,0.2481229898262484,True,True,True,occlusion
230,True,0.9330543933054394,0,405.2580662581131,150.84948607936343,29.223016124449885,True,404.6304332560915,150.0691664911172,398.74982308176806,154.43424517370423,1.0014099285644267,7.43019024029001,True,TRACKING,RIGHT + UP + FORWARD,RIGHT + UP + FORWARD,0.2460931971305252,0.2664314570566034,True,True,True,occlusion
231,True,0.9502008032128514,0,411.0535764263207,146.69844004821732,28.869335029406827,True,410.51724385172434,145.98981859898186,404.6335334667462,150.21203188634303,0.8887052317218261,7.318625499895858,True,TRACKING,RIGHT + UP + FORWARD,RIGHT + UP + FORWARD,0.26447979208358185,0.28454242633225224,True,True,True,occlusion
232,True,0.9417711281843915,0,416.78159120448845,142.7092837691037,28.516588514439007,True,416.23917510641417,142.06142668428006,410.4363542865802,146.13672928531156,0.8449461674014023,7.211755286402841,True,TRACKING,RIGHT + UP + FORWARD,RIGHT + UP + FORWARD,0.28261360714556305,0.3024424725140264,True,True,True,occlusion
233,True,0.9241744802282919,0,422.43786458046895,138.88973279142468,28.164931305826276,True,421.85806697108063,138.12077625570777,416.1472106288304,142.12875277050966,0.963046946765403,7.075561996348938,True,TRACKING,RIGHT + UP + FORWARD,RIGHT + UP + FORWARD,0.300460033215095,0.32011832681396546,True,True,True,occlusion
234,True,0.9643012625163256,0,428.01820372194663,135.2471746257712,27.81451765204269,True,427.42803912435954,134.6278528178854,421.787624876595,138.37830279419754,0.8554845141602881,6.973096611639368,True,TRACKING,RIGHT + UP + FORWARD,RIGHT + UP + FORWARD,0.3180863277393593,0.33755688663108324,True,True,True,occlusion
235,True,0.9258456201214224,0,433.5184720844637,131.78865445551384,27.46550125609809,True,432.8890760346487,131.00914340712222,427.3383504556218,134.6937231006599,1.001886651317062,6.828859874114437,True,TRACKING,RIGHT + UP + FORWARD,RIGHT + UP + FORWARD,0.3354323451738182,0.35474522526394914,True,True,True,occlusion
236,True,0.9156837046745303,0,438.9345924777218,128.5208615104955,27.118035208118854,True,438.3118146590815,127.77731057795366,432.82508255735166,131.23551683930677,0.9699073155071292,6.685466701835015,True,TRACKING,RIGHT + UP + FORWARD,RIGHT + UP + FORWARD,0.35257838299172395,0.37167060149288067,True,True,True,occlusion
237,True,0.967939651107968,0,444.2625500878851,125.4501161291885,26.772271918197468,True,443.76277034418916,124.75342926870319,438.2939264507704,127.99447305400497,0.8574102715629398,6.488314132529756,True,TRACKING,RIGHT + UP + FORWARD,RIGHT + UP + FORWARD,0.36966852015865753,0.38832046902464085,True,True,True,occlusion
238,True,0.9379407616361072,0,449.4983954536458,122.58235753433411,26.428363049540486,True,448.9287195438051,121.93580438914809,443.61132299728774,124.96513872157652,0.8617201470331255,6.351005297800187,True,TRACKING,RIGHT + UP + FORWARD,RIGHT + UP + FORWARD,0.3862853843665242,0.4046824857926431,True,True,True,occlusion
239,True,0.9137199434229137,0,454.6382473938465,119.9231323457096,26.086459451943995,True,454.0887103971441,119.20517626059794,448.8500166972159,122.08515749108723,0.9041304390924733,6.178832197645588,True,TRACKING,RIGHT + UP + FORWARD,RIGHT + UP + FORWARD,0.40265630217879966,0.42074452310577026,True,True,True,occlusion
240,True,0.9508860759493671,0,459.6782958844876,117.47758385224073,25.746711095625898,True,459.1230332967435,116.7977497255763,453.9865249969797,119.44145360833176,0.8777761566173481,6.021049763518955,True,TRACKING,RIGHT + UP + FORWARD,RIGHT + UP + FORWARD,0.4187078906155616,0.4364946746390238,True,True,True,occlusion
241,True,0.934926283680732,0,464.61480488298776,115.2504420642097,25.40926700544408,True,464.0767858819112,114.63531399605745,459.03165543944544,117.0383838021946,0.8172190561582318,5.862447728326054,True,TRACKING,RIGHT + UP + FORWARD,RIGHT + UP + FORWARD,0.434473923248267,0.45192126525933674,True,True,True,occlusion
242,True,0.9051504334523203,0,469.4441150976048,113.24601456479648,25.074275195529147,True,468.87090163934425,112.51541764246682,463.9512785393948,114.77690072233071,0.9286256143616876,5.702180800583072,True,TRACKING,RIGHT + UP + FORWARD,RIGHT + UP + FORWARD,0.4498477454356088,0.46701285968001505,True,True,True,occlusion
243,True,0.9687674288901282,0,474.1626466999642,111.46817817865104,24.74188260436047,True,473.67385014466726,110.77860919884266,468.812564342031,112.77775496058669,0.8452381027758762,5.508028012315585,True,TRACKING,RIGHT + UP + FORWARD,RIGHT + UP + FORWARD,0.4650392635688469,0.4817582709373882,True,True,True,occlusion
244,True,0.9354479688369505,0,478.7669019786802,109.92037147360742,24.41223503031425,True,478.2438471836062,109.28740603439398,473.52820576281863,111.03258049749033,0.8211160489775974,5.355459546564517,True,TRACKING,RIGHT + UP + FORWARD,RIGHT + UP + FORWARD,0.4797756430088082,0.49614656868337564,True,True,True,occlusion
245,True,0.9174567763524819,0,483.253467932111,108.60558811004432,24.085477067711405,True,482.71531075234776,107.90271182863775,478.1217582575832,109.46764616306405,0.8852390734116119,5.20361300159976,True,TRACKING,RIGHT + UP + FORWARD,RIGHT + UP + FORWARD,0.49413049455494756,0.5101670872878469,True,True,True,occlusion
246,True,0.9237588652482269,0,487.6190187983166,107.52637105075522,23.76175204339378,True,487.07924119241187,106.90005420054199,482.6004997249976,108.18385018180302,0.8268208153507223,5.061404202099449,True,TRACKING,RIGHT + UP + FORWARD,RIGHT + UP + FORWARD,0.5081265616406174,0.5238094337447393,True,True,True,occlusion
247,True,0.9295180722891566,0,491.86031852035086,106.68480764252556,23.44120195385624,True,491.3903833221251,106.0268997982515,486.99544152356134,107.10537499002726,0.8085059196374551,4.883022126478276,True,TRACKING,RIGHT + UP + FORWARD,RIGHT + UP + FORWARD,0.5218607547611291,0.5370634953760964,True,True,True,occlusion
248,True,0.9189352692075015,0,495.9742231450574,106.08252557893208,23.12396740296235,True,495.5127588968989,105.4612655910287,491.25410021023015,106.28332029052798,0.7738948409817663,4.724391922362832,True,TRACKING,RIGHT + UP + FORWARD,RIGHT + UP + FORWARD,0.5351690631569692,0.5499194473283044,True,True,True,occlusion
249,True,0.9409857328145266,0,499.957683153591,105.72068975217002,22.810187540270846,True,499.4955209806695,105.1058462989156,495.37481059544984,105.69458329472178,0.7691725073670846,4.58294691560832,True,TRACKING,RIGHT + UP + FORWARD,RIGHT + UP + FORWARD,0.5480462831107807,0.5623677598549719,True,True,True,occlusion
250,True,0.9273560209424084,0,503.80774572193855,105.6,22.5,True,503.35222425350395,105.10517976843387,499.36351742447687,105.39988153157782,0.672567371920437,4.448731567690138,True,TRACKING,RIGHT + UP + FORWARD,RIGHT + UP + FORWARD,0.5605109919514902,0.5743992053810579,True,True,True,occlusion
251,True,0.9137590520079,0,507.5215569097612,105.72068975217002,22.19354084065679,True,507.13483709273174,105.20751879699247,503.2491772586043,105.30370016428515,0.6425703433252585,4.292680770803285,True,TRACKING,RIGHT + UP + FORWARD,RIGHT + UP + FORWARD,0.5726536789331383,0.5860048653430038,True,True,True,occlusion
252,True,0.9660894660894661,0,511.09636377593904,106.08252557893206,21.890944485357068,True,510.62812580561996,105.52371745295179,506.9386515321121,105.41370880861847,0.7290495994856057,4.211162188128266,True,TRACKING,RIGHT + UP + FORWARD,RIGHT + UP + FORWARD,0.5841832860378503,0.5971761367998095,True,True,True,occlusion
253,True,0.9220872051465332,0,514.529516419247,106.68480764252556,21.592343662863154,True,514.0838632750398,106.11844197138315,510.51125740357594,105.76607539000081,0.7206780129783006,4.121950323433176,True,TRACKING,RIGHT + UP + FORWARD,RIGHT + UP + FORWARD,0.5953476793861748,0.6079047388101468,True,True,True,occlusion
254,True,0.9153400868306801,0,517.8184699426491,107.52637105075513,21.29786934936466,True,517.3684066310453,106.93766269351966,513.9398320173107,106.35186904176024,0.7410361086550845,4.052565499163082,True,TRACKING,RIGHT + UP + FORWARD,RIGHT + UP + FORWARD,0.6060619750540959,0.6181827185707786,True,True,True,occlusion
255,True,0.9024034959941734,0,520.9607863397587,108.60558811004432,21.00765071102796,True,520.4792899408284,108.041842772612,517.2095609790695,107.19685590718612,0.7413822142859379,4.007021103768681,True,TRACKING,RIGHT + UP + FORWARD,RIGHT + UP + FORWARD,0.6162798780595921,0.6280024573117459,True,True,True,occlusion
256,True,0.9454545454545454,0,523.9541363020611,109.92037147360745,20.721815047339625,True,523.5344652445218,109.36119576258888,520.3720131117957,108.2790258348875,0.6991432416388413,3.940256597733475,True,TRACKING,RIGHT + UP + FORWARD,RIGHT + UP + FORWARD,0.6261625409743615,0.637356675943941,True,True,True,occlusion
257,True,0.9284009546539379,0,526.7963009455633,111.46817817865107,20.440487735268725,True,526.3623970037453,110.93378277153558,523.3672050577704,109.60640430321155,0.6883684201583845,3.901909861971067,True,TRACKING,RIGHT + UP + FORWARD,RIGHT + UP + FORWARD,0.6355225158055327,0.6462384404548853,True,True,True,occlusion
258,True,0.8997613365155132,0,529.4851734555889,113.24601456479645,20.16379217427228,True,529.0878576952823,112.64949729311678,526.2275313765264,111.12795079816416,0.7167235651212808,3.8856693161924296,True,TRACKING,RIGHT + UP + FORWARD,RIGHT + UP + FORWARD,0.6444610355516449,0.6546411670487153,True,True,True,occlusion
259,True,0.9665198237885463,0,532.0187606484984,115.25044206420965,19.891849732168208,True,531.6004761904762,114.71238095238095,528.9140037835014,112.92016587527256,0.6815215681731916,3.8819714459889485,True,TRACKING,RIGHT + UP + FORWARD,RIGHT + UP + FORWARD,0.6528562618234417,0.6625586270265575,True,True,True,occlusion
260,True,0.9601417183348095,0,534.3951844491796,117.47758385224078,19.624779691899406,True,533.9536274034577,116.93811601227983,531.4338155934795,114.92914094377619,0.6971356933759494,3.9069510820093685,True,TRACKING,RIGHT + UP + FORWARD,RIGHT + UP + FORWARD,0.6607306737296235,0.6699849514036863,True,True,True,occlusion
261,True,0.9153439153439153,0,536.6126832832098,119.92313234570955,19.362699199212294,True,536.1236125126135,119.38849646821393,533.7787140530465,117.15881870599506,0.7245865994877126,3.9588901849159126,True,TRACKING,RIGHT + UP + FORWARD,RIGHT + UP + FORWARD,0.6680584814157704,0.6769146352600306,True,True,True,occlusion
262,True,0.8963684676705048,0,538.6696133826601,122.58235753433405,19.105723211272792,True,538.2705841566996,122.0838966892009,536.0246491048731,119.62135769759797,0.6385041403950046,3.9703093158997826,True,TRACKING,RIGHT + UP + FORWARD,RIGHT + UP + FORWARD,0.6750770284527284,0.683342541820813,True,True,True,occlusion
263,True,0.9340446168768186,0,540.564450004574,125.45011612918844,18.853964446242344,True,540.0882352941177,124.92459893048128,538.0564421994955,122.27297831403962,0.709188815896063,4.04775343206374,True,TRACKING,RIGHT + UP + FORWARD,RIGHT + UP + FORWARD,0.6814263818734233,0.6892639062642939,True,True,True,occlusion
264,True,0.9317073170731708,0,542.2957885612143,128.52086151049545,18.60753333383601,True,541.9442937240007,128.02098028576594,540.000367961748,125.14697929990278,0.6110890765059638,4.080690738025597,True,TRACKING,RIGHT + UP + FORWARD,RIGHT + UP + FORWARD,0.6875011498804625,0.6946743392537946,True,True,True,occlusion
265,True,0.9228486646884273,0,543.8623456612445,131.78865445551378,18.36653796688431,True,543.451467268623,131.32110609480813,541.7259176151855,128.23404269735545,0.622432745862367,4.1472387858941655,True,TRACKING,RIGHT + UP + FORWARD,RIGHT + UP + FORWARD,0.6928934925474547,0.6995698301913891,True,True,True,occlusion
266,True,0.9048562933597621,0,545.2629600610686,135.2471746257713,18.131084053920144,True,544.767302872566,134.63369963369962,543.2466102438757,131.43387116552753,0.7886872728855501,4.313577386022064,True,TRACKING,RIGHT + UP + FORWARD,RIGHT + UP + FORWARD,0.6976456570121116,0.7039467501908394,True,True,True,occlusion
267,True,0.9487459105779716,0,546.4965935256287,138.88973279142442,17.901274872811584,True,545.987676406281,138.35678791492745,544.6171433250784,134.8953295402275,0.7369035728977528,4.414475097848122,True,TRACKING,RIGHT + UP + FORWARD,RIGHT + UP + FORWARD,0.7019285728908699,0.7078018547675896,True,True,True,occlusion
268,True,0.9048648648648648,0,547.562331598018,142.70928376910362,17.677211225460727,True,547.0859950859951,142.16400491400492,545.8515692055367,138.5296672271162,0.7240341860049394,4.516182281704653,True,TRACKING,RIGHT + UP + FORWARD,RIGHT + UP + FORWARD,0.7057861537673024,0.7111322862438062,True,True,True,occlusion
269,True,0.9251101321585903,0,548.4593842773411,146.69844004821724,17.45899139358867,True,548.0791172184051,146.16531334582552,546.965343211971,142.34749028647087,0.6548489267875856,4.600317655798664,True,TRACKING,RIGHT + UP + FORWARD,RIGHT + UP + FORWARD,0.7092666975374093,0.7139355758666909,True,True,True,occlusion
270,True,0.9167591564927858,0,549.18708660432,150.84948607936352,17.246711095625894,True,548.7057441810805,150.37305146273755,547.8355436965257,146.36027087460423,0.6772595309994851,4.68825355396346,True,TRACKING,RIGHT + UP + FORWARD,RIGHT + UP + FORWARD,0.7119860740516429,0.7162096456385001,True,True,True,occlusion
271,True,0.8945615982241953,0,549.7448991542078,155.1543931972096,17.040463444727038,True,549.4399122807017,154.68026315789473,548.6377279886137,150.52026701624948,0.5637519731156114,4.764551757614038,True,TRACKING,RIGHT + UP + FORWARD,RIGHT + UP + FORWARD,0.7144928999644179,0.7179528098568995,True,True,True,occlusion
272,True,0.9277845777233782,0,550.1324084366499,159.60483514898075,16.84033890792831,True,549.7953615279672,159.0743519781719,549.2165447582904,154.79730949721068,0.6285006071309723,4.893987042255584,True,TRACKING,RIGHT + UP + FORWARD,RIGHT + UP + FORWARD,0.7163017023696575,0.7191637763645311,True,True,True,occlusion
273,True,0.9598494353826851,0,550.3493272021916,164.19220419851962,16.64642526646574,True,549.9805825242719,163.6537216828479,549.5985636412811,159.2255155900293,0.6526377687341273,5.02311075510969,True,TRACKING,RIGHT + UP + FORWARD,RIGHT + UP + FORWARD,0.7174955113790034,0.7198416475068488,True,True,True,occlusion
274,True,0.9360100376411543,0,550.3954946552084,168.90762777477318,16.458807577271386,True,549.9707977207977,168.41096866096865,549.7846806810394,163.81824212549895,0.6534812632531518,5.125908699740807,True,TRACKING,RIGHT + UP + FORWARD,RIGHT + UP + FORWARD,0.7180771271282481,0.7199859207975262,True,True,True,occlusion
275,True,0.917189460476788,0,550.270876573099,173.7419856325044,16.27756813566455,True,549.8271515151515,173.27078787878787,549.8059160980954,168.5445150021434,0.647239716146982,5.218226633328663,True,TRACKING,RIGHT + UP + FORWARD,RIGHT + UP + FORWARD,0.7181434878065481,0.7195964892909344,True,True,True,occlusion
276,True,0.8958594730238394,0,549.9755653316533,178.68592749203808,16.10278643925432,True,549.4863387978141,178.28514654744163,549.6461274479548,173.4148307747925,0.632430207188066,5.281381440662359,True,TRACKING,RIGHT + UP + FORWARD,RIGHT + UP + FORWARD,0.7176441482748587,0.7186736416614167,True,True,True,occlusion
277,True,0.9037940379403794,0,549.5097798365774,183.72989112392253,15.934539153069354,True,549.071975497703,183.29989790709544,549.3590514728289,178.35736434094397,0.6136503936726561,5.374640739013184,True,TRACKING,RIGHT + UP + FORWARD,RIGHT + UP + FORWARD,0.7167470358525904,0.7172180619893045,True,True,True,occlusion
278,True,0.9225449515905948,0,548.8738653612246,188.86412084353117,15.77290007592998,True,548.4749608763693,188.35419926969223,548.9170061745991,183.3557818053181,0.6474139321207375,5.508507973097689,True,TRACKING,RIGHT + UP + FORWARD,RIGHT + UP + FORWARD,0.7153656442956222,0.7152308292538269,True,True,True,occlusion
279,True,0.9393511988716502,0,548.0682932906543,194.07868637983168,15.617940108077665,True,547.7133333333333,193.57413333333332,548.3151697539662,188.4649575693257,0.6169038401826832,5.619154664719807,True,TRACKING,RIGHT + UP + FORWARD,RIGHT + UP + FORWARD,0.7134849054811443,0.7127134165332947,True,True,True,occlusion
280,True,0.926657263751763,0,547.0936607722083,199.36350208182603,15.469727220075786,True,546.7391186807245,198.87618275209513,547.5271442173453,193.6705701607104,0.6026443592726153,5.709411682096935,True,TRACKING,RIGHT + UP + FORWARD,RIGHT + UP + FORWARD,0.711022325679204,0.7096676899131509,True,True,True,occlusion
281,True,0.9042253521126761,0,545.9506902728621,204.7083464255188,15.328326422995493,True,545.5645071982281,204.24169435215947,546.5458257077867,198.95613225643496,0.605723967417788,5.782919161886319,True,TRACKING,RIGHT + UP + FORWARD,RIGHT + UP + FORWARD,0.7079557053368333,0.706095907102694,True,True,True,occlusion
282,True,0.8857545839210155,0,544.6402290436813,210.10288178367838,15.193799739899731,True,544.2709750566893,209.5824829931973,545.4084003822379,204.26930762481612,0.6380935731095332,5.883933605363457,True,TRACKING,RIGHT + UP + FORWARD,RIGHT + UP + FORWARD,0.7044012511944935,0.702000715761504,True,True,True,occlusion
283,True,0.8758815232722144,0,543.1632484917789,215.53667442016024,15.066206178637845,True,542.7917383820999,215.10843373493975,544.1000693821688,209.68887067987794,0.5669301950609085,5.922367935676638,True,TRACKING,RIGHT + UP + FORWARD,RIGHT + UP + FORWARD,0.7003127168192776,0.6973851515368089,True,True,True,occlusion
284,True,0.9143302180685359,0,541.520843460239,220.99921467011384,14.945601705962826,True,541.1689814814814,220.50260416666666,542.6345254318251,215.09573742327228,0.6086286587314796,6.007606107078912,True,TRACKING,RIGHT + UP + FORWARD,RIGHT + FORWARD,0.6957328919744533,0.6922526358132469,True,False,True,occlusion
285,True,0.9363057324840764,0,539.7142314165411,226.47993726704954,14.83203922298239,True,539.3081928423543,225.97278911564624,540.9713591370896,220.53426326945925,0.6496665076787108,6.077121801592658,True,TRACKING,RIGHT + FORWARD,RIGHT + FORWARD,0.690535497303405,0.686606973176691,True,True,True,occlusion
286,True,0.926984126984127,0,537.7447515500869,231.96824177744247,14.725568541954855,True,537.4134758088453,231.40813297714453,539.1924174729675,225.9711981233019,0.650742256893132,6.169300544951386,True,TRACKING,RIGHT + FORWARD,RIGHT + FORWARD,0.6849763046030233,0.6804523485940216,True,True,True,occlusion
287,True,0.9089456869009584,0,535.613863779498,237.45351310335658,14.626236364439812,True,535.0840233057344,236.9377491567004,537.1382203893509,231.45447364000114,0.7394209736736461,6.189679923622703,True,TRACKING,RIGHT + FORWARD,RIGHT + FORWARD,0.6785569387167214,0.6737933243109314,True,True,True,occlusion
288,True,0.9317073170731708,0,533.3231476704196,242.9251420134314,14.534086260813273,True,532.9816713264988,242.4013668841255,535.0599458579248,236.9279202620633,0.6252571307365827,6.243647706205406,True,TRACKING,RIGHT + FORWARD,RIGHT + FORWARD,0.6720623308060152,0.6666348364700614,True,True,True,occlusion
289,True,0.9314845024469821,0,530.8743012646345,248.372545662521,14.449158651156274,True,530.5323943661972,247.935524256651,532.796170112061,242.43172225935717,0.5548765956386906,6.243954081692732,True,TRACKING,RIGHT + FORWARD,RIGHT + FORWARD,0.6649880316001905,0.6589821914519828,True,True,True,occlusion
290,True,0.9203252032520325,0,528.2691398213537,253.78518806029842,14.371490787525305,True,527.9028301886792,253.27295597484274,530.3495001503701,247.85233911709997,0.629733639216155,6.287018027758148,True,TRACKING,RIGHT + FORWARD,RIGHT + FORWARD,0.6573421879699065,0.6508410619417304,True,True,True,occlusion
291,True,0.8993506493506493,0,525.5095944716172,259.15260044923843,14.301116737612292,True,525.2023121387283,258.7068079640334,527.7759061445493,253.27957354056667,0.5414363969765607,6.295126183711536,True,TRACKING,RIGHT + FORWARD,RIGHT + FORWARD,0.6492997067017164,0.6422174827238039,True,True,True,occlusion
292,True,0.9008130081300812,0,522.597710786802,264.46440155256215,14.238067369801415,True,522.2355212355212,263.97747747747746,525.0057136900352,258.6285255090221,0.6068577477087119,6.3131550889823815,True,TRACKING,RIGHT + FORWARD,RIGHT + DOWN + FORWARD,0.6406428552813601,0.6331178462087564,True,False,True,occlusion
293,True,0.8816855753646677,0,519.5356472622992,269.7103176529819,14.182370339629198,True,519.2401960784314,269.30261437908496,522.1229548842333,263.9655699440535,0.5035011038669294,6.300498946095962,True,TRACKING,RIGHT + FORWARD,RIGHT + DOWN + FORWARD,0.631634234013229,0.623548897694685,True,False,True,occlusion
294,True,0.8955954323001631,0,516.3256737174835,274.88020246341364,14.134050077653878,True,515.9211469534049,274.38155751058974,519.0220509188191,269.1735637273216,0.6420971046754793,6.311590582107539,True,TRACKING,RIGHT + DOWN + FORWARD,RIGHT + DOWN + FORWARD,0.6219439091213097,0.6135177303671359,True,True,True,occlusion
295,True,0.8858075040783034,0,512.9701696131616,279.96405675122054,14.093127778739355,True,512.6185295087372,279.52456313880646,515.8202902137782,274.34906343306403,0.5628546867463984,6.2969307921400395,True,TRACKING,RIGHT + DOWN + FORWARD,RIGHT + DOWN + FORWARD,0.6119384069180569,0.60303178004113,True,True,True,occlusion
296,True,0.8760195758564437,0,509.4716222877468,284.9520476780364,14.059621392758428,True,509.2112112112112,284.4738071404738,512.5157507124948,279.4114352867689,0.5445437912148196,6.321795910706525,True,TRACKING,RIGHT + DOWN + FORWARD,RIGHT + DOWN + FORWARD,0.6016117209765461,0.5920988196492087,True,True,True,occlusion
297,True,0.8792822185970636,0,505.8326251134664,289.83452781775867,14.033545616719383,True,505.4482071713147,289.36354581673305,508.98197894190474,284.38749055175094,0.6079483526897922,6.291950771738136,True,TRACKING,RIGHT + DOWN + FORWARD,RIGHT + DOWN + FORWARD,0.5905686841934523,0.5807269534795825,True,True,True,occlusion
298,True,0.8760195758564437,0,502.0558755739697,294.6020538159319,14.014911888319407,True,501.64729458917833,294.18203072812287,505.31463676554154,289.2847606399369,0.5859674183994513,6.236435778806518,True,TRACKING,RIGHT + DOWN + FORWARD,RIGHT + DOWN + FORWARD,0.5791082398923173,0.5689246111686552,True,True,True,occlusion
299,True,0.8776508972267537,0,498.14417326476143,299.2454046544281,14.003728380927626,True,497.7145230973745,298.76437354602854,501.514579931458,294.0245670929827,0.644973017717583,6.214240576443114,True,TRACKING,RIGHT + DOWN + FORWARD,RIGHT + DOWN + FORWARD,0.5672330622858063,0.5567005414523795,True,True,True,occlusion
0,True,0.5044136191677175,4,409.7219860679131,230.39999999999998,14.0,True,408.54166666666663,229.0883152173913,408.54166666666663,229.0883152173913,1.7645596781877402,1.7645596781877402,True,TRACKING,RIGHT + FORWARD,RIGHT + FORWARD,0.2766927083333332,0.2803812064622285,True,True,True,hard
1,True,0.49564134495641343,4,415.4659554431149,235.88722116606954,14.003728380927626,True,414.34748858447483,234.37031963470318,411.44457762557073,231.72931742604726,1.8846639938561551,5.784431092400335,True,TRACKING,RIGHT + FORWARD,RIGHT + FORWARD,0.2857643050799085,0.2983311107597341,True,True,True,hard
2,True,0.4896214896214896,4,421.13915865897377,241.36382932953273,14.014911888319407,True,420.0918136589778,239.92899140660333,415.76819564227424,235.8291544163253,1.776426585618704,7.712319373680123,True,TRACKING,RIGHT + FORWARD,RIGHT + FORWARD,0.299275611382107,0.31605987080929304,True,True,True,hard
3,True,0.5043156596794082,4,426.737390333572,246.81923201471687,14.033545616719383,True,425.6781914893617,245.4609929078014,420.72319356581795,240.64507366206334,1.7224156476097712,8.619210759977095,True,TRACKING,RIGHT + FORWARD,RIGHT + FORWARD,0.3147599798931811,0.3335543447924126,True,True,True,hard
4,True,0.503052503052503,4,432.2565006592334,252.24287776011445,14.059621392758427,True,430.93843447669303,250.93843447669303,425.8308140212555,245.7917540693782,1.8544192463463447,9.105297669086186,True,TRACKING,RIGHT + FORWARD,RIGHT + FORWARD,0.3307212938164234,0.3508015645601043,True,True,True,hard
5,True,0.5232704402515723,4,437.69239847865555,257.6242765262885,14.093127778739355,True,436.68885987815486,256.43820713664053,431.2598369497052,251.11498060300937,1.553657079202096,9.151436020677334,True,TRACKING,RIGHT + FORWARD,RIGHT + FORWARD,0.3476869904678287,0.3677887452457986,True,True,True,hard
6,True,0.5186104218362283,4,443.04105431756693,262.9530199849791,14.134050077653876,True,441.9761904761904,261.62683982683984,436.6180137129478,256.3709102149246,1.7007906433519144,9.196717872895363,True,TRACKING,RIGHT + FORWARD,RIGHT + FORWARD,0.3644312928529619,0.38450329474239664,True,True,True,hard
7,True,0.5229244114002478,4,448.29850337166016,268.2188016501702,14.182370339629198,True,446.97897897897894,266.9519519519519,441.7984963459634,261.6614310834383,1.8292219058267494,9.233049338303642,True,TRACKING,RIGHT + FORWARD,RIGHT + DOWN + FORWARD,0.38062030108113554,0.400932823036438,True,False,True,hard
8,True,0.545,4,453.4608484455864,273.4114368121798,14.238067369801415,True,452.4491315136476,272.1149710504549,447.12381392980546,266.88820106694664,1.6445043696191353,9.09453742870336,True,TRACKING,RIGHT + DOWN + FORWARD,RIGHT + DOWN + FORWARD,0.3972619185306421,0.41706515139245753,True,True,True,hard
9,True,0.5473815461346634,4,458.52426284183474,278.5208822362191,14.301116737612292,True,457.6362139917695,277.35102880658434,452.3800139607875,272.1196149367655,1.468736806555344,8.872881006263087,True,TRACKING,RIGHT + DOWN + FORWARD,RIGHT + DOWN + FORWARD,0.4136875436274609,0.4328883213807336,True,True,True,hard
10,True,0.5532178217821783,4,463.4849931973521,283.53725558732106,14.371490787525303,True,462.47838383838376,282.21535353535353,457.42919889958563,277.1674842360595,1.6615316537937423,8.78900629446884,True,TRACKING,RIGHT + DOWN + FORWARD,RIGHT + DOWN + FORWARD,0.4294662465612051,0.44839060374172524,True,True,True,hard
11,True,0.5447852760736196,4,468.3393622658033,288.4508545440668,14.449158651156274,True,467.2268292682927,287.19878048780487,462.32801408393914,282.18313236193217,1.674938540040805,8.684506221773557,True,TRACKING,RIGHT + DOWN + FORWARD,RIGHT + DOWN + FORWARD,0.44477504401230983,0.4635605070806353,True,True,True,hard
12,True,0.5331695331695332,4,473.08377164340726,293.25217556414293,14.534086260813272,True,471.87692949520226,291.7304964539007,467.1024717895707,286.95681440791645,1.9421573791100681,8.683750343534205,True,TRACKING,RIGHT + DOWN + FORWARD,RIGHT + DOWN + FORWARD,0.45969522434240845,0.4783867863856477,True,True,True,hard
13,True,0.5660146699266504,4,477.7147044363307,297.93193226543406,14.62623636443981,True,476.55633528265105,296.6651072124756,471.8294035361109,291.81096081019604,1.716585218100064,8.491351967853344,True,TRACKING,RIGHT + DOWN + FORWARD,RIGHT + DOWN + FORWARD,0.4744668860503465,0.4928584513635334,True,True,True,hard
14,True,0.5656441717791411,4,482.2287278676595,302.481073387099,14.725568541954857,True,481.08050019538877,301.08010941774126,476.4549518657498,296.4455351139686,1.8113880950273522,8.352497325150695,True,TRACKING,RIGHT + DOWN + FORWARD,RIGHT + DOWN + FORWARD,0.4889217245804682,0.5069647745864359,True,True,True,hard
15,True,0.5922693266832918,4,486.62249582201724,306.8908002958915,14.83203922298239,True,485.7022727272727,305.6272727272727,481.07861229651127,301.03640392062067,1.5631098684228366,8.062791170752268,True,TRACKING,RIGHT + DOWN + FORWARD,RIGHT + DOWN + FORWARD,0.5033706634265978,0.5206952994438039,True,True,True,hard
16,True,0.5928659286592866,4,490.89275132594446,311.15258400386665,14.945601705962822,True,489.82680104516606,309.78088839119073,485.45270667083867,305.40864615590567,1.737181295929101,7.9111887760806034,True,TRACKING,RIGHT + DOWN + FORWARD,RIGHT + DOWN + FORWARD,0.5170397083463708,0.5340398478935764,True,True,True,hard
17,True,0.5432098765432098,4,495.0363289621986,315.25818166455787,15.066206178637843,True,493.99441964285717,313.71651785714283,489.72356315684794,309.5625820065243,1.8607262896041181,7.788795540203588,True,TRACKING,RIGHT + DOWN + FORWARD,RIGHT + DOWN + FORWARD,0.5303861348651498,0.5469885280068706,True,True,True,hard
18,True,0.5328142380422692,4,499.05015721618696,319.19965251571875,15.193799739899726,True,497.81108597285066,317.3970588235294,493.76732456484933,313.47982041502684,2.1873823545927755,7.786192913237166,True,TRACKING,RIGHT + DOWN + FORWARD,RIGHT + DOWN + FORWARD,0.5430228892651542,0.5595317413005843,True,True,True,hard
19,True,0.57,4,502.93126075279145,322.9693732377946,15.328326422995492,True,501.9295478443743,321.63021381002454,497.84843620461186,317.55501711252566,1.6723566377645003,7.42632867834535,True,TRACKING,RIGHT + DOWN + FORWARD,RIGHT + DOWN + FORWARD,0.555776363139412,0.5716601898524732,True,True,True,hard
20,True,0.5657015590200446,4,506.6767626218993,326.5600526984185,15.469727220075786,True,505.447983014862,324.9777070063694,501.6482096097369,321.26636205944754,2.0034263679548685,7.301335903603926,True,TRACKING,RIGHT + DOWN + FORWARD,RIGHT + DOWN + FORWARD,0.5676506550304279,0.5833648831934353,True,True,True,hard
21,True,0.5715883668903803,4,510.28388639100257,329.96474605441364,15.617940108077669,True,508.99718111346016,328.1754756871036,505.32269536159856,324.72091887327554,2.203882691657916,7.218804605741974,True,TRACKING,RIGHT + DOWN + FORWARD,RIGHT + DOWN + FORWARD,0.5791334230049955,0.594637144971883,True,True,True,hard
22,True,0.5841694537346711,4,513.7499582032876,333.17686818402774,15.77290007592998,True,512.5176430284343,331.32237067488865,508.92016919501646,328.0216447740821,2.2266031755965816,7.0642190135122815,True,TRACKING,RIGHT + DOWN + FORWARD,RIGHT + DOWN + FORWARD,0.5903755287344264,0.6054686193852739,True,True,True,hard
23,True,0.5928411633109619,4,517.0724087596885,336.1902064234184,15.93453915306935,True,515.579268292683,334.2632113821138,512.2497187438497,331.14242807809796,2.4377814388131607,6.9812896525181545,True,TRACKING,RIGHT + DOWN + FORWARD,RIGHT + DOWN + FORWARD,0.6007803710745303,0.6158512773740267,True,True,True,hard
24,True,0.5643363728470111,4,520.248775223434,338.99893258275677,16.10278643925432,True,518.9842342342342,337.3935006435006,515.6169764890419,334.2679643607993,2.04364273417594,6.620847365185789,True,TRACKING,RIGHT + DOWN + FORWARD,RIGHT + DOWN + FORWARD,0.611303051528256,0.6257774225732312,True,True,True,hard
25,True,0.5646464646464646,4,523.2767030456769,341.5976142187083,16.27756813566454,True,521.9871794871794,339.6801282051282,518.8020779881107,336.97404628296374,2.310762562487808,6.434255968038927,True,TRACKING,RIGHT + DOWN + FORWARD,RIGHT + DOWN + FORWARD,0.6212564937128459,0.6352396970177402,True,True,True,hard
26,True,0.6133056133056133,4,526.153947710854,343.9812251414874,16.458807577271386,True,524.7531088868668,342.34303912647863,521.7775934374888,339.6585427047212,2.15545884455265,6.1512649248044315,True,TRACKING,RIGHT + DOWN + FORWARD,RIGHT + DOWN + FORWARD,0.6305549794921526,0.6442310865964188,True,True,True,hard
27,True,0.6040201005025125,4,528.8783764004808,346.1451551361657,16.646425266465744,True,527.6803449301219,344.6119536128457,524.7289691838054,342.13524815878344,1.9457611145978408,5.7703495749440545,True,TRACKING,RIGHT + DOWN + FORWARD,RIGHT + DOWN + FORWARD,0.6397780286993917,0.6527449262515024,True,True,True,hard
28,True,0.6111111111111112,4,531.4479695741472,348.0852188794295,16.84033890792831,True,529.8205359831376,346.02469135802465,527.2747525834715,344.07996975840405,2.6257025268703433,5.78426836970242,True,TRACKING,RIGHT + DOWN + FORWARD,RIGHT + DOWN + FORWARD,0.6477336018233484,0.6607749049192101,True,True,True,hard
29,True,0.5563636363636364,4,533.860822466546,349.79766403454204,17.04046344472703,True,532.1418563922942,348.1214244016345,529.7083044878829,346.10069708001924,2.400963071635721,5.559763504498553,True,TRACKING,RIGHT + DOWN + FORWARD,RIGHT + DOWN + FORWARD,0.6553384515246339,0.6683150702079562,True,True,True,hard
30,True,0.605672461116194,4,536.1151464994192,351.27917850885314,17.246711095625894,True,534.5135862254506,350.0209846650525,532.1109453566667,348.0608408725359,2.036675492004639,5.137248673459061,True,TRACKING,RIGHT + DOWN + FORWARD,RIGHT + DOWN + FORWARD,0.6628467042395834,0.675359832810685,True,True,True,hard
31,True,0.5908256880733945,4,538.2092706073807,352.5268968598189,17.458991393588665,True,536.7522148394241,350.4471207087486,534.4315800980454,349.25398079064223,2.539385821315139,4.998292226370654,True,TRACKING,RIGHT + DOWN + FORWARD,RIGHT + DOWN + FORWARD,0.6700986878063919,0.6819039706480648,True,True,True,hard
32,True,0.6277573529411765,4,540.1416424766278,353.53840583714197,17.677211225460724,True,539.0319314641745,351.5064901349948,536.73175578111,350.3802354628185,2.31519760534438,4.64772712081116,True,TRACKING,RIGHT + DOWN + FORWARD,RIGHT + DOWN + FORWARD,0.6772867368159687,0.6879426327394619,True,True,True,hard
33,True,0.6591760299625468,4,541.9108296956272,354.31174905031276,17.901274872811584,True,540.4217019133937,352.45040281973814,538.5767288472518,351.41531914127836,2.383717966097063,4.416507068384028,True,TRACKING,RIGHT + DOWN + FORWARD,RIGHT + DOWN + FORWARD,0.683052277647662,0.6934713427988349,True,True,True,hard
34,True,0.6107834877843302,4,543.5155208169205,354.84543075252463,18.13108405392014,True,541.8973793779084,353.1072740631888,540.2370541125802,352.2612966022336,2.374777967164729,4.174457238751933,True,TRACKING,RIGHT + DOWN + FORWARD,RIGHT + DOWN + FORWARD,0.6882407941018129,0.6984860025528764,True,True,True,hard
35,True,0.6219816819317235,4,544.9545263292617,355.1384187336433,18.366537966884298,True,543.5853485064011,353.2344713134187,541.9112013094907,352.74788395782616,2.3451361771959363,3.8699462128504245,True,TRACKING,RIGHT + DOWN + FORWARD,RIGHT + DOWN + FORWARD,0.6934725040921584,0.7029828947789429,True,True,True,hard
36,True,0.6232365145228216,4,546.2267795393684,355.19014631663623,18.607533333836002,True,544.5777305968388,353.25312573720214,543.2444659531648,353.00050484751415,2.5438968414637286,3.699827575678892,True,TRACKING,RIGHT + DOWN + FORWARD,RIGHT + DOWN + FORWARD,0.6976389561036399,0.7069586860605263,True,True,True,hard
37,True,0.6403654485049833,4,547.3313373626303,355.0005134536001,18.853964446242344,True,545.7057201929704,352.84838042729154,544.4750930730676,352.9244426374029,2.697092461377819,3.5310340518784815,True,TRACKING,RIGHT + DOWN + FORWARD,RIGHT + DOWN + FORWARD,0.7014846658533361,0.7104104292582196,True,True,True,hard
38,True,0.6119969627942293,4,548.2673810221906,354.5698869192663,19.10572321127279,True,546.530303030303,352.54347826086956,545.5026980516852,352.73396044913625,2.6690395277563272,3.3187494529004287,True,TRACKING,RIGHT + DOWN + FORWARD,RIGHT + DOWN + FORWARD,0.7046959314115163,0.7133355656943458,True,True,True,hard
39,True,0.6450640542577242,4,549.0342166558819,353.8990996016108,19.362699199212294,True,547.6837659662134,352.1001236093943,546.5932320089494,352.4170420292653,2.2494514188569488,2.855678674904967,True,TRACKING,RIGHT + DOWN + FORWARD,RIGHT + DOWN + FORWARD,0.7081038500279668,0.715731927049631,True,True,True,hard
40,True,0.667427701674277,4,549.6312758305658,352.98944889094037,19.62477969189941,True,548.1322463768116,351.05676328502415,547.3627391928806,351.7369026571447,2.4458869463935082,2.591356892501648,True,TRACKING,RIGHT + DOWN + FORWARD,RIGHT + DOWN + FORWARD,0.7105085599777518,0.717597736970518,True,True,True,hard
41,True,0.6838905775075987,4,550.0581159634966,351.8426941705694,19.891849732168208,True,548.6153846153846,349.8868663143472,547.9890619041325,350.81188448574596,2.430377819599194,2.3116127069421815,True,TRACKING,RIGHT + DOWN + FORWARD,RIGHT + DOWN + FORWARD,0.7124658184504142,0.7189316123859267,True,True,True,hard
42,True,0.6420179682100898,4,550.3144206503947,350.46105341394355,20.163792174272277,True,548.7852272727273,348.6486742424242,548.3871445884299,349.73027936408505,2.371318335369388,2.0611704759599814,True,TRACKING,RIGHT + DOWN + FORWARD,RIGHT + DOWN + FORWARD,0.7137098268388435,0.7197325645324835,True,True,True,hard
43,True,0.6429558011049724,4,550.399999899988,348.8471988947888,20.440487735268725,True,548.7470677260688,346.4224366250472,548.5671061572493,348.07635799456614,2.934562460800455,1.9883900939268695,True,TRACKING,RIGHT + DOWN + FORWARD,RIGHT + DOWN + FORWARD,0.7142722067414041,0.7199999996874624,True,True,True,hard
44,True,0.6550068587105624,4,550.3147902748469,347.00425201858525,20.721815047339625,True,548.4513274336283,344.6135693215339,548.5092167954388,346.34496365805,3.031147887943346,1.9221750003262874,True,TRACKING,RIGHT + DOWN + FORWARD,RIGHT + DOWN + FORWARD,0.7140913024857461,0.7197337196088966,True,True,True,hard
45,True,0.6372360844529751,4,550.0588549384092,344.93577728536087,21.007650711027956,True,548.3626102292768,342.8278659611993,548.4359135123577,344.58641480962467,2.705648954278517,1.6601183728417201,True,TRACKING,RIGHT + DOWN + FORWARD,RIGHT + DOWN + FORWARD,0.7138622297261179,0.7189339216825289,True,True,True,hard
46,True,0.6610389610389611,4,549.632383608158,342.64577539548316,21.29786934936466,True,547.93506044905,340.22487046632125,548.1854869807039,342.40564263797296,2.9566343335767464,1.466687966735734,True,TRACKING,RIGHT + DOWN + FORWARD,RIGHT + DOWN + FORWARD,0.7130796468146997,0.7176011987754937,True,True,True,hard
47,True,0.6927480916030534,5,549.03569241499,340.1386755117814,21.59234366286315,True,547.4217391304347,338.15475040257644,547.8036130555693,340.28019652027467,2.557499568653053,1.2401805286955188,True,TRACKING,RIGHT + DOWN + FORWARD,RIGHT + DOWN + FORWARD,0.711886290798654,0.7157365387968436,True,True,True,hard
48,True,0.6973180076628352,5,548.2692236688772,337.4193266929678,21.89094448535706,True,546.4662173005937,335.2431391429947,547.1349151780814,337.76166783163467,2.826061608799177,1.1848431151486365,True,TRACKING,RIGHT + DOWN + FORWARD,RIGHT + DOWN + FORWARD,0.7097966099315045,0.7133413239652413,True,True,True,hard
49,True,0.6641131408367708,4,547.3335455309943,334.4929885149238,22.193540840656787,True,545.4224191542288,332.2708333333333,546.2786671661552,335.01625058248396,2.9309346084548618,1.177527730439112,True,TRACKING,RIGHT + DOWN + FORWARD,RIGHT + DOWN + FORWARD,0.7071208348942349,0.7104173297843573,True,True,True,hard
50,True,0.6886120996441281,4,546.2293515925583,331.3653208979934,22.5,True,544.5218047381921,329.2998340123736,545.4002359521737,332.1580422974288,2.679916479020011,1.14710067659864,True,TRACKING,RIGHT + DOWN + FORWARD,RIGHT + DOWN + FORWARD,0.7043757373505428,0.7069667237267445,True,True,True,hard
51,True,0.7149672033392963,4,544.9574603606886,328.0423731599582,22.810187540270842,True,543.2213952130764,325.8765323992995,544.3108155826251,329.0172873483641,2.7757500603051923,1.1698748410629451,True,TRACKING,RIGHT + DOWN + FORWARD,RIGHT + DOWN + FORWARD,0.7009712986957034,0.7029920636271519,True,True,True,hard
52,True,0.6817930271167681,4,543.5188146516716,324.53057231586575,23.12396740296235,True,541.6940542074641,322.2199517525188,543.0024348950446,325.61861955044145,2.944268681099989,1.2043649105324996,True,TRACKING,RIGHT + DOWN + FORWARD,RIGHT + DOWN + FORWARD,0.6968826090470145,0.6984962957864738,True,True,True,hard
53,True,0.7089175546831183,3,541.914480892078,320.83671064734347,23.441201953856233,True,539.7824823578248,318.7095613670956,541.3924586264347,322.16409045876856,3.011674253719461,1.4263395141431936,True,TRACKING,RIGHT + DOWN + FORWARD,RIGHT + DOWN + FORWARD,0.6918514332076086,0.6934827527877439,True,True,True,hard
54,True,0.730185497470489,3,540.1456483282515,316.96793256543805,23.761752043393763,True,538.2971774193549,314.6217741935484,539.8448180228947,318.3929323261585,2.9868551700785573,1.456407632043409,True,TRACKING,RIGHT + DOWN + FORWARD,RIGHT + DOWN + FORWARD,0.687015056321546,0.6879551510257859,True,True,True,hard
55,True,0.6623309053069719,3,538.213628144755,312.9317207923918,24.085477067711395,True,535.8811486672162,309.8242649079417,537.8629833450555,314.1085986170501,3.8854526875183275,1.2280037417405902,True,TRACKING,RIGHT + DOWN + FORWARD,RIGHT + DOWN + FORWARD,0.6808218229532983,0.6819175879523595,True,True,True,hard
56,True,0.7075962539021852,3,536.1198524924273,308.73588188907945,24.41223503031425,True,534.2585034013605,306.1138493133102,536.060743373208,310.11122396518016,3.2155365442193933,1.3766116788215512,True,TRACKING,RIGHT + DOWN + FORWARD,RIGHT + DOWN + FORWARD,0.675189823041275,0.6753745390388353,True,True,True,hard
57,True,0.7276041666666667,3,533.865873426771,304.3885311561002,24.74188260436047,True,531.8321468714875,301.83476957662043,533.9464451223478,305.9729967709003,3.2646197185112826,1.586512868719289,True,TRACKING,RIGHT + DOWN + FORWARD,RIGHT + DOWN + FORWARD,0.6685826410073368,0.6683308544586595,True,True,True,hard
58,True,0.6781115879828327,3,531.4533617574582,299.8980769377259,25.07427519552914,True,529.2414765759137,297.102526367427,531.5939608491308,301.53776156916365,3.564763533172231,1.6457016118216523,True,TRACKING,RIGHT + DOWN + FORWARD,RIGHT + DOWN + FORWARD,0.6612311276535336,0.6607917554920568,True,True,True,hard
59,True,0.7102354637193657,3,528.8841058098076,295.27320435906455,25.409267005444086,True,526.8719217626958,292.5134912218687,529.2329413059133,297.02562639551616,3.4153918134033048,1.7868041854619987,True,TRACKING,RIGHT + DOWN + FORWARD,RIGHT + DOWN + FORWARD,0.6538529415809791,0.6527628306556487,True,True,True,hard
60,True,0.7140105922002888,3,526.1600100991509,290.5228585278941,25.746711095625894,True,523.7010684513326,287.5682752142773,526.4670048786229,292.2969508048967,3.8439506480283816,1.8004580533696053,True,TRACKING,RIGHT + DOWN + FORWARD,RIGHT + DOWN + FORWARD,0.6452093902456966,0.6442500315598465,True,True,True,hard
61,True,0.6987093902981754,3,523.2830939190701,285.65622723365493,26.086459451943984,True,521.2519946808511,282.82734929078015,523.859499779737,287.56215004783843,3.4825155464372597,1.991176910733023,True,TRACKING,RIGHT + DOWN + FORWARD,RIGHT + DOWN + FORWARD,0.6370609368116782,0.635259668497094,True,True,True,hard
62,True,0.7199115044247788,3,520.2554898445534,280.6827231770651,26.428363049540486,True,518.339419175742,277.86749946615413,521.0994594777395,282.7148247569963,3.4054091311257357,2.200391231781097,True,TRACKING,RIGHT + DOWN + FORWARD,RIGHT + DOWN + FORWARD,0.628435810867936,0.6257984057642293,True,True,True,hard
63,True,0.7275541795665634,3,517.0794421511795,275.6119657647273,26.772271918197468,True,515.0044359949303,272.73384030418254,518.0519477363349,277.72433253058944,3.5481342583261966,2.325480695829867,True,TRACKING,RIGHT + DOWN + FORWARD,RIGHT + DOWN + FORWARD,0.6189123366760466,0.6158732567224359,True,True,True,hard
64,True,0.6994581075448103,3,513.7573051514995,270.45376250393974,27.118035208118854,True,511.58328154133,267.26621089703747,514.8176146388324,272.49527171381345,3.8583498939624126,2.300438232799865,True,TRACKING,RIGHT + DOWN + FORWARD,RIGHT + DOWN + FORWARD,0.6088050457463513,0.6054915785984359,True,True,True,hard
65,True,0.7144046627810158,3,510.2915414498546,265.2180900336958,27.465501256098094,True,508.11739086397245,262.06411425098753,511.46750275140244,267.2796929824005,3.8307302186400203,2.3734135124006626,True,TRACKING,RIGHT + DOWN + FORWARD,RIGHT + DOWN + FORWARD,0.5983359460981326,0.5946610670307957,True,True,True,hard
66,True,0.7375621890547264,3,506.68472011691733,259.9150748285608,27.81451765204268,True,504.39432084309135,256.77429742388756,507.9309117972469,262.026995203144,3.8872112805002867,2.4521829810807683,True,TRACKING,RIGHT + FORWARD,RIGHT + FORWARD,0.5872840993663966,0.5833897503653667,True,True,True,hard
67,True,0.7146739130434783,3,502.9395147853138,254.55497361274735,28.16493130582626,True,500.3993026104985,251.8265008010555,504.1651072038727,256.92674800209977,3.7279004516244068,2.6697173128286686,True,TRACKING,RIGHT + FORWARD,RIGHT + FORWARD,0.5755159600121023,0.5716859837041056,True,True,True,hard
68,True,0.7332814930015552,3,499.0587016677374,249.1481535222705,28.516588514439,True,496.30438378825477,246.37928499218822,500.23474549606374,251.653016497144,3.9054961167715585,2.7672039334021963,True,TRACKING,RIGHT + FORWARD,RIGHT + FORWARD,0.5632335796751992,0.5595584427116794,True,True,True,hard
69,True,0.7374562427071178,3,495.04515749902157,243.70507205355244,28.869335029406827,True,492.52528577960675,240.36534064929126,496.38001563783524,246.00917857321764,4.18372553293294,2.6628468045910507,True,TRACKING,RIGHT + FORWARD,RIGHT + FORWARD,0.5511875488682352,0.5470161171844424,True,True,True,hard
70,True,0.7076978939724038,3,490.9018574037004,238.2362568372583,29.22301612444989,True,488.224,234.80995555555555,492.3020078189176,240.40956706438658,4.348615957698607,2.5852849994871625,True,TRACKING,RIGHT + FORWARD,RIGHT + FORWARD,0.5384437744341175,0.5340683043865637,True,True,True,hard
71,True,0.7236746550472041,3,486.63187269063326,232.75228527648298,29.577476663350634,True,483.8714471968709,229.37044763146457,488.08672750789424,234.89000734792558,4.365406597772619,2.5858186699844796,True,TRACKING,RIGHT + FORWARD,RIGHT + FORWARD,0.5252710234621695,0.5207246021582289,True,True,True,hard
72,True,0.7394927536231884,3,482.2383685763333,227.2637640886715,29.93256116800167,True,479.47987117552333,223.64098652428171,483.7832993417088,229.26549693610366,4.55344102754405,2.528585664416492,True,TRACKING,RIGHT + FORWARD,RIGHT + FORWARD,0.5118228104428401,0.5069949018010416,True,True,True,hard
73,True,0.7311352821210061,3,477.72460183868304,221.78130879084213,30.288113886603607,True,475.4069159630076,218.55987133092077,479.5951076523582,223.91268413351222,3.9685421915975825,2.835763186575098,True,TRACKING,RIGHT + FORWARD,RIGHT + FORWARD,0.49873471141361936,0.4928893807458845,True,True,True,hard
74,True,0.7440597420230821,3,473.0939184027793,216.31552316778948,30.64397886198293,True,470.50200993142585,213.13328604082918,475.048558791892,218.5229850871707,4.104220103269123,2.9484753986202406,True,TRACKING,RIGHT + FORWARD,RIGHT + FORWARD,0.48452674622466246,0.47841849500868533,True,True,True,hard
75,True,0.7665755297334245,3,468.34975086069494,210.87697876297918,30.999999999999996,True,465.6260294004464,207.55699222658353,470.3372940961692,213.0399886568771,4.294294958996981,2.937505730033546,True,TRACKING,RIGHT + UP + FORWARD,RIGHT + UP + FORWARD,0.4698040440505288,0.4635929714396717,True,True,True,hard
76,True,0.7497578301582176,2,463.4956159269976,205.47619443180196,31.35602113801707,True,461.017258052518,202.1603064792085,465.6772760743436,207.60014756804281,4.139730748267261,3.0448017872211617,True,TRACKING,RIGHT + UP + FORWARD,RIGHT + UP + FORWARD,0.4552414877323237,0.4484237997718674,True,True,True,hard
77,True,0.7560425394779245,2,458.53511183191097,200.12361599673318,31.71188611339639,True,455.857993384785,196.65755237045204,460.7676347295643,202.12884996924743,4.379561649454349,3.0008535074327884,True,TRACKING,RIGHT + UP + FORWARD,RIGHT + UP + FORWARD,0.4398988585298884,0.4329222244747218,True,True,True,hard
78,True,0.7387496224705528,1,453.4719156540498,194.82959604374696,32.06743883199833,True,449.90697674418607,191.30314879604856,455.3373057368752,196.715999382648,5.01444110762704,2.6529601802741625,True,TRACKING,RIGHT + UP + FORWARD,RIGHT + UP + FORWARD,0.4229290804277349,0.4170997364189056,True,True,True,hard
79,True,0.7811158798283262,1,448.3097805947084,189.6043738990632,32.42252333664936,True,445.35446434560936,186.59488830750655,450.34588504124224,191.6554438450773,4.217925753018411,2.890088102573533,True,TRACKING,RIGHT + UP + FORWARD,RIGHT + UP + FORWARD,0.407330890753882,0.40096806435846377,True,True,True,hard
80,True,0.7651959271829682,1,443.0525331957199,184.45805582495217,32.7769838755501,True,440.36024758328114,180.54711732387509,445.3530663122617,186.10128058447617,4.748035570438765,2.827125789670204,True,TRACKING,RIGHT + UP + FORWARD,RIGHT + UP + FORWARD,0.3917283322258179,0.38453916623662465,True,True,True,hard
81,True,0.7447613504074505,1,437.70407050295177,179.40059547290363,33.13066497059317,True,434.76513007143814,175.69867906725972,440.0590981918499,180.89997982586794,4.7266855125300085,2.791828944149532,True,TRACKING,RIGHT + UP + FORWARD,RIGHT + UP + FORWARD,0.3751846818495309,0.36782522032172427,True,True,True,hard
82,True,0.7788433594885208,1,432.26835717753806,174.441774631964,33.48341148556099,True,429.5150289017341,171.1204238921002,434.787063546792,176.0102018589841,4.314184434112109,2.967127523545011,True,TRACKING,RIGHT + UP + FORWARD,RIGHT + UP + FORWARD,0.358709573583725,0.35083861617980644,True,True,True,hard
83,True,0.7917633410672854,1,426.74942255698994,169.59118430947856,33.83506869417374,True,423.9216613096363,166.119367240184,429.35436242821413,171.06478454958403,4.47769443292863,2.992859736160783,True,TRACKING,RIGHT + UP + FORWARD,RIGHT + UP + FORWARD,0.3417323825881692,0.33359194549059357,True,True,True,hard
84,True,0.7831555920153132,1,421.15135766836477,164.85820618083025,34.18548234795732,True,418.65988232468777,162.09642170989432,424.007122376451,166.5806031297392,3.719529923532447,3.3349727611423674,True,TRACKING,RIGHT + UP + FORWARD,RIGHT + UP + FORWARD,0.32502225742640933,0.3160979927136399,True,True,True,hard
85,True,0.8188286808976464,1,415.4783121957053,160.25199444405413,34.534498743901906,True,413.57465517241377,158.03528735632185,418.79088877443235,162.30794524303053,2.9219343550343124,3.898730213510878,True,TRACKING,RIGHT + UP + FORWARD,RIGHT + UP + FORWARD,0.30872152742010106,0.2983697256115791,True,True,True,hard
86,True,0.7858106285405989,1,409.7344914039985,155.78145811442164,34.881964791881146,True,407.44293272864695,153.04570033141462,413.11691075153965,157.6768227872226,3.568698895937066,3.877262937372512,True,TRACKING,RIGHT + UP + FORWARD,RIGHT + UP + FORWARD,0.2909903460985614,0.2804202856374953,True,True,True,hard
87,True,0.743226133198278,2,403.9241530219341,151.45524379324212,35.227728081802525,True,401.0519130485732,147.70815023144078,407.08441190005647,152.69248650933167,4.72127870660747,3.3938187510926205,True,TRACKING,RIGHT + UP + FORWARD,RIGHT + UP + FORWARD,0.2721387871876765,0.26226297819354405,True,True,True,hard
88,True,0.7638254693049213,2,398.05160408577296,147.2817189442054,35.57163695045952,True,395.1209161526159,143.6089216358236,401.1026640263362,148.15070407257764,4.698762797802099,3.172396872120786,True,TRACKING,RIGHT + UP + FORWARD,RIGHT + UP + FORWARD,0.25344582508230057,0.2439112627680405,True,True,True,hard
89,True,0.7764556962025316,2,392.12119774666564,143.26895570961457,35.91354054805602,True,388.75875203047104,139.74206015795664,394.9307080284036,143.94638211526714,4.872887586088962,2.890026740060848,True,TRACKING,RIGHT + UP + FORWARD,RIGHT + UP + FORWARD,0.2341584625887613,0.22537874295833013,True,True,True,hard
90,True,0.75,2,386.13733004378685,139.42471529780786,36.2532889043741,True,383.0476980047532,135.3850107776488,388.9892030165784,139.66569644645796,5.085768255319611,2.8620362273989017,True,TRACKING,RIGHT + UP + FORWARD,RIGHT + UP + FORWARD,0.21559125942680754,0.2066791563868339,True,True,True,hard
91,True,0.7682486147916164,2,380.1044366456779,135.75643297196757,36.590732994555914,True,377.13478729133004,131.85659666128163,383.06199515395423,135.7611465538698,4.9017895240333464,2.957562264388051,True,TRACKING,RIGHT + UP + FORWARD,RIGHT + UP + FORWARD,0.19706873485610696,0.18782636451774337,True,True,True,hard
92,True,0.7693793769620865,2,374.02698956221434,132.27120366934997,36.92572480447086,True,370.7860108935986,128.0397454565065,376.92400302377644,131.90044600518814,5.3300263918167285,2.9206417517399723,True,TRACKING,RIGHT + UP + FORWARD,RIGHT + UP + FORWARD,0.17788750944930137,0.1688343423819198,True,True,True,hard
93,True,0.7621979024167806,2,367.90949382963333,128.97576827874988,37.25811739563952,True,364.947106249679,125.31756791454833,370.9355546367277,128.60900695986822,4.707246549577795,3.0482056809310807,True,TRACKING,RIGHT + UP + FORWARD,RIGHT + UP + FORWARD,0.1591736082397741,0.14971716821760417,True,True,True,hard
94,True,0.7662189847484635,2,361.7564841710811,125.87650060274066,37.58776496968575,True,358.5204606838913,122.05136829231004,364.7280076603095,125.33018762608913,5.010337833115087,3.021325820810116,True,TRACKING,RIGHT + UP + FORWARD,RIGHT + UP + FORWARD,0.13977502393846725,0.1304890130346285,True,True,True,hard
95,True,0.7715065999089668,2,355.5725216351525,122.97939502990786,37.914522932288605,True,352.1029962546816,119.0575463103553,358.41550195749556,122.19386696822221,5.236268112385734,2.9495069840441994,True,TRACKING,RIGHT + UP + FORWARD,RIGHT + UP + FORWARD,0.12004844361717364,0.11116413010985156,True,True,True,hard
96,True,0.7420471759359446,2,349.3621902149176,120.29005494091783,38.23824795660623,True,346.06611570247935,115.8204858502379,352.2408088299875,119.00717640923006,5.553481344877847,3.1515428694676495,True,TRACKING,RIGHT + UP + FORWARD,UP + FORWARD,0.1007525275937109,0.09175684442161743,False,True,True,hard
97,True,0.754721076622531,2,343.13009344994,117.81368187084831,38.558798046143764,True,339.75599644655017,113.31872470634686,345.99840263826883,116.16295055778846,5.620424405593145,3.309397447839714,True,TRACKING,UP + FORWARD,UP + FORWARD,0.08124500824459009,0.07228154203106243,True,True,True,hard
98,True,0.7707020212997174,2,336.8808510138055,115.55506544873937,38.87603259703764,True,332.99985488318094,111.47743433463938,339.4991287607249,113.82019244621392,5.629316696420549,3.140885654541543,True,TRACKING,UP + FORWARD,UP + FORWARD,0.06093477737726527,0.05275265941814222,True,True,True,hard
99,True,0.7326915198689062,2,330.6190952896916,113.5185741338256,39.18981245972916,True,326.88900076716527,109.06808592251629,333.1940647639451,111.4441391843651,5.806931243435204,3.3066218642113627,True,TRACKING,UP + FORWARD,UP + FORWARD,0.04123145238732846,0.03318467278028621,True,True,True,hard
100,True,0.7615416323165705,2,324.34946793651534,111.70814676636483,39.5,True,320.7117330362944,107.50951452705837,326.95289890011975,109.47682685571174,5.555324282634554,3.428795900302487,True,TRACKING,UP + FORWARD,UP + FORWARD,0.021727809062874213,0.013592087301610434,True,True,True,hard
101,True,0.7742134484885873,2,318.07661644820485,110.12728494940677,39.80645915934321,True,314.529781420765,105.79394353369763,320.7413401604424,107.63538519470468,5.599811294764699,3.648330693624888,True,TRACKING,UP + FORWARD,UP + FORWARD,0.0023166880013825164,-0.006010573599359859,True,True,True,hard
102,True,0.7545686775397917,2,311.8051907086471,108.77904627623514,40.10905551464295,True,308.1562513939069,104.56465498015076,314.44879577717467,106.10002008742772,5.5745719225038455,3.7637519948398026,True,TRACKING,UP + FORWARD,UP + FORWARD,-0.017347513196329167,-0.025608779035477803,True,True,True,hard
103,True,0.7510797016097369,2,305.53983954486256,107.66603841658286,40.40765633713685,True,301.72697132616486,103.0641129032258,308.08788355166973,104.58206649532676,5.976259907638022,4.000426361242267,True,TRACKING,UP + FORWARD,UP + FORWARD,-0.03722536390103208,-0.0451880014223045,True,True,True,hard
104,True,0.7539154267815192,2,299.2852072809638,106.79041407305792,40.70213065063534,True,295.63984878808094,101.55383589059373,301.86386616987534,103.06795119296024,6.38046938733296,4.52837846906237,True,TRACKING,UP + FORWARD,UP + FORWARD,-0.05667541821913957,-0.06473372724698816,True,True,True,hard
105,True,0.7757027717711814,2,293.0459302954522,106.1538668175356,40.99234928897204,True,289.38320961930805,101.27021747623388,295.62353789459166,102.16908433459706,6.104551878741843,4.745793123543776,True,TRACKING,UP + FORWARD,UP + FORWARD,-0.07617644407940105,-0.0842314678267119,True,True,True,hard
106,True,0.7609509546986147,2,286.82663358440374,105.75762781556901,41.27818495266037,True,283.4160768452983,101.24435456690259,289.51980736994494,101.70671945074983,5.656989719611096,4.864467454849333,True,TRACKING,UP + FORWARD,LEFT + UP + FORWARD,-0.09525060196892206,-0.10366677004873832,False,True,True,hard
107,True,0.7738072965388213,2,280.6319273330937,105.60246344515407,41.559512264731275,True,277.3251840820716,101.17655332175063,283.42249572600826,101.44163638625022,5.524783375719391,5.009965445952719,True,TRACKING,LEFT + UP + FORWARD,LEFT + UP + FORWARD,-0.11430470085622417,-0.12302522708408219,True,True,True,hard
108,True,0.7784821928025359,2,274.46640349859854,105.68867381445445,41.836207825727726,True,270.9225187553806,101.19845857418112,277.1725072406945,101.32004748021566,5.720240552388998,5.138861110323006,True,TRACKING,LEFT + UP + FORWARD,LEFT + UP + FORWARD,-0.13383591487282978,-0.14229248906687958,True,True,True,hard
109,True,0.7418091168091168,2,268.33463240591095,106.01609218135306,42.108150267831796,True,264.3351406859725,101.17346477716163,270.7538239633335,101.24675612868865,6.280682621632961,5.347808352470114,True,TRACKING,LEFT + UP + FORWARD,LEFT + UP + FORWARD,-0.1538943001145828,-0.16145427373152826,True,True,True,hard
110,True,0.7663934426229508,2,262.2411593600896,106.58408527595314,42.37522030810058,True,258.41577189214985,102.01475383758847,264.58479792774165,101.63075498313856,5.959226382132034,5.479792215540717,True,TRACKING,LEFT + UP + FORWARD,LEFT + UP + FORWARD,-0.17317250647580734,-0.18049637699971993,True,True,True,hard
111,True,0.7772241992882563,2,256.1905012769553,107.39155452540503,42.63730080078771,True,252.56261499314934,102.91603053435115,258.57370646044546,102.27339275874485,5.761238919080345,5.645816753696188,True,TRACKING,LEFT + UP + FORWARD,LEFT + UP + FORWARD,-0.19195716731110793,-0.19940468350951476,True,True,True,hard
112,True,0.771636751377288,2,250.1871433348323,108.43693817868945,42.89427678872721,True,246.2719930662254,103.48284284757514,252.42284976333542,102.87811780316,6.314385336320652,5.991566339601982,True,TRACKING,LEFT + UP + FORWARD,LEFT + UP + FORWARD,-0.21117859448957682,-0.21816517707864902,True,True,True,hard
113,True,0.7448146888813328,2,244.23553564981432,109.71821432724808,43.146035553757656,True,240.33516869728209,104.4416588566073,246.37900923030875,103.65988832988364,6.561623274705329,6.426335882960007,True,TRACKING,LEFT + UP + FORWARD,LEFT + UP + FORWARD,-0.23006559615528516,-0.23676395109433024,True,True,True,hard
114,True,0.7562797012898846,2,238.34008997702216,111.23290481561892,43.392466666164,True,234.37471687972666,106.12683788245229,240.3768630550177,104.89336310616797,6.4649905898409905,6.658696092863512,True,TRACKING,LEFT + UP + FORWARD,LEFT + UP + FORWARD,-0.24882230295306967,-0.25518721882180573,True,True,True,hard
115,True,0.7717391304347826,2,232.5051764402968,112.97808003451266,43.633462033115705,True,228.3793777978407,108.25663017718091,234.3781204264292,106.57499664167443,6.270111896401092,6.671386370974946,True,TRACKING,LEFT + UP + FORWARD,LEFT + UP + FORWARD,-0.2675683736674087,-0.2734213236240725,True,True,True,hard
116,True,0.7859074011490368,3,226.73512029275255,114.95036458705961,43.86891594607986,True,222.8116756677321,110.4833755832323,228.59489804708065,108.52918611245337,5.94536865853717,6.685080874472658,True,TRACKING,LEFT + UP + FORWARD,LEFT + UP + FORWARD,-0.28564094360287295,-0.2914527490851483,True,True,True,hard
117,True,0.7524466549013317,3,221.03419871059162,117.14594381726862,44.098725127188416,True,217.35642734855935,112.33963501256693,222.97566269781998,110.43441056251015,6.05199194625519,6.986698865947593,True,TRACKING,LEFT + UP + FORWARD,LEFT + UP + FORWARD,-0.3032010540693125,-0.30926812902940115,True,True,True,hard
118,True,0.756202977429166,3,215.40663762255716,119.5605711880696,44.322788774539276,True,211.61779706999457,114.79565925122084,217.2967298839073,112.6150349068655,6.08766773885259,7.198119406479592,True,TRACKING,LEFT + UP + FORWARD,LEFT + UP + FORWARD,-0.32094771911278974,-0.3268542574295089,True,True,True,hard
119,True,0.7635956493921945,3,209.85660857737366,122.18957649467166,44.54100860641134,True,205.92992058381628,117.44369321027402,211.6133252338618,115.02936405856977,6.159731061326668,7.372563702084298,True,TRACKING,LEFT + UP + FORWARD,LEFT + UP + FORWARD,-0.3387083586441819,-0.3441980981957073,True,True,True,hard
120,True,0.7717304306066912,3,204.38822565149854,125.02787489734851,44.7532889043741,True,200.67442437123626,120.14116188452,206.14387480254902,117.58526297154489,6.137775168497563,7.646880162504085,True,TRACKING,LEFT + UP + FORWARD,LEFT + UP + FORWARD,-0.35580039124203433,-0.36128679483906706,True,True,True,hard
121,True,0.7873056579580061,3,199.00554239947587,128.06997675618354,44.95953655527297,True,195.16131275205115,123.41736198025308,200.65259377730007,120.50131247589898,6.035306606573163,7.745802555503713,True,TRACKING,LEFT + UP + FORWARD,LEFT + UP + FORWARD,-0.3729606444459373,-0.3781076800016379,True,True,True,hard
122,True,0.7526815813668404,3,193.71254884915302,131.30999824875013,45.15966109207169,True,189.7704576253518,126.36999200806143,195.21152570132594,123.43565224198021,6.3201063974282805,8.015750534895886,True,TRACKING,LEFT + UP + FORWARD,LEFT + UP + FORWARD,-0.38996398218335643,-0.3946482848463968,True,True,True,hard
123,True,0.7634276970160673,3,188.51316854398843,134.74167275019303,45.35357473353425,True,184.87731006160163,129.95177960301163,190.0444178814638,126.69371592249593,6.013530016999945,8.192333833163493,True,TRACKING,LEFT + UP + FORWARD,LEFT + UP + FORWARD,-0.4061111941204256,-0.4108963483000362,True,True,True,hard
124,True,0.7675452038001839,3,183.4112556346419,138.3583629536999,45.541192422728614,True,179.3303334015136,133.51486329856138,184.6873756414887,130.10428961052867,6.333515231067793,8.352137991336384,True,TRACKING,LEFT + UP + FORWARD,LEFT + UP + FORWARD,-0.4228519511203478,-0.4268398261417441,True,True,True,hard
125,True,0.7650574712643678,3,178.41059202200398,142.15307370791885,45.72243186433546,True,174.23311099709252,137.0418676244228,179.4602433192906,133.57307861747574,6.601194993443413,8.643962262638778,True,TRACKING,LEFT + UP + FORWARD,LEFT + UP + FORWARD,-0.4391867396272168,-0.44246689993123756,True,True,True,hard
126,True,0.7802113646806556,3,173.5148845537817,146.1184655464961,45.89721356074568,True,169.52097574051734,141.35337086181477,174.49060952990396,137.46322473964526,6.217510350827668,8.710065020056108,True,TRACKING,LEFT + UP + FORWARD,LEFT + UP + FORWARD,-0.4547168452190501,-0.45776598576943217,True,True,True,hard
127,True,0.7563705994991898,3,168.7277622767192,150.24686888356223,46.06546084693065,True,164.6378719866999,145.313216957606,169.56424075830193,141.38822084862562,6.408441613285235,8.898052666569082,True,TRACKING,LEFT + UP + FORWARD,LEFT + UP + FORWARD,-0.47011174763030644,-0.4727257428852525,True,True,True,hard
128,True,0.7544169611307421,3,164.05277374649046,154.53029884771328,46.22709992407002,True,160.22037906798573,149.26204989840446,164.89230991314383,145.32513537351502,6.514729155055098,9.243368193566283,True,TRACKING,LEFT + UP + FORWARD,LEFT + UP + FORWARD,-0.48471153152142554,-0.4873350820422173,True,True,True,hard
129,True,0.753685141509434,3,159.4933843972572,158.960470725795,46.38205989192233,True,155.4292630805703,153.58365888677417,160.16078649685707,149.4543971301446,6.73996940860886,9.52947326815455,True,TRACKING,LEFT + UP + FORWARD,LEFT + UP + FORWARD,-0.4994975421973217,-0.5015831737585713,True,True,True,hard
130,True,0.7591391509433962,3,155.05297397284193,163.52881598662125,46.53027277992422,True,150.90096090125908,158.11616964877402,155.53087369905808,153.78528338945932,6.8217265355044745,9.7552455438228,True,TRACKING,LEFT + UP + FORWARD,LEFT + UP + FORWARD,-0.5139660196904435,-0.515459456334869,True,True,True,hard
131,True,0.7682031708749266,4,150.7348340214223,168.22649885363145,46.67167357700451,True,146.7845055267534,162.98363168019824,151.15768961290576,158.38445753482878,6.564506943713029,9.851120960188634,True,TRACKING,LEFT + UP + FORWARD,LEFT + UP + FORWARD,-0.5276322199596695,-0.5289536436830553,True,True,True,hard
132,True,0.7671172494857479,4,146.5421654556004,173.04443339443833,46.806200260100276,True,142.16086316821972,167.747588687265,146.65927639056275,163.0660231110469,6.874036193192283,9.97909749199695,True,TRACKING,LEFT + UP + FORWARD,LEFT + UP + FORWARD,-0.5416897612794914,-0.5420557329512488,True,True,True,hard
133,True,0.7516166960611405,4,142.47807617965918,177.97330109420656,46.93379382136216,True,137.71160973655213,171.97208587932818,142.18544306355744,167.51905449518753,7.663797127309242,10.458341459989741,True,TRACKING,LEFT + UP + FORWARD,LEFT + UP + FORWARD,-0.555670490426383,-0.554756011938565,True,True,True,hard
134,True,0.7409071759584328,4,138.5455787857629,183.0035688788792,47.05439829403718,True,134.37994432575903,177.49796076908137,138.28269369465824,172.50850763213447,6.903928672360646,10.498353163427508,True,TRACKING,LEFT + UP + FORWARD,LEFT + UP + FORWARD,-0.5678665822041931,-0.5670450662944909,True,True,True,hard
135,True,0.7349838233225489,4,134.7475883208083,188.12550755338762,47.16796077701761,True,129.9988234140602,182.46625486158774,134.14075855435922,177.4873812468611,7.38768632043932,10.655419920353214,True,TRACKING,LEFT + UP + FORWARD,LEFT + UP + FORWARD,-0.5808101295176274,-0.578913786497474,True,True,True,hard
136,True,0.7418130709768096,4,131.0869201255856,193.32921061918603,47.27443145804514,True,126.7541068425818,187.50743758892767,130.44743269847052,182.4974094178944,7.2571559278561555,10.850661797039892,True,TRACKING,LEFT + UP + FORWARD,LEFT + UP + FORWARD,-0.5923517728172796,-0.590353374607545,True,True,True,hard
137,True,0.7628024760832864,4,127.56628774784699,198.60461343471385,47.37376363556019,True,123.58081666037498,193.30451742796023,127.01412467942275,187.9009634229273,6.631364676285038,10.71788260940331,True,TRACKING,LEFT + UP + FORWARD,LEFT + UP + FORWARD,-0.6030808603768039,-0.6013553507879782,True,True,True,hard
138,True,0.7468763161589218,4,124.18830093083213,203.94151268172754,47.46591373918673,True,119.77367880305657,198.24346625569896,123.39390174123966,193.07221483931312,7.208094172818687,10.898289116165898,True,TRACKING,LEFT + UP + FORWARD,LEFT + UP + FORWARD,-0.614394057058626,-0.6119115595911496,True,True,True,hard
139,True,0.7586888951681265,3,120.95546367874057,209.32958609985076,47.550841348843726,True,116.26427686147393,203.79406997807226,119.82908930135679,198.43314240869267,7.255974950960483,10.9545061208895,True,TRACKING,LEFT + UP + FORWARD,LEFT + UP + FORWARD,-0.62553409593326,-0.6220141760039357,True,True,True,hard
140,True,0.7567415730337078,4,117.870172400586,214.75841245117476,47.6285092124747,True,113.9695471686155,208.90664511835726,116.89931823498614,203.66989376352495,7.032642328294177,11.130939066279254,True,TRACKING,LEFT + UP + FORWARD,LEFT + UP + FORWARD,-0.6346896305156683,-0.6316557112481688,True,True,True,hard
141,True,0.7669575007036308,4,114.934714133807,220.21749167629386,47.6988832623877,True,110.65736739933621,214.9483687143841,113.77834281716117,209.30913123895454,6.786704050908129,10.969481393979892,True,TRACKING,LEFT + UP + FORWARD,LEFT + FORWARD,-0.6444426786963714,-0.6408290183318531,True,False,True,hard
142,True,0.7521475848472046,4,112.15126484895215,225.69626520279206,47.76193263019859,True,107.5299022426682,219.58191169893297,110.65412252991469,214.44552146894375,7.664353274015595,11.349919369236941,True,TRACKING,LEFT + UP + FORWARD,LEFT + FORWARD,-0.6542058670940166,-0.6495272973470245,True,False,True,hard
143,True,0.7743705162470108,4,109.52188783669615,231.18413636690178,47.817629660370805,True,105.02901917061537,226.02750162594072,107.84157085026503,220.23651154744223,6.839353090924398,11.075827479810963,True,TRACKING,LEFT + FORWARD,LEFT + FORWARD,-0.6629950910929218,-0.6577441005103245,True,True,True,hard
144,True,0.7657720949838415,4,107.04853217838203,236.67049090883515,47.865949922346125,True,102.49743252551818,231.15038512117226,105.1695016878916,225.69344833430725,7.15430471515484,11.136705943284614,True,TRACKING,LEFT + FORWARD,LEFT + FORWARD,-0.6713453072253388,-0.6654733369425562,True,True,True,hard
145,True,0.7684521299029945,4,104.73303130122254,242.14471750215057,47.90687222126065,True,100.12520675342508,236.430265580626,102.64735422065834,231.06185695746663,7.340777058779308,11.277404255293094,True,TRACKING,LEFT + FORWARD,LEFT + FORWARD,-0.6792270180604427,-0.6727092771836796,True,True,True,hard
146,True,0.7705791614079371,4,102.57710161923438,247.5962282774428,47.94037860724158,True,98.37783359692374,242.14171860948304,100.51259390879105,236.60178778347483,6.883714668772041,11.186595275680741,True,TRACKING,LEFT + FORWARD,LEFT + FORWARD,-0.685898144035028,-0.6794465574398926,True,True,True,hard
147,True,0.7764805176536784,4,100.58234126090954,253.01447930066672,47.96645438328061,True,96.26830925033963,247.33666790169198,98.39045157956534,241.9692278425834,7.1308074206606795,11.260637643911426,True,TRACKING,LEFT + FORWARD,LEFT + FORWARD,-0.6925298388138583,-0.6856801835596577,True,True,True,hard
148,True,0.7752145168096779,4,98.75022888456886,258.38899096648277,47.98508811168059,True,94.40287324292525,252.76648708898384,96.3966624112453,247.36785746578363,7.1071830514924095,11.269634367830461,True,TRACKING,LEFT + FORWARD,LEFT + FORWARD,-0.6987604299648584,-0.6914055347357223,True,True,True,hard
149,True,0.7826209223847019,4,97.08212258227508,263.7093682671828,47.996271619072374,True,93.16127351841637,258.22571551142977,94.77896796483083,252.7967864886067,6.741179787488215,11.152979972454274,True,TRACKING,LEFT + FORWARD,LEFT + FORWARD,-0.7038157251099036,-0.6966183669303904,True,True,True,hard
150,True,0.757227776276682,4,95.5792588731187,268.9653208979934,48.0,True,91.36910628460181,263.8613189754821,93.07403712471631,258.3290527320444,6.616360060002378,10.927320646281478,True,TRACKING,LEFT + FORWARD,LEFT + DOWN + FORWARD,-0.7091436339852615,-0.701314816021504,True,False,True,hard
151,True,0.790707467714767,4,94.24275178662168,274.1466831598691,47.996271619072374,True,90.25599563953489,269.22368580426354,91.6650163821256,263.776369268154,6.334834452425231,10.685884616085467,True,TRACKING,LEFT + FORWARD,LEFT + DOWN + FORWARD,-0.7135468238058575,-0.7054914006668073,True,False,True,hard
152,True,0.7749683944374209,4,93.0735920369398,279.2434336212829,47.98508811168059,True,88.90407740579306,273.6304058858079,90.28454689395933,268.70338757698096,6.992205132757392,10.902813555481371,True,TRACKING,LEFT + DOWN + FORWARD,LEFT + DOWN + FORWARD,-0.7178607909563771,-0.7091450248845631,True,True,True,hard
153,True,0.779091037005769,4,92.07264628847457,284.2457145009836,47.96645438328061,True,87.30993071593534,279.09240954580446,88.79723880494734,273.8978985613927,7.017122742690301,10.85382830630728,True,TRACKING,LEFT + DOWN + FORWARD,LEFT + DOWN + FORWARD,-0.7225086287345396,-0.7122729803485169,True,True,True,hard
154,True,0.7817158931082981,4,91.24065651344011,289.14385073423347,47.94037860724158,True,86.82172539638727,283.81740117152754,87.80948210066731,278.8576498664601,6.920839339365433,10.843379830248866,True,TRACKING,LEFT + DOWN + FORWARD,LEFT + DOWN + FORWARD,-0.7255953684354146,-0.7148729483954996,True,True,True,hard
155,True,0.7801488137020918,4,90.57823944186038,293.9283686856464,47.90687222126065,True,86.31364793180633,288.7106981878392,87.06156501623681,283.7841740271497,6.7387555358027456,10.73646516714453,True,TRACKING,LEFT + DOWN + FORWARD,LEFT + DOWN + FORWARD,-0.72793260932426,-0.7169430017441863,True,True,True,hard
156,True,0.7746379867847603,4,90.08588610440515,298.5900144724368,47.865949922346125,True,85.73078469580278,293.19424082150255,86.3961748560198,288.4892074243261,6.934066741193553,10.753616699493449,True,TRACKING,LEFT + DOWN + FORWARD,LEFT + DOWN + FORWARD,-0.7300119535749381,-0.7184816059237339,True,True,True,hard
157,True,0.7769662921348315,4,89.76396146840304,303.11977186263823,47.817629660370805,True,85.74307032960256,297.847470169272,86.06962259281119,293.16833879679905,6.630590523924433,10.615044031542531,True,TRACKING,LEFT + DOWN + FORWARD,LEFT + DOWN + FORWARD,-0.731032429397465,-0.7194876204112405,True,True,True,hard
158,True,0.7770298695835086,4,89.6127041673018,307.50887971367365,47.76193263019859,True,85.29023438699966,302.5860289374251,85.67992848990542,297.8771838671121,6.551198727472407,10.403667113541838,True,TRACKING,LEFT + DOWN + FORWARD,LEFT + DOWN + FORWARD,-0.7322502234690456,-0.7199602994771819,True,True,True,hard
159,True,0.7835978092964472,4,89.63222632377608,311.74884891754965,47.6988832623877,True,85.53120131952717,306.77067106509054,85.60556490471629,302.3239274661013,6.449857426035803,10.249055885773883,True,TRACKING,LEFT + DOWN + FORWARD,LEFT + DOWN + FORWARD,-0.7324826096727616,-0.7198992927381997,True,True,True,hard
160,True,0.7779963467753267,4,89.82251346661442,315.8314788199003,47.6285092124747,True,85.80547084372978,310.66611218926164,85.70551787422303,306.49501982768146,6.543519226149458,10.203877656124394,True,TRACKING,LEFT + DOWN + FORWARD,LEFT + DOWN + FORWARD,-0.732170256643053,-0.7193046454168299,True,True,True,hard
161,True,0.762452644871615,4,90.18342454144613,319.74887308112443,47.550841348843726,True,85.89512509024703,314.2636469221835,85.80032148223503,310.37933337493246,6.962558308401029,10.344073991110736,True,TRACKING,LEFT + DOWN + FORWARD,LEFT + DOWN + FORWARD,-0.7318739953680156,-0.7181767983079809,True,True,True,hard
162,True,0.7626595595455183,4,90.71469201530071,323.49345494893794,47.46591373918673,True,86.11272156862745,318.3762823529412,85.95652152543124,314.3778078639368,6.882120848203279,10.28276267298599,True,TRACKING,LEFT + DOWN + FORWARD,LEFT + DOWN + FORWARD,-0.7313858702330274,-0.7165165874521853,True,True,True,hard
163,True,0.7709182955983688,4,91.41592207492269,327.05798191280195,47.37376363556019,True,87.4636855862584,322.0064413741598,86.71010355584482,318.1921246190483,6.413909500131284,10.037337968191627,True,TRACKING,LEFT + DOWN + FORWARD,LEFT + DOWN + FORWARD,-0.729030926387985,-0.7143252435158666,True,True,True,hard
164,True,0.7577203818079731,4,92.28659491869368,330.4355597118854,47.27443145804514,True,88.19572300781373,325.0819651387175,87.45291328182927,321.6370448788829,6.737670802664602,10.038841638014093,True,TRACKING,LEFT + DOWN + FORWARD,LEFT + DOWN + FORWARD,-0.7267096459942836,-0.7116043908790822,True,True,True,hard
165,True,0.7414181204276871,4,93.32606514194654,333.6196556694654,47.16796077701761,True,88.80861197511665,327.8471682218766,88.13076262847295,324.74210655037973,7.3300064424986395,10.286012180057114,True,TRACKING,LEFT + DOWN + FORWARD,LEFT + DOWN + FORWARD,-0.724591366786022,-0.708356046431417,True,True,True,hard
166,True,0.750946571308372,4,94.5335622153852,336.6041113279775,47.05439829403718,True,90.5323587489649,331.4452194407287,89.33156068871892,328.0936629955542,6.528690120078852,9.974394753682262,True,TRACKING,LEFT + DOWN + FORWARD,LEFT + DOWN + FORWARD,-0.7208388728477534,-0.7045826180769212,True,True,True,hard
167,True,0.7765084944346807,4,95.90819105625559,339.383154360278,46.93379382136216,True,91.61816016479979,334.0069524913094,90.47486042675936,331.0503077434318,6.8780747004919,9.947734137445934,True,TRACKING,LEFT + DOWN + FORWARD,LEFT + DOWN + FORWARD,-0.717266061166377,-0.7002869029492013,True,True,True,hard
168,True,0.7636096845194424,4,97.44893269184516,341.95140973407774,46.806200260100276,True,93.21890987800079,336.23884953430405,91.84688515238008,333.6445786388679,7.108195062157642,10.019300348765448,True,TRACKING,LEFT + DOWN + FORWARD,LEFT + DOWN + FORWARD,-0.7129784838988122,-0.6954720853379839,True,True,True,hard
169,True,0.763269483842667,5,99.15464501481733,344.30391010795717,46.67167357700451,True,94.86144085810523,338.98266784394514,93.35416300524265,336.3136232414065,6.8371939539198365,9.873716410408571,True,TRACKING,LEFT + DOWN + FORWARD,LEFT + DOWN + FORWARD,-0.7082682406086167,-0.6901417343286959,True,True,True,hard
170,True,0.7635431918008785,5,101.02406362982325,346.4361054388537,46.53027277992422,True,96.700706991359,341.3335624509034,95.02743499830083,338.82359284615495,6.687851491116834,9.690712198718492,True,TRACKING,LEFT + DOWN + FORWARD,LEFT + DOWN + FORWARD,-0.7030392656303099,-0.6842998011568023,True,True,True,hard
171,True,0.7428863271559901,5,103.05580279076139,348.3438717824396,46.38205989192233,True,98.3761449421238,342.99573896997146,96.70178997021232,340.9096659080632,7.106456371505673,9.77961634760355,True,TRACKING,LEFT + DOWN + FORWARD,LEFT + DOWN + FORWARD,-0.6978069063430865,-0.6779506162788707,True,True,True,hard
172,True,0.7395117672854846,5,105.24835642799111,350.02351926936853,46.22709992407002,True,100.86633579796751,344.6200411897768,98.7840628840899,342.76485354892,6.95698786534665,9.71984151429116,True,TRACKING,LEFT + DOWN + FORWARD,LEFT + DOWN + FORWARD,-0.6912998034872191,-0.6710988861625278,True,True,True,hard
173,True,0.7316433566433567,5,107.60009926473867,351.4717992419652,46.065460846930655,True,102.82515055629274,346.0605967813276,100.80460672019132,344.4127251651238,7.216733834519582,9.798430779738814,True,TRACKING,LEFT + DOWN + FORWARD,LEFT + DOWN + FORWARD,-0.6849856039994021,-0.6637496897976917,True,True,True,hard
174,True,0.7667876588021778,5,110.10928802186808,352.68591053755404,45.89721356074568,True,106.20824075944253,347.2931057698781,103.50642373981692,345.8529154675009,6.655863054927316,9.501980759534158,True,TRACKING,LEFT + DOWN + FORWARD,LEFT + DOWN + FORWARD,-0.6765424258130721,-0.6559084749316623,True,True,True,hard
175,True,0.7507938908211099,5,112.77406271012381,353.6635049062732,45.722431864335455,True,108.39657131054425,348.14410134600155,105.95149752518059,346.9985084067512,7.044589882635647,9.537797127295152,True,TRACKING,LEFT + DOWN + FORWARD,LEFT + DOWN + FORWARD,-0.6689015702338107,-0.6475810540308631,True,True,True,hard
176,True,0.7468603419579362,5,115.59244800888663,354.402691552897,45.541192422728614,True,111.48516941819817,348.8595507562385,108.71833347168938,347.9290295814949,6.8989961090805005,9.44254997288787,True,TRACKING,LEFT + DOWN + FORWARD,LEFT + DOWN + FORWARD,-0.6602552079009707,-0.6387735999722293,True,True,True,hard
177,True,0.7429091460640073,5,118.56235473042236,354.90204079388093,45.35357473353426,True,114.37501307941822,349.49865717972864,111.5466732755538,348.71384338061176,6.83596259380663,9.354868972988225,True,TRACKING,LEFT + DOWN + FORWARD,LEFT + DOWN + FORWARD,-0.6514166460138944,-0.6294926414674301,True,True,True,hard
178,True,0.7403323262839879,5,121.68158136853663,355.16058682255584,45.15966109207169,True,117.95043396423716,349.9568475722402,114.74855361989549,349.33534547642597,6.4031525936749665,9.055402282841385,True,TRACKING,LEFT + DOWN + FORWARD,LEFT + DOWN + FORWARD,-0.6414107699378266,-0.619745058223323,True,True,True,hard
179,True,0.7645849802371542,5,124.94781573048681,355.17782957712495,44.959536555272976,True,121.00049455984173,350.139359898262,117.8745240898686,349.737352687344,6.400587561235625,8.923577949537949,True,TRACKING,LEFT + DOWN + FORWARD,LEFT + DOWN + FORWARD,-0.6316421122191607,-0.6095380758422287,True,True,True,hard
180,True,0.7548008252658308,4,128.35863665094536,354.9537357078483,44.7532889043741,True,124.10866831914358,349.66289470848153,120.9915962045061,349.7001236979128,6.786400319897016,9.048410031072352,True,TRACKING,LEFT + DOWN + FORWARD,LEFT + DOWN + FORWARD,-0.6219012618609184,-0.5988792604657958,True,True,True,hard
181,True,0.7477834072197593,5,131.91151578673882,354.4887386415455,44.54100860641133,True,128.15830618892508,349.08454578356856,124.57495119671559,349.3923347407407,6.579656733548521,8.933001326750231,True,TRACKING,LEFT + DOWN + FORWARD,LEFT + DOWN + FORWARD,-0.6107032775102639,-0.5877765131664412,True,True,True,hard
182,True,0.7425773847125711,5,135.6038194910355,353.7837377432917,44.322788774539276,True,132.00199949103865,348.6196604500672,128.2884753438771,349.005997595404,6.29609415453532,8.737337175141084,True,TRACKING,LEFT + DOWN + FORWARD,LEFT + DOWN + FORWARD,-0.599098514550384,-0.576238064090514,True,True,True,hard
183,True,0.738366571699905,5,139.4328107655931,352.8400965769281,44.098725127188416,True,135.66406479038403,347.8797273526825,131.97627006713057,348.44286247404324,6.229663639916479,8.656538970246807,True,TRACKING,LEFT + DOWN + FORWARD,LEFT + DOWN + FORWARD,-0.587574156040217,-0.5642724663575216,True,True,True,hard
184,True,0.7458975634012929,5,143.39565128961524,351.65964026775134,43.868915946079866,True,139.09934983460704,346.0180221284362,135.5378099508688,347.2304423012397,7.0912665598012365,9.020169905908848,True,TRACKING,LEFT + DOWN + FORWARD,LEFT + DOWN + FORWARD,-0.576444343903535,-0.5518885897199524,True,True,True,hard
185,True,0.7482216708023159,5,147.489403523718,350.2446519724825,43.633462033115705,True,143.24873365086563,345.3234671505254,139.3932718008672,346.27695472588255,6.4962559234053,9.016095070174654,True,TRACKING,LEFT + DOWN + FORWARD,LEFT + DOWN + FORWARD,-0.56439602562229,-0.5390956139883812,True,True,True,hard
186,True,0.7436363636363637,5,151.71103288744177,348.5978684633442,43.392466666164,True,147.7951349296845,343.5239072595971,143.59420336527586,344.9004309927398,6.40931658702379,8.919302962728276,True,TRACKING,LEFT + DOWN + FORWARD,LEFT + DOWN + FORWARD,-0.551268114483513,-0.5259030222267445,True,True,True,hard
187,True,0.7448253022023514,5,156.05741000869932,346.72247483478475,43.146035553757656,True,152.1290003800836,342.1078677309008,147.86160187267973,343.5041493618203,6.060280598571066,8.80504911129841,True,TRACKING,LEFT + DOWN + FORWARD,LEFT + DOWN + FORWARD,-0.5379324941478758,-0.5123205937228146,True,True,True,hard
188,True,0.7598826169514932,5,160.52531304348923,344.6220983430905,42.89427678872721,True,156.6832211650035,339.7467316469405,152.2724115188416,341.6254405043804,6.2073239342453315,8.78011057890696,True,TRACKING,LEFT + DOWN + FORWARD,LEFT + DOWN + FORWARD,-0.52414871400362,-0.49835839673909615,True,True,True,hard
189,True,0.7574814046012801,5,165.11143006415438,342.30080139079746,42.63730080078771,True,161.5337940728593,337.5665143883487,156.90310279585046,339.59597744636454,5.9340502784999245,8.642494380325585,True,TRACKING,LEFT + DOWN + FORWARD,LEFT + DOWN + FORWARD,-0.5096778037629673,-0.4840267810495176,True,True,True,hard
190,True,0.7545533391153513,5,169.81236151442047,339.76307366947424,42.375220308100594,True,166.30534591194967,335.26831761006287,161.60422435390007,337.4321475282137,5.701051698554301,8.532686114110126,True,TRACKING,LEFT + DOWN + FORWARD,LEFT + DOWN + FORWARD,-0.4949867988940623,-0.469336370267436,True,True,True,hard
191,True,0.7586330291644301,5,174.62462272938762,337.01382347607205,42.108150267831796,True,170.98692810457516,332.2915758896151,166.2955762292376,334.8618617089144,5.96090969996929,8.602555146523013,True,TRACKING,LEFT + DOWN + FORWARD,LEFT + DOWN + FORWARD,-0.4803263242836325,-0.4542980539706637,True,True,True,hard
192,True,0.8070720808237808,5,179.54464651861178,334.0583682196374,41.836207825727726,True,175.28674986613944,329.6942213435479,170.79116304768854,332.27804152623116,6.097168347619796,8.932694778787704,True,TRACKING,LEFT + DOWN + FORWARD,LEFT + DOWN + FORWARD,-0.4662776154759733,-0.4389229796293382,True,True,True,hard
193,True,0.8040499079566373,5,184.5687858103617,330.90242413674804,41.55951226473128,True,179.31115758288675,326.1952685923409,175.05116031528763,329.236655059286,7.056909231213369,9.662296915532695,True,TRACKING,LEFT + DOWN + FORWARD,LEFT + DOWN + FORWARD,-0.45296512401472616,-0.4232225443426197,True,True,True,hard
194,True,0.8226934849147355,5,189.6933163550862,327.55209523556465,41.27818495266038,True,183.07754692910515,323.37734645525785,179.0643536221964,326.3070007572719,7.822846826853945,10.701640483450921,True,TRACKING,LEFT + DOWN + FORWARD,LEFT + DOWN + FORWARD,-0.4404238949306363,-0.4072083863903556,True,True,True,hard
195,True,0.8418106595278657,5,194.91443948609458,324.01386148988144,40.99234928897205,True,186.56926052670732,319.6574914447255,182.81680707445184,322.98224610099874,9.41381813264584,12.1415378053115,True,TRACKING,LEFT + DOWN + FORWARD,LEFT + DOWN + FORWARD,-0.428697477892338,-0.39089237660595444,True,True,True,hard
196,True,0.8168718889179984,5,200.22828493539686,320.2945663060108,40.70213065063535,True,189.7377058208051,315.8852359711438,186.27725644762847,319.4337410360713,11.379562564593018,13.977561161085697,True,TRACKING,LEFT + DOWN + FORWARD,LEFT + DOWN + FORWARD,-0.417883573601161,-0.3742866095768848,True,True,True,hard
197,True,0.8129580768103195,5,205.63091370262322,316.40140328674124,40.40765633713685,True,193.32518216623438,311.90051871063355,189.80121930693144,315.66712987335245,13.103014562043303,15.846715183488508,True,TRACKING,LEFT + DOWN + FORWARD,LEFT + DOWN + FORWARD,-0.40687118966583924,-0.35740339467930243,True,True,True,hard
198,True,0.782608695652174,5,211.11832097489156,312.34190231796896,40.10905551464293,True,196.70245658619228,307.4740928984893,193.25183794656186,311.57061138592087,15.215541877230102,17.88312348286654,True,TRACKING,LEFT + DOWN + FORWARD,LEFT + DOWN + FORWARD,-0.39608800641699415,-0.3402552469534639,True,True,True,hard
199,True,0.8143026471750296,5,216.68643909545793,308.1239150049165,39.80645915934322,True,199.7282536520584,303.77315737051794,196.49004579931014,307.6718843782194,17.507402592218092,20.201451281038093,True,TRACKING,LEFT + DOWN + FORWARD,LEFT + DOWN + FORWARD,-0.38596860687715584,-0.322854877826694,True,True,True,hard
200,True,0.7651376146788991,5,222.33114057895563,303.75559948610066,39.50000000000001,True,202.9567977067977,298.94983619983617,199.7234217530539,303.3108602890278,19.961475959746686,22.612092859008953,True,TRACKING,LEFT + DOWN + FORWARD,LEFT + DOWN + FORWARD,-0.37586430702170653,-0.30521518569076367,True,True,True,hard
201,True,0.7283950617283951,5,228.04824117097928,299.24540465442806,39.189812459729154,True,205.92781736605963,294.3975983108999,202.82561955955677,298.8542292999639,22.64540517751024,25.225654780618445,True,TRACKING,LEFT + DOWN + FORWARD,LEFT + DOWN + FORWARD,-0.3661699388763851,-0.28734924634068976,True,True,True,hard
202,False,0.705837173579109,5,233.83350294975196,294.60205381593204,38.87603259703765,True,208.96805712138294,289.6174370537392,205.89683834046986,294.23583317685154,25.360141965483713,27.939064892154207,True,TRACKING,LEFT + DOWN + FORWARD,LEFT + DOWN + FORWARD,-0.3565723801860317,-0.2692703032820251,True,True,True,hard
203,False,0.6455424274973147,5,239.682637467576,289.83452781775895,38.558798046143764,True,211.97889563457645,284.8450419196299,208.93786698752314,289.54043754824073,28.149463246696516,30.746177013699693,True,TRACKING,LEFT + DOWN + FORWARD,LEFT + DOWN + FORWARD,-0.3470691656639902,-0.250991757913825,True,True,True,hard
204,False,0.4377880184331797,5,245.59130892973374,284.9520476780363,38.23824795660623,True,215.2375,279.275,212.08768349376157,284.4077187741203,30.88013255932495,33.50804696352146,True,TRACKING,LEFT + DOWN + FORWARD,LEFT + DOWN + FORWARD,-0.3372259890819951,-0.23252715959458206,True,True,True,hard
205,False,0.05157593123209169,5,251.55513740848812,279.9640567512206,37.914522932288605,False,,,212.08768349376157,284.4077187741203,,39.71682327030732,False,COASTING,LEFT + DOWN + FORWARD,LEFT + DOWN + FORWARD,-0.3372259890819951,-0.2138901955984746,True,True,True,hard
206,False,0.0,4,257.56970208979635,274.88020246341375,37.58776496968576,False,,,212.08768349376157,284.4077187741203,,46.469211125441255,False,COASTING,LEFT + DOWN + FORWARD,LEFT + DOWN + FORWARD,-0.3372259890819951,-0.1950946809693864,True,True,True,hard
207,False,0.0,4,263.63054455033205,269.7103176529822,37.25811739563954,False,,,212.08768349376157,284.4077187741203,,53.59738916787422,False,COASTING,LEFT + DOWN + FORWARD,LEFT + DOWN + FORWARD,-0.3372259890819951,-0.17615454828021235,True,True,True,hard
208,False,0.0,4,269.73317206238636,264.46440155256226,36.92572480447086,False,,,212.08768349376157,284.4077187741203,,60.99785450419666,False,COASTING,LEFT + DOWN + FORWARD,LEFT + DOWN + FORWARD,-0.3372259890819951,-0.15708383730504263,True,True,True,hard
209,False,0.0,4,275.8730609241957,259.1526004492385,36.59073299455592,False,,,212.08768349376157,284.4077187741203,,68.60317321776537,False,COASTING,LEFT + DOWN + FORWARD,LEFT + FORWARD,-0.3372259890819951,-0.13789668461188836,True,False,True,hard
210,False,0.0,4,282.045659813234,253.78518806029854,36.2532889043741,False,,,212.08768349376157,284.4077187741203,,76.36660158757115,False,COASTING,LEFT + DOWN + FORWARD,LEFT + FORWARD,-0.3372259890819951,-0.11860731308364372,True,False,True,hard
211,False,0.0,4,288.24639315997473,248.3725456625211,35.91354054805601,False,,,212.08768349376157,284.4077187741203,,84.25368098312069,False,COASTING,LEFT + DOWN + FORWARD,FORWARD,-0.3372259890819951,-0.09923002137507897,False,False,True,hard
212,False,0.0,4,294.4706645396287,242.92514201343175,35.57163695045952,False,,,212.08768349376157,284.4077187741203,,92.23751807540204,False,COASTING,LEFT + DOWN + FORWARD,FORWARD,-0.3372259890819951,-0.0797791733136604,False,False,True,hard
213,False,0.0,4,300.71386007934314,237.4535131033567,35.22772808180254,False,,,212.08768349376157,284.4077187741203,,100.29604481908076,False,COASTING,LEFT + DOWN + FORWARD,FORWARD,-0.3372259890819951,-0.0602691872520527,False,False,True,hard
214,False,0.0,4,306.9713518783304,231.96824177744233,34.881964791881146,False,,,212.08768349376157,284.4077187741203,,108.41037438270354,False,COASTING,LEFT + DOWN + FORWARD,FORWARD,-0.3372259890819951,-0.04071452538021756,False,False,True,hard
215,False,0.0,4,313.2385014383982,226.47993726704965,34.53449874390192,False,,,,,,,False,SEARCHING,SEARCH (rotate to find target),FORWARD,0.0,-0.021129683005005617,True,True,False,hard
216,False,0.0,4,319.5106631023348,220.99921467011418,34.18548234795732,False,,,,,,,False,SEARCHING,SEARCH (rotate to find target),FORWARD,0.0,-0.0015291778052038297,True,True,False,hard
217,False,0.0,4,325.7831874976001,215.53667442016013,33.83506869417373,False,,,,,,,False,SEARCHING,SEARCH (rotate to find target),UP + FORWARD,0.0,0.018072460930000388,True,False,False,hard
218,False,0.0,4,332.0514249827721,210.1028817836785,33.48341148556099,False,,,,,,,False,SEARCHING,SEARCH (rotate to find target),UP + FORWARD,0.0,0.03766070307116287,True,False,False,hard
219,False,0.0,4,338.31072909419106,204.7083464255189,33.13066497059318,False,,,,,,,False,SEARCHING,SEARCH (rotate to find target),UP + FORWARD,0.0,0.057221028419347064,True,False,False,hard
220,False,0.34195402298850575,5,344.5564599902503,199.3635020818263,32.77698387555012,True,356.1651445966514,176.69025875190258,356.1651445966514,176.69025875190258,25.472289284413066,25.472289284413066,True,TRACKING,RIGHT + UP + FORWARD,UP + FORWARD,0.11301607686453555,0.07673893746953216,False,True,True,hard
221,True,0.48370927318295737,5,350.7839878907759,194.07868637983157,32.42252333664937,True,359.3573381950775,175.52385293223944,357.76124139586443,176.10705584207102,20.439769561033504,19.278526153729636,True,TRACKING,RIGHT + UP + FORWARD,UP + FORWARD,0.11800387936207635,0.0961999621586747,False,True,True,hard
222,True,0.5954198473282443,5,356.9886965089487,188.86412084353128,32.067438831998324,True,363.8048323974817,174.74817083546026,360.783036896673,175.42761333876564,15.675450650023038,13.961975250785239,True,TRACKING,RIGHT + UP + FORWARD,RIGHT + UP + FORWARD,0.1274469903021032,0.11558967659046467,True,True,True,hard
223,True,0.6794003868471954,5,363.1659864732268,183.7298911239226,31.711886113396396,True,367.1432608428554,172.77269934881434,363.9631488697642,174.10015634379,11.656704637581115,9.662673533869867,True,TRACKING,RIGHT + UP + FORWARD,RIGHT + UP + FORWARD,0.13738484021801317,0.1348937077288337,True,True,True,hard
224,True,0.6986301369863014,5,369.31127873672466,178.68592749203816,31.356021138017066,True,370.6712342369179,170.67431238208718,367.31719155334105,172.38723436293859,8.126220254983288,6.606808520723224,True,TRACKING,RIGHT + UP + FORWARD,RIGHT + UP + FORWARD,0.14786622360419077,0.15409774605226456,True,True,True,hard
225,True,0.7000353731871242,5,375.4200179715298,173.74198563250468,31.000000000000004,True,374.63408259278617,168.142097926468,370.9756370730636,170.2646661447033,5.654771148311969,5.643072956368217,True,TRACKING,RIGHT + UP + FORWARD,RIGHT + UP + FORWARD,0.1592988658533237,0.17318755616103054,True,True,True,hard
226,True,0.7345132743362832,5,381.48767594543557,168.90762777477326,30.643978861982944,True,379.0876771558972,165.4001921691088,375.03165711448037,167.83242915690607,4.249952790051716,6.5449393590400575,True,TRACKING,RIGHT + UP + FORWARD,RIGHT + UP + FORWARD,0.17197392848275114,0.19214898732948615,True,True,True,hard
227,True,0.714425587467363,5,387.5097548785891,164.19220419851953,30.288113886603607,True,385.3640382034888,161.1970952719236,380.1978476589846,164.51476221441482,3.6843964949470576,7.319018435673107,True,TRACKING,RIGHT + UP + FORWARD,RIGHT + UP + FORWARD,0.18811827393432684,0.2109679839955909,True,True,True,hard
228,True,0.7279029462738301,5,393.48179077756595,159.60483514898084,29.932561168001683,True,391.0860932608337,156.71494480144997,385.64197045990915,160.6148535079324,3.753775807427649,7.904613823493441,True,TRACKING,RIGHT + UP + FORWARD,RIGHT + UP + FORWARD,0.20513115768721607,0.2296305961798936,True,True,True,hard
229,True,0.7162115451088835,5,399.3993567443995,155.15439319720986,29.577476663350637,True,397.33800701051575,152.27023869137037,391.4899887352125,156.4425460996514,3.5450683969335146,8.013578489340414,True,TRACKING,RIGHT + UP + FORWARD,RIGHT + UP + FORWARD,0.223406214797539,0.2481229898262484,True,True,True,hard
230,True,0.6899412374697546,5,405.2580662581131,150.84948607936343,29.223016124449885,True,402.80699470623966,148.00945934218518,397.14849172072604,152.2260027209183,3.7514668624806755,8.225569721418333,True,TRACKING,RIGHT + UP + FORWARD,RIGHT + UP + FORWARD,0.24108903662726888,0.2664314570566034,True,True,True,hard
231,True,0.716709701217263,5,411.0535764263207,146.69844004821732,28.869335029406827,True,408.63475935828876,143.69188948306595,402.8916255395074,147.95894610199213,3.858759167065851,8.25871163017305,True,TRACKING,RIGHT + UP + FORWARD,RIGHT + UP + FORWARD,0.25903632981096064,0.28454242633225224,True,True,True,hard
232,True,0.6988615497612927,5,416.78159120448845,142.7092837691037,28.516588514439007,True,414.518781264211,139.75034106412005,408.7052034018592,143.8546435830561,3.7250034573399384,8.157198602576479,True,TRACKING,RIGHT + UP + FORWARD,RIGHT + UP + FORWARD,0.27720376063081,0.3024424725140264,True,True,True,hard
233,True,0.6766114180478822,5,422.43786458046895,138.88973279142468,28.164931305826276,True,420.2721011416171,136.0183979620719,414.48865227173815,139.936520772564,3.5965393054048143,8.01783894866535,True,TRACKING,RIGHT + UP + FORWARD,RIGHT + UP + FORWARD,0.29527703834918173,0.32011832681396546,True,True,True,hard
234,True,0.6964355660007834,5,428.01820372194663,135.2471746257712,27.81451765204269,True,425.8653395784543,132.13739266198283,420.1769959250962,136.03695671727343,3.7822702022248986,7.880881642649224,True,TRACKING,RIGHT + UP + FORWARD,RIGHT + UP + FORWARD,0.31305311226592564,0.33755688663108324,True,True,True,hard
235,True,0.6825831702544032,5,433.5184720844637,131.78865445551384,27.46550125609809,True,431.24236090375234,128.87817258883248,425.7096784144243,132.45756465305294,3.6948053809693855,7.8373911114362524,True,TRACKING,RIGHT + UP + FORWARD,RIGHT + UP + FORWARD,0.3303427450450759,0.35474522526394914,True,True,True,hard
236,True,0.663124754033845,5,438.9345924777218,128.5208615104955,27.118035208118854,True,436.3558098773069,125.75915042787916,431.0327441458656,129.10835754046605,3.778513967692674,7.923658160527258,True,TRACKING,RIGHT + UP + FORWARD,RIGHT + UP + FORWARD,0.34697732545583,0.37167060149288067,True,True,True,hard
237,True,0.6936634494334872,5,444.2625500878851,125.4501161291885,26.772271918197468,True,442.0903741067675,122.65405632618746,436.5615591263165,125.88120693332675,3.54066362634214,7.713047456846941,True,TRACKING,RIGHT + UP + FORWARD,RIGHT + UP + FORWARD,0.3642548722697391,0.38832046902464085,True,True,True,hard
238,True,0.682998324958124,5,449.4983954536458,122.58235753433411,26.428363049540486,True,447.4574411420049,120.13465430915095,442.0095001341607,123.00793062123884,3.1869649481564273,7.500977640181538,True,TRACKING,RIGHT + UP + FORWARD,RIGHT + UP + FORWARD,0.3812796879192522,0.4046824857926431,True,True,True,hard
239,True,0.6506329113924051,5,454.6382473938465,119.9231323457096,26.086459451943995,True,452.2965345975843,117.37950107235578,447.15301736587253,120.19371584679732,3.457409272122938,7.49011909135922,True,TRACKING,RIGHT + UP + FORWARD,RIGHT + UP + FORWARD,0.3973531792683517,0.42074452310577026,True,True,True,hard
240,True,0.6832129963898917,5,459.6782958844876,117.47758385224073,25.746711095625898,True,457.7233333333333,114.58402298850574,452.43817534960294,117.38886941765153,3.492072887062154,7.240664031051526,True,TRACKING,RIGHT + UP + FORWARD,RIGHT + UP + FORWARD,0.4138692979675092,0.4364946746390238,True,True,True,hard
241,True,0.6497737556561086,5,464.61480488298776,115.2504420642097,25.40926700544408,True,462.1216757741348,112.2924104432301,457.2799255618689,114.84063993044082,3.86854544035934,7.346318291785269,True,TRACKING,RIGHT + UP + FORWARD,RIGHT + UP + FORWARD,0.4289997673808402,0.45192126525933674,True,True,True,hard
242,True,0.6428571428571429,5,469.4441150976048,113.24601456479648,25.074275195529147,True,467.39766081871346,110.65533625730994,462.3387931902912,112.74798809387538,3.3014525906749124,7.122754366976937,True,TRACKING,RIGHT + UP + FORWARD,RIGHT + UP + FORWARD,0.44480872871966,0.46701285968001505,True,True,True,hard
243,True,0.6715470961444607,5,474.1626466999642,111.46817817865104,24.74188260436047,True,471.91508238276293,108.82724968314321,467.12693778652704,110.78761888850929,3.467859379839645,7.068547295025887,True,TRACKING,RIGHT + UP + FORWARD,RIGHT + UP + FORWARD,0.45977168058289697,0.4817582709373882,True,True,True,hard
244,True,0.6781326781326781,5,478.7669019786802,109.92037147360742,24.41223503031425,True,476.95093576125436,107.74418310571572,472.03893677389067,109.26590099711251,2.8343480935444556,6.759722435238169,True,TRACKING,RIGHT + UP + FORWARD,RIGHT + UP + FORWARD,0.47512167741840833,0.49614656868337564,True,True,True,hard
245,True,0.6451135241855873,5,483.253467932111,108.60558811004432,24.085477067711405,True,481.0596815201391,106.14211160176636,476.5493091470149,107.70400629943944,3.2986990357093515,6.764509943594908,True,TRACKING,RIGHT + UP + FORWARD,RIGHT + UP + FORWARD,0.4892165910844216,0.5101670872878469,True,True,True,hard
246,True,0.6696428571428571,5,487.6190187983166,107.52637105075522,23.76175204339378,True,485.99315537303215,104.92662559890485,481.27123226002357,106.31531594917215,3.06628574860437,6.462278885563847,True,TRACKING,RIGHT + UP + FORWARD,RIGHT + UP + FORWARD,0.5039726008125737,0.5238094337447393,True,True,True,hard
247,True,0.6544117647058824,5,491.86031852035086,106.68480764252556,23.44120195385624,True,489.90311710193765,104.44973322100533,485.58717468098064,105.38252458508873,2.970891290837251,6.4068927563301346,True,TRACKING,RIGHT + UP + FORWARD,RIGHT + UP + FORWARD,0.5174599208780645,0.5370634953760964,True,True,True,hard
248,True,0.6104375329467581,5,495.9742231450574,106.08252557893208,23.12396740296235,True,493.672262552934,103.33424077434967,489.62971861695735,104.3583826797192,3.584981441344952,6.574603139657052,True,TRACKING,RIGHT + UP + FORWARD,RIGHT + UP + FORWARD,0.5300928706779917,0.5499194473283044,True,True,True,hard
249,True,0.6517045454545455,5,499.957683153591,105.72068975217002,22.810187540270846,True,498.1768302002139,103.04202965000763,493.9032744085856,103.70020616486342,3.216622014547031,6.382649855520283,True,TRACKING,RIGHT + UP + FORWARD,RIGHT + UP + FORWARD,0.5434477325268301,0.5623677598549719,True,True,True,hard
250,True,0.650057273768614,5,503.80774572193855,105.6,22.5,True,501.9689671144048,103.39570788945498,497.9361207614952,103.5479570271592,2.8705418436481214,6.219876207649679,True,TRACKING,RIGHT + UP + FORWARD,RIGHT + UP + FORWARD,0.5560503773796726,0.5743992053810579,True,True,True,hard
251,True,0.6281609195402299,5,507.5215569097612,105.72068975217002,22.19354084065679,True,505.7883750802825,103.49213230571611,501.8622479208889,103.52004466643766,2.8231874798143264,6.072118001561667,True,TRACKING,RIGHT + UP + FORWARD,RIGHT + UP + FORWARD,0.5683195247527777,0.5860048653430038,True,True,True,hard
252,True,0.6720597386434349,5,511.09636377593904,106.08252557893206,21.890944485357068,True,509.47076023391816,103.99415204678363,505.6665040774035,103.75709835661064,2.646486517178764,5.9068594119120625,True,TRACKING,RIGHT + UP + FORWARD,RIGHT + UP + FORWARD,0.5802078252418859,0.5971761367998095,True,True,True,hard
253,True,0.6106304079110012,5,514.529516419247,106.68480764252556,21.592343662863154,True,512.5084624977729,104.18083021557099,509.0874832875882,103.96896428609082,3.217850510543277,6.0820662395901675,True,TRACKING,RIGHT + UP + FORWARD,RIGHT + UP + FORWARD,0.5908983852737132,0.6079047388101468,True,True,True,hard
254,True,0.6459510357815442,4,517.8184699426491,107.52637105075513,21.29786934936466,True,516.4606184862464,105.42354348197505,512.7740508869173,104.69625388403293,2.503126916813563,5.784092563851855,True,TRACKING,RIGHT + UP + FORWARD,RIGHT + UP + FORWARD,0.6024189090216165,0.6181827185707786,True,True,True,hard
255,True,0.5958358848744642,5,520.9607863397587,108.60558811004432,21.00765071102796,True,519.1255881288454,106.32971407889974,515.9498195078813,105.51298398146633,2.9236202008772674,5.888462353303487,True,TRACKING,RIGHT + UP + FORWARD,RIGHT + UP + FORWARD,0.6123431859621291,0.6280024573117459,True,True,True,hard
256,True,0.6409574468085106,5,523.9541363020611,109.92037147360745,20.721815047339625,True,522.1307439824946,108.02899343544858,519.0402817451879,106.77098870845745,2.6271791781840754,5.836486820641931,True,TRACKING,RIGHT + UP + FORWARD,RIGHT + UP + FORWARD,0.6220008804537123,0.637356675943941,True,True,True,hard
257,True,0.607687210072896,5,526.7963009455633,111.46817817865107,20.440487735268725,True,525.1609859426151,109.57808588484498,522.1006338439015,108.17453729665121,2.4993407206647014,5.735622005433216,True,TRACKING,RIGHT + UP + FORWARD,RIGHT + UP + FORWARD,0.6315644807621922,0.6462384404548853,True,True,True,hard
258,True,0.6230820547031354,5,529.4851734555889,113.24601456479645,20.16379217427228,True,528.161770244821,111.67231638418079,525.1312020443613,109.923426840416,2.0561911443111955,5.476920324049889,True,TRACKING,RIGHT + UP + FORWARD,RIGHT + UP + FORWARD,0.6410350063886291,0.6546411670487153,True,True,True,hard
259,True,0.639367816091954,5,532.0187606484984,115.25044206420965,19.891849732168208,True,530.5057471264367,113.32580261593341,527.818474585399,111.6246147281747,2.448151736270144,5.548786072881634,True,TRACKING,RIGHT + UP + FORWARD,RIGHT + UP + FORWARD,0.649432733079372,0.6625586270265575,True,True,True,hard
260,True,0.6057553956834533,5,534.3951844491796,117.47758385224078,19.624779691899406,True,532.730438430879,115.53975246486259,530.274456508139,113.58218359651865,2.5547152074851733,5.670497501661827,True,TRACKING,RIGHT + UP + FORWARD,RIGHT + UP + FORWARD,0.6571076765879343,0.6699849514036863,True,True,True,hard
261,True,0.5923520923520924,5,536.6126832832098,119.92313234570955,19.362699199212294,True,535.1128337639965,118.01507321274762,532.6936451360677,115.79862840463313,2.426981300950572,5.689498462844446,True,TRACKING,RIGHT + UP + FORWARD,RIGHT + UP + FORWARD,0.6646676410502117,0.6769146352600306,True,True,True,hard
262,True,0.582378223495702,5,538.6696133826601,122.58235753433405,19.105723211272792,True,537.3057366362451,121.00630160799652,534.9996908861565,118.40246500631483,2.0842533584848324,5.562358553359769,True,TRACKING,RIGHT + UP + FORWARD,RIGHT + UP + FORWARD,0.6718740340192391,0.683342541820813,True,True,True,hard
263,True,0.6228209191759112,5,540.564450004574,125.45011612918844,18.853964446242344,True,539.1741964486401,123.83749157113958,537.0869436673984,121.1199782887272,2.1291695364646603,5.553660418362949,True,TRACKING,RIGHT + UP + FORWARD,RIGHT + UP + FORWARD,0.6783966989606199,0.6892639062642939,True,True,True,hard
264,True,0.5963665086887836,5,542.2957885612143,128.52086151049545,18.60753333383601,True,540.988489546629,126.57975099835565,539.0377166070136,123.84986464354142,2.340286464062742,5.695019279145878,True,TRACKING,RIGHT + UP + FORWARD,RIGHT + UP + FORWARD,0.6844928643969176,0.6946743392537946,True,True,True,hard
265,True,0.5785319652722968,5,543.8623456612445,131.78865445551378,18.36653796688431,True,542.3606676342525,130.00290275761975,540.6991921206331,126.92638370058059,2.3332265263539784,5.800622140405346,True,TRACKING,RIGHT + UP + FORWARD,RIGHT + UP + FORWARD,0.6896849753769786,0.6995698301913891,True,True,True,hard
266,True,0.5751376868607396,5,545.2629600610686,135.2471746257713,18.131084053920144,True,543.981077147016,133.77365356623,542.3401346338246,130.35001863340528,1.9530714575385542,5.703073319860998,True,TRACKING,RIGHT + UP + FORWARD,RIGHT + UP + FORWARD,0.6948129207307019,0.7039467501908394,True,True,True,hard
267,True,0.6042918454935622,5,546.4965935256287,138.88973279142442,17.901274872811584,True,545.1886363636364,137.26868686868687,543.7643854987305,133.80935275104608,2.082916662094491,5.76846791244622,True,TRACKING,RIGHT + UP + FORWARD,RIGHT + UP + FORWARD,0.6992637046835327,0.7078018547675896,True,True,True,hard
268,True,0.5962199312714777,5,547.562331598018,142.70928376910362,17.677211225460727,True,546.2461656441718,141.30138036809817,545.0052755714512,137.55536655957212,1.927299874079412,5.753381451434145,True,TRACKING,RIGHT + UP + FORWARD,RIGHT + UP + FORWARD,0.703141486160785,0.7111322862438062,True,True,True,hard
269,True,0.5638389031705227,5,548.4593842773411,146.69844004821724,17.45899139358867,True,547.0127267803953,144.965881397238,546.0090011759232,141.26062397840508,2.2571170533564504,5.9644128757843,True,TRACKING,RIGHT + UP + FORWARD,RIGHT + UP + FORWARD,0.7062781286747601,0.7139355758666909,True,True,True,hard
270,True,0.5489690721649485,5,549.18708660432,150.84948607936352,17.246711095625894,True,547.6635957565605,149.29480737018426,546.8362984662419,145.27771567429465,2.17670628518921,6.047382104425837,True,TRACKING,RIGHT + UP + FORWARD,RIGHT + UP + FORWARD,0.708863432707006,0.7162096456385001,True,True,True,hard
271,True,0.5429056924384027,5,549.7448991542078,155.1543931972096,17.040463444727038,True,548.3759754738015,153.67809364548495,547.6061369700217,149.47790465988982,2.0133088211199714,6.066038723485661,True,TRACKING,RIGHT + UP + FORWARD,RIGHT + UP + FORWARD,0.7112691780313177,0.7179528098568995,True,True,True,hard
272,True,0.5727788279773157,5,550.1324084366499,159.60483514898075,16.84033890792831,True,548.8445229681979,157.93021201413427,548.2253299691098,153.70405833701204,2.112584110423293,6.201299482045912,True,TRACKING,RIGHT + UP + FORWARD,RIGHT + UP + FORWARD,0.7132041561534681,0.7191637763645311,True,True,True,hard
273,True,0.5650485436893203,5,550.3493272021916,164.19220419851962,16.64642526646574,True,549.1348694316436,162.28663594470046,548.6800997003767,157.99534714085627,2.2596676849501405,6.417737751414231,True,TRACKING,RIGHT + UP + FORWARD,RIGHT + UP + FORWARD,0.7146253115636771,0.7198416475068488,True,True,True,hard
274,True,0.5786948176583493,5,550.3954946552084,168.90762777477318,16.458807577271386,True,549.1988148148148,167.50962962962961,548.9394572575957,162.75248838524294,1.8402286418348273,6.325012712065755,True,TRACKING,RIGHT + UP + FORWARD,RIGHT + UP + FORWARD,0.7154358039299865,0.7199859207975262,True,True,True,hard
275,True,0.548418024928092,5,550.270876573099,173.7419856325044,16.27756813566455,True,549.0794992175273,172.32269170579028,549.0094782375616,167.5375900455166,1.8530448601630343,6.331322955017413,True,TRACKING,RIGHT + UP + FORWARD,RIGHT + UP + FORWARD,0.7156546194923799,0.7195964892909344,True,True,True,hard
276,True,0.51661918328585,5,549.9755653316533,178.68592749203808,16.10278643925432,True,548.7349159248269,176.9706561160567,548.8721970811941,172.25412308078666,2.1169239107535276,6.525758919904613,True,TRACKING,RIGHT + UP + FORWARD,RIGHT + UP + FORWARD,0.7152256158787317,0.7186736416614167,True,True,True,hard
277,True,0.5443298969072164,5,549.5097798365774,183.72989112392253,15.934539153069354,True,547.9773495605139,182.13252197430697,548.424773320854,177.1933225275468,2.213578720339484,6.62600695398727,True,TRACKING,RIGHT + UP + FORWARD,RIGHT + UP + FORWARD,0.7138274166276688,0.7172180619893045,True,True,True,hard
278,True,0.5743756786102063,4,548.8738653612246,188.86412084353117,15.77290007592998,True,547.4655815530688,187.5534079348932,547.9451774369613,182.37336523122,1.9238585221330913,6.556856691999716,True,TRACKING,RIGHT + UP + FORWARD,RIGHT + UP + FORWARD,0.7123286794905042,0.7152308292538269,True,True,True,hard
279,True,0.5329218106995884,5,548.0682932906543,194.07868637983168,15.617940108077665,True,547.1106486298993,192.58203260492542,547.5279130334303,187.4776989180727,1.7768105746572342,6.623069250181284,True,TRACKING,RIGHT + UP + FORWARD,RIGHT + UP + FORWARD,0.7110247282294697,0.7127134165332947,True,True,True,hard
280,True,0.5259336099585062,5,547.0936607722083,199.36350208182603,15.469727220075786,True,546.0293701344656,197.80927105449396,546.778641583948,192.64348498628334,1.8837060938236843,6.727396736729457,True,TRACKING,RIGHT + UP + FORWARD,RIGHT + UP + FORWARD,0.7086832549498375,0.7096676899131509,True,True,True,hard
281,True,0.5313807531380753,5,545.9506902728621,204.7083464255188,15.328326422995493,True,545.0017711654268,203.2288345731491,545.8902063746874,197.9361597797162,1.7576697055357573,6.772456737958947,True,TRACKING,RIGHT + UP + FORWARD,RIGHT + UP + FORWARD,0.7059068949208982,0.706095907102694,True,True,True,hard
282,True,0.5160955347871236,5,544.6402290436813,210.10288178367838,15.193799739899731,True,543.4260869565218,208.6018115942029,544.6581466656046,203.26898568695955,1.9306353155228635,6.833919585561734,True,TRACKING,RIGHT + UP + FORWARD,RIGHT + UP + FORWARD,0.7020567083300143,0.702000715761504,True,True,True,hard
283,True,0.49145299145299143,5,543.1632484917789,215.53667442016024,15.066206178637845,True,541.5338817077948,214.09204857030943,543.0960141866997,208.6805171286345,2.177562849335892,6.8564869472581185,True,TRACKING,RIGHT + UP + FORWARD,RIGHT + UP + FORWARD,0.6971750443334365,0.6973851515368089,True,True,True,hard
284,True,0.5553047404063205,4,541.520843460239,220.99921467011384,14.945601705962826,True,541.0868725868726,222.47007722007723,542.0914433867861,215.57529717435585,1.5335473125453998,5.453848666489119,True,TRACKING,RIGHT + UP + FORWARD,RIGHT + FORWARD,0.6940357605837064,0.6922526358132469,True,False,True,hard
285,True,0.59688995215311,4,539.7142314165411,226.47993726704954,14.83203922298239,True,539.751012145749,227.00539811066125,540.9212277662675,221.29034764250855,0.5267465426656288,5.328102913739216,True,TRACKING,RIGHT + FORWARD,RIGHT + FORWARD,0.690378836769586,0.686606973176691,True,True,True,hard
286,True,0.6204379562043796,4,537.7447515500869,231.96824177744247,14.725568541954855,True,538.3316447146234,231.64640324214793,539.6264362404454,226.46837544232824,0.6693456725640313,5.812853600259723,True,TRACKING,RIGHT + FORWARD,RIGHT + FORWARD,0.6863326132513918,0.6804523485940216,True,True,True,hard
287,True,0.5827250608272506,4,535.613863779498,237.45351310335658,14.626236364439812,True,536.2623358182464,236.2303869364572,537.9443860293459,231.34938118939272,1.3843964768780601,6.533893202380033,True,TRACKING,RIGHT + FORWARD,RIGHT + FORWARD,0.6810762063417058,0.6737933243109314,True,True,True,hard
288,True,0.5506024096385542,3,533.3231476704196,242.9251420134314,14.534086260813273,True,534.4460992907801,240.99858156028367,536.1952426600631,236.1739813748382,2.229945183474937,7.336695413987487,True,TRACKING,RIGHT + FORWARD,RIGHT + FORWARD,0.675610133312697,0.6666348364700614,True,True,True,hard
289,True,0.4982857142857143,6,530.8743012646345,248.372545662521,14.449158651156274,True,529.8524522028263,246.8911055694098,533.0238474314447,241.53254347212402,1.7996778196654006,7.169810226769167,True,TRACKING,RIGHT + FORWARD,RIGHT + FORWARD,0.6656995232232645,0.6589821914519828,True,True,True,hard
290,True,0.4959908361970218,5,528.2691398213537,253.78518806029842,14.371490787525305,True,526.974487662066,252.58427436219154,529.9991675467554,247.05840891715778,1.7658759650238882,6.945685968372777,True,TRACKING,RIGHT + FORWARD,RIGHT + FORWARD,0.6562473985836107,0.6508410619417304,True,True,True,hard
291,True,0.5052754982415005,5,525.5095944716172,259.15260044923843,14.301116737612292,True,524.4926624737946,257.77064989517817,527.245915010275,252.41452940616796,1.7157907862158142,6.958190166589992,True,TRACKING,RIGHT + FORWARD,RIGHT + FORWARD,0.6476434844071093,0.6422174827238039,True,True,True,hard
292,True,0.47769953051643194,5,522.597710786802,264.46440155256215,14.238067369801415,True,521.355614973262,262.5837789661319,524.3007649917686,257.4991541861499,2.25378422272525,7.1704298685899595,True,TRACKING,RIGHT + FORWARD,RIGHT + DOWN + FORWARD,0.6384398905992767,0.6331178462087564,True,False,True,hard
293,True,0.4896551724137931,5,519.5356472622992,269.7103176529819,14.182370339629198,True,518.6292993630573,268.3418259023354,521.4650321774129,262.9204900442427,1.6414128627642266,7.058631957190146,True,TRACKING,RIGHT + FORWARD,RIGHT + DOWN + FORWARD,0.6295782255544153,0.623548897694685,True,False,True,hard
294,True,0.4798154555940023,5,516.3256737174835,274.88020246341364,14.134050077653878,True,515.2533681008257,273.4976097348979,518.3592001391194,268.2090498895703,1.7496862542926062,6.974202920118406,True,TRACKING,RIGHT + DOWN + FORWARD,RIGHT + DOWN + FORWARD,0.6198725004347481,0.6135177303671359,True,True,True,hard
295,True,0.4610917537746806,5,512.9701696131616,279.96405675122054,14.093127778739355,True,511.5852766346593,278.3717421124829,514.9722383868893,273.2903960010266,2.1103067243041336,6.967497914130657,True,TRACKING,RIGHT + DOWN + FORWARD,RIGHT + DOWN + FORWARD,0.6092882449590291,0.60303178004113,True,True,True,hard
296,True,0.45681818181818185,5,509.4716222877468,284.9520476780364,14.059621392758428,True,508.4108108108108,283.3081081081081,511.69152459885004,278.2992520545673,1.95649132356247,7.0133911824802055,True,TRACKING,RIGHT + DOWN + FORWARD,RIGHT + DOWN + FORWARD,0.5990360143714064,0.5920988196492087,True,True,True,hard
297,True,0.4771395076201641,5,505.8326251134664,289.83452781775867,14.033545616719383,True,504.81219403649305,288.7254116599911,508.2518593176716,283.5123318572792,1.5071225014158938,6.7692581497161886,True,TRACKING,RIGHT + DOWN + FORWARD,RIGHT + DOWN + FORWARD,0.5882870603677237,0.5807269534795825,True,True,True,hard
298,True,0.4742857142857143,5,502.0558755739697,294.6020538159319,14.014911888319407,True,500.92092616863255,293.4110965487112,504.58639274315203,288.4617142029952,1.6451411383285373,6.6413317719962235,True,TRACKING,RIGHT + DOWN + FORWARD,RIGHT + DOWN + FORWARD,0.5768324773223501,0.5689246111686552,True,True,True,hard
299,True,0.47851335656213706,5,498.14417326476143,299.2454046544281,14.003728380927626,True,497.0725593667546,298.0030782761653,500.8294760549533,293.2323962395802,1.6406496202812475,6.585371764148462,True,TRACKING,RIGHT + DOWN + FORWARD,RIGHT + DOWN + FORWARD,0.5650921126717291,0.5567005414523795,True,True,True,hard
